0.0,0.0024008556705960513,-0.7806285024180745,-0.0010661532068702681,-2.3545522788007287,-0.0009388526976998741,1.5752953660917655,0.7971010480046566,0.30883903739582047,0.00019510972792057365,0.48672438516356703
0.099959,0.0024025681798127804,-0.7806293992617535,-0.0010643705579593881,-2.3545578963325933,-0.0009364194945348534,1.5752944351703941,0.7970956364468853,0.30883945316051553,0.00019594101649263559,0.48672491560340103
0.200109,0.0024008556705959606,-0.78062919960452,-0.0010679712514043269,-2.3545557903440604,-0.0009334130011713264,1.5752951960318997,0.7971049443262519,0.3088394073037929,0.00019664938548175545,0.4867276485544815
0.300056,0.0024008556705959836,-0.7806273747639721,-0.001062756909423603,-2.35455578752132,-0.0009381751772271692,1.5752918998820653,0.7970972599142166,0.308840755768349,0.0001937319492028475,0.48672566723800026
0.400187,0.002406278582372331,-0.7806291652583389,-0.0010661882778102703,-2.354550725110211,-0.0009370639300638778,1.5752971559842512,0.7971034290900759,0.3088391395000301,0.00019370854212575977,0.4867254438796058
0.499972,0.0024008556705984274,-0.7806311631703516,-0.0010686460409920623,-2.3545560711557223,-0.0009366550701765378,1.5752959732757181,0.7970980175323047,0.30883897330270005,0.00019549790365048803,0.48672382742325854
0.600051,0.002400890741472664,-0.7806291652583389,-0.0010679387783587085,-2.3545599364190024,-0.0009367256740386379,1.5752924355218085,0.7971010480046566,0.30883924270041707,0.0001955863720993041,0.4867238674869995
0.700127,0.002404329348763659,-0.7806328753479244,-0.0010700677223415898,-2.354557856650047,-0.0009391080283585619,1.5752946077798977,0.7970980175323047,0.30883984684473803,0.0001940316501025856,0.48672484534646693
0.799953,0.0024046011520449527,-0.7806263572172907,-0.0010646082725704951,-2.3545578565088277,-0.0009364195037326886,1.5752967286099604,0.797102671471988,0.3088410028869251,0.00019232350224511526,0.48672553831240817
0.900014,0.002400855670007554,-0.7806291652458632,-0.001066150284297189,-2.354557167885882,-0.0009364244603088569,1.5752941310114055,0.7970995327684807,0.3088408015515987,0.00019565912040927073,0.4867260599963823
0.999985,0.0023991428526849343,-0.7806246100515466,-0.0010679748234212478,-2.3545576266075026,-0.0009367226499187242,1.5752956467137205,0.7970980175323047,0.3088400907528424,0.00019664044103141347,0.48672710561362664
1.100137,0.0024025681677802323,-0.7806304544230612,-0.0010646863447525338,-2.35455377811396,-0.0009347426390008905,1.575292388066892,0.7971034288720434,0.3088404860636551,0.00019417656162012061,0.4867280824138672
1.199964,0.0024069884388364217,-0.7806288529321339,-0.0010661541810611966,-2.3545542913411808,-0.0009375373591337801,1.5752960941560388,0.7970987751503926,0.3088396576986711,0.0001950777591596878,0.4867243537484541
1.29999,0.0024008205997217468,-0.7806287090301027,-0.0010689939597102402,-2.354555997623076,-0.0009374146345474206,1.5752942457398227,0.7971010480045819,0.3088392712693019,0.00019467868495953649,0.48672642932939936
1.400015,0.0024008556705959836,-0.7806282732730182,-0.0010725621807198505,-2.3545578566506715,-0.0009375373591384657,1.5752960896823596,0.7970972599142166,0.30883886464944577,0.00019645508489299395,0.48672589968672103
1.500068,0.0024062435074895094,-0.7806288220278559,-0.0010663904164026053,-2.354556073994281,-0.0009360216599056294,1.575294076362613,0.797100289677963,0.3088401714015809,0.00019528164402739972,0.4867242178029364
1.600132,0.002406696781058725,-0.7806287846144286,-0.0010661533552037113,-2.354552224743541,-0.000933577421845943,1.5752920751862063,0.7971034290900759,0.3088403557355838,0.00019548270954627386,0.4867232758392163
1.700094,0.0024019368920629868,-0.7806327628539581,-0.0010681729089643277,-2.354552507767273,-0.000939158884026064,1.575292437713534,0.7970972599142168,0.3088403386378712,0.00019748458769838152,0.4867263121798423
1.800018,0.002402568167785732,-0.78062823909328,-0.0010715011536120054,-2.3545578565107,-0.000938294784692434,1.575296004526004,0.7970987751503926,0.30884047579431284,0.0001968378142913796,0.48672574336903235
1.899999,0.002408374064435484,-0.7806326387751713,-0.001065080755187416,-2.354557709477413,-0.000937484776632317,1.5752915766071245,0.7970965022961287,0.30884028966358623,0.00019677316479255023,0.4867253710215571
2.0002,0.0024025681677857414,-0.7806297541808107,-0.0010643705579568763,-2.3545560399886822,-0.000934904255513356,1.5752923195086803,0.7970980175323047,0.30883945019842346,0.0001947761185580743,0.4867245973320025
2.10005,0.0024008558202824213,-0.7806246432815686,-0.001067935856382635,-2.354557856324071,-0.0009366570096297165,1.5752945608217035,0.7971018056227446,0.3088401184869576,0.00019778721413739482,0.4867252809731687
2.200028,0.002402568175803787,-0.7806297522569223,-0.0010661571036339238,-2.354554291352845,-0.0009367783017482912,1.575295163707639,0.7971018056227446,0.3088384484334273,0.00019615094304496216,0.48672638977578786
2.300004,0.00240627955255996,-0.7806266377556386,-0.0010692306774230701,-2.354554291352845,-0.0009347441154805537,1.5752940776022486,0.7971034290900759,0.30883978875255225,0.00019476042126299534,0.48672513977106413
2.400091,0.0024045660825594006,-0.7806302260386009,-0.0010644088767227118,-2.3545542913497286,-0.0009347271259276702,1.5752966744802621,0.7971002903865686,0.30884087677239386,0.00019373575887731833,0.48672286240821583
2.499992,0.0024046987233955937,-0.7806242142240216,-0.0010697185060382108,-2.3545504424095314,-0.0009342232238181068,1.5752931461767108,0.7971018056227446,0.3088405247949519,0.0001934201942773486,0.48672469526639695
2.600098,0.002400855670595983,-0.7806172167997539,-0.001080378093222108,-2.3545578934192117,-0.0009349524923305604,1.575295695878056,0.797102671471988,0.308841581633796,0.00019522198190649855,0.4867240466923979
2.700137,0.0024069536926925707,-0.7806217161494062,-0.001066153206862019,-2.3545558433281415,-0.0009305256265629007,1.5752920265226138,0.797102671471988,0.3088415719893295,0.00019268084290447344,0.48672277566795336
2.800071,0.0024011274819148625,-0.7806133784036243,-0.0010576640148825633,-2.3545468627042325,-0.0009349568821496683,1.5752963370232365,0.7970987751503926,0.3088471892164334,0.0001965165629665877,0.48671478064314766
2.900067,0.00239914609538516,-0.78044971738405,-0.0010697224055213465,-2.354557779806315,-0.0009374126692295106,1.575297914816277,0.7970980175323047,0.3088674109882443,0.00019597856534707005,0.4866724208732571
3.000046,0.002400958091741898,-0.7804439850472127,-0.0010767767427365819,-2.354552505728225,-0.00093985999692401,1.5752908152162992,0.7971010480046566,0.308870211870063,0.0001932215299883419,0.4866669107618061
3.100054,0.0024063136492322567,-0.780434651590802,-0.0010587295608082237,-2.354547650330642,-0.0009348991649657801,1.5752927796464593,0.7971026714719881,0.3088702810607689,0.00019651350878863226,0.48666296152269856
3.199991,0.002399142848620915,-0.7802951640865102,-0.001094164234303266,-2.354546786975184,-0.0009391038609743165,1.5752949511864127,0.797103429090051,0.30889175843072175,0.00018801456711666192,0.4866211724141778
3.300059,0.0023727497191089715,-0.780281422449509,-0.0011539322810741367,-2.354445579114622,-0.000948468729893981,1.575296726899347,0.7971026714659313,0.30894354232971194,0.00011427668990197323,0.48667020682042866
3.400007,0.0023769975932676803,-0.778113115881925,-0.002242922561934604,-2.354227953117643,-0.0009399184936596138,1.575302627161145,0.7971018056227446,0.30939891969072825,-0.0002693642456556549,0.4858334200109259
3.500018,0.0023905213532499025,-0.7732997548500538,-0.0025546390081125823,-2.354052096688082,-0.0009237143216816024,1.5753098581349214,0.7970972599142166,0.31026170911596257,-0.0002824105225766383,0.4844197221583364
3.599972,0.0023959476647217592,-0.765568859475643,-0.002547584665557209,-2.350978318687139,-0.0008518373539045602,1.5765385165155479,0.7971222231207752,0.31257021405042906,-0.0002663799051356692,0.48381538304807803
3.700134,0.0023942345166855445,-0.7532460941498234,-0.0025523941420529657,-2.342903590020544,-0.0005504348032130744,1.584587776386081,0.7971578539911892,0.3179346061636571,-0.00020779651392093052,0.4848450772635352
3.799953,0.00239598288125692,-0.7367753782027595,-0.0025227205202845424,-2.330141464558513,-0.0005167714109143974,1.6049126853847113,0.7971653788307108,0.32716556059484836,-0.00019174840344181465,0.4876840892268431
3.899999,0.002418322313925345,-0.714776229033373,-0.0024062897550660304,-2.3148625115619663,-0.0004720769308489728,1.6292186220335367,0.7971746790430532,0.33775993127091697,-4.317775764050731e-05,0.48968121873362147
4.000177,0.0027248468343704963,-0.6887729891584882,-0.001264029326277359,-2.3019233586444785,-6.468191010418396e-05,1.6558453586830677,0.7971755062351172,0.3491990204893131,0.0007313835921798343,0.4889901640740693
4.100087,0.00400949640060938,-0.6578959634310624,0.0007701127964204667,-2.289739170721796,0.0008998484541980495,1.6812174654474523,0.7971759631836369,0.3612835899546079,0.002312737262926568,0.4859806238697294
4.200149,0.0066507052758319925,-0.6228750772800979,0.003180624973019802,-2.2776254795580573,0.001500528215218275,1.7081081284762674,0.7971785797442044,0.3741487628752359,0.00452836812157111,0.4814249627280955
4.300174,0.009826792092757166,-0.5858289661486229,0.006619812793543857,-2.2663157282878705,0.0021497506212998143,1.7368489927978474,0.797182678165839,0.38694805289250095,0.007561554224447018,0.47581240878073505
4.400057,0.015888879106397764,-0.5497201384514816,0.00977402572906383,-2.257554458363803,0.0044222293787794815,1.7668047169467365,0.7971969530367639,0.39976895226821124,0.012198226185281333,0.4683052039973298
4.500059,0.025695720864639525,-0.5133084918367345,0.01128518021480636,-2.2525673350600477,0.0059544712539573216,1.8003800663798963,0.7972225514474448,0.4119615021497195,0.017486810353318363,0.4593001817608222
4.600031,0.0374710376487615,-0.47893273694318084,0.01267458879887907,-2.2503729073812058,0.006208190185940053,1.830742952179803,0.7972517751489308,0.42201783369717577,0.0236084063307091,0.44898952947268145
4.700099,0.0517605807501376,-0.44561539103961956,0.013030746358215202,-2.2501028069236253,0.006694904258539698,1.8559230496185408,0.7998113918447151,0.4303339730530789,0.03051275108798707,0.43688755985871086
4.80009,0.06772665950923223,-0.4109370635534077,0.013113509738647581,-2.2497189114380003,0.007305813366177135,1.8785915301841007,0.8012929895768796,0.43794303792199085,0.03829587562870276,0.4241918478223739
4.900032,0.08483238453496654,-0.3762677061305451,0.013124957291703708,-2.249286182559308,0.007927911969071751,1.8988935450768338,0.8029783806707051,0.44418685993596796,0.04669074315772784,0.4111905923199034
5.000185,0.10303213877910143,-0.3423686816961298,0.013090142404235769,-2.249206740539276,0.008730861399767621,1.9205233436165638,0.8071665900610743,0.4503392798585981,0.05565998336969705,0.39773473668356263
5.100082,0.12152393370926531,-0.30784722651664453,0.013082001631435814,-2.2488387953089717,0.009069654078097867,1.9400081508821176,0.8086134870379031,0.45530302976378556,0.06480612696747359,0.38374726241161256
5.200099,0.13906826253704296,-0.2742206967883591,0.013092622724978636,-2.2487670452655815,0.010536203529908571,1.9621169191234875,0.809323358427569,0.4602949072756655,0.07398569154541955,0.37070453750013566
5.30017,0.15565321173069133,-0.24350749694292587,0.013054344553813997,-2.248606844834995,0.01573298603118342,1.986412748424949,0.8124255280531436,0.46506928082398535,0.08324989470025723,0.358840265018868
5.40008,0.17015617749745424,-0.21692990777809923,0.013041218725272594,-2.2486681038013114,0.020088734924178356,2.013160490134986,0.8177112334680201,0.46971970990213624,0.09146265112312116,0.3485905018381115
5.500072,0.18268862274480557,-0.19384625076834375,0.013065575564477181,-2.2488465168449028,0.02096282333204119,2.035180801181078,0.8208790863507565,0.472922375718711,0.09801920052038166,0.33956106162864175
5.60008,0.19436798993284565,-0.17505586187382388,0.01308698057570852,-2.2491975735278324,0.02124343603919794,2.044736308179294,0.8223686375499892,0.473024492891082,0.1038028346118411,0.3310999584387261
5.700018,0.20485526017469857,-0.15983883711350147,0.013076890591339905,-2.249682969695482,0.02163714924416035,2.0447706164238917,0.8236874885408358,0.47170938260249534,0.10860799551506355,0.32370026703996635
5.800078,0.21327097882885132,-0.14576856313290673,0.013099015821673977,-2.2498212243469164,0.02200700565864967,2.0448211049825993,0.8324116085960321,0.470645662171856,0.11237888590592857,0.31709450446657966
5.900024,0.22060226547627476,-0.13291426005038584,0.013105041959727911,-2.249830880201381,0.022034636972843684,2.044837058418229,0.853053917523328,0.46954579300275034,0.11586262541754408,0.31076471218682655
6.000101,0.22871904140881041,-0.1195515388054993,0.013100940099112722,-2.2497639371613256,0.022048324365087114,2.044913147037228,0.8577674901102824,0.46832499262198396,0.11965985322924147,0.3045520225655348
6.100058,0.2365412251110829,-0.10825534389541513,0.013107996268960318,-2.2497639102295457,0.022111709552468918,2.0490299352617507,0.8577789044969257,0.46837918487206787,0.1233399640325184,0.29950165430161846
6.20015,0.24167136821632232,-0.09542815628924459,0.013126093436978908,-2.249732706080319,0.022151718360572305,2.0678495084016077,0.857782503386362,0.47214776881413895,0.12654827111948955,0.2946356026336145
6.300034,0.2445953653181833,-0.08130576893902977,0.013161703698931146,-2.249748217345648,0.02216579525668439,2.0998929757280242,0.8577743587883979,0.4781495042663853,0.12936841163912177,0.28981144129434555
6.400055,0.24700224144323227,-0.06476389519435614,0.013172851847708588,-2.2496558591595024,0.02217692741577916,2.1279221904017196,0.8577781468788133,0.4822894728449874,0.13160974542361004,0.28355644024969506
6.500118,0.24917002377716876,-0.0484899128943252,0.013187322819136734,-2.2496441302553833,0.022185277819950486,2.1448570161211817,0.8577751159219691,0.4846373932852623,0.13323535806046186,0.27655810795625846
6.600007,0.25044641888036906,-0.03238902946067626,0.013190978003236839,-2.249341965883475,0.022210761949410237,2.1582286535029205,0.8577758740066287,0.4863205864062182,0.13418523065787816,0.2697141511053876
6.700043,0.2506355976760378,-0.017832488593506376,0.013202656635342681,-2.249261897161871,0.02227049523545577,2.1678799701114455,0.8577743587883977,0.48724748072577295,0.13447029641055724,0.2633549028160148
6.800006,0.2507055917226149,-0.00853526043895901,0.013224449533183476,-2.249259129016868,0.022288108601836817,2.1737223501141267,0.8577754030742941,0.4878106440091448,0.13467912684460454,0.2595655201808817
6.900087,0.2511330800522563,-0.0031119366062892576,0.013291957100613752,-2.2493070216574007,0.022278160676934455,2.177992646594113,0.8577672616592792,0.4882016168355576,0.1351241464625649,0.257475333194482
7.000029,0.25157049802433196,-0.0009803615074580286,0.013983932432740298,-2.2493332325908253,0.022270953946630725,2.181568896232961,0.8577687245684584,0.4885416123489392,0.13576670915802613,0.2568326687574931
7.100073,0.251845107091381,9.428578358802904e-05,0.014314712169380876,-2.2494353136010785,0.022267815247132658,2.1818121430392177,0.8577687245675724,0.48831287568122095,0.135945743340408,0.25611163815108134
7.200021,0.2518773292912618,0.0036854122587192135,0.014394065651853218,-2.2501728195902615,0.022260414082807826,2.181819460015293,0.8577672093313965,0.4877270694315217,0.13584419862359526,0.2536005726079794
7.300204,0.2518568154249068,0.006939654672987614,0.014382005927107873,-2.2493839528186608,0.022232324294291103,2.184271724398287,0.8577679669515029,0.48841373976871993,0.13597566766075572,0.25310344332572676
7.400084,0.25185442451505763,0.007387555153878386,0.014378465853911298,-2.249352749253049,0.022192774893045608,2.184269392239729,0.8577664517133085,0.48837125268914644,0.1359688927669875,0.25280671798277493
7.500055,0.2518190304924316,0.007909785577524668,0.014335228166453549,-2.249089288293195,0.022163758871322242,2.184278285817652,0.8577719036973012,0.4884443713490494,0.13595638000488247,0.252625198097698
7.600153,0.2517990831958082,0.008748060337757229,0.01431713321873899,-2.248552508988191,0.022127302764563837,2.184257932015405,0.8577641788590445,0.4885920477986031,0.13597120769085216,0.2524661521378548
7.700083,0.25180379047531165,0.009423832259330332,0.014318876418543786,-2.2480138130193734,0.022104289290642745,2.1842554364800675,0.8577695904168158,0.48878525608920265,0.13602012555687118,0.25237092488118273
7.800166,0.2518065694211597,0.010809308656625462,0.014321304658866007,-2.246683045960524,0.022093335875197448,2.1842365890062223,0.8577679669494844,0.4892826339009927,0.13615938651616843,0.25224554658907195
7.90004,0.25179931656067245,0.014188088052197644,0.014319246348671825,-2.2430586143289837,0.022096008435618576,2.1841463496099953,0.8577634212409565,0.49065881126252175,0.13654736388971825,0.2520129818815412
8.000071,0.2517993162307256,0.02224376823038728,0.014316390988215452,-2.2333014156395343,0.02208272721871509,2.18206091069189,0.8577672093313965,0.49358611233823335,0.13734931639886241,0.2518544218223966
8.100017,0.25169219131380405,0.03275953853929238,0.014120751466936171,-2.221564955502945,0.02131333174125131,2.181339603757869,0.8577411559874527,0.49692810164343343,0.13797948452175612,0.2512314650841985
8.200019,0.2516043704601519,0.039366331683044084,0.014024620257586738,-2.213127278773423,0.02132430941584453,2.1729092004445234,0.857737253124881,0.4973990759973808,0.13810199294341424,0.2509947361472087
8.300028,0.2515853254365314,0.04377971546880826,0.014006149316133963,-2.2067276686776567,0.021332521565176572,2.165505557340343,0.8577435753376027,0.498079080588911,0.13828943344719177,0.2508440667477801
8.400141,0.2515503799295364,0.04688143028364511,0.01392357009699965,-2.2017299049160206,0.02132781002992495,2.1593721144153935,0.8577388766001878,0.4983536531116965,0.13828320745821418,0.2509617617163754
8.500071,0.2513335464386548,0.04974072913245256,0.013586876196327658,-2.1969535257980595,0.02136511484112389,2.1534491354484278,0.8577494083658489,0.49879737919661116,0.13817883147406615,0.2510352005891353
8.600035,0.25129374647883773,0.0524046519453073,0.013578954260916501,-2.1929374335135567,0.0213766922662504,2.1485860698689976,0.8577447404402831,0.49913837886906054,0.13826511509977765,0.2510167653961288
8.699994,0.25103812911927026,0.056005323070747,0.013532023608848634,-2.1882288742920566,0.0214038534405032,2.1438198483208737,0.8577481383445016,0.49964889328085815,0.1382724204921629,0.250828223560937
8.800003,0.2508809618978891,0.06060271301571565,0.013495246271635012,-2.1823176682728542,0.02141933194595426,2.1379316941182456,0.8577466754361462,0.5003575984042768,0.13834158642772418,0.250470883007882
8.900079,0.2506250842228064,0.06464608124358379,0.013314068661062122,-2.1767374629364094,0.02143191902059419,2.1314286581937,0.8577536022300936,0.5008417195771877,0.13829931000090298,0.25028742342995614
9.00001,0.2504531580815851,0.07132077468516425,0.013291737774248687,-2.1668167862102803,0.021413783879319685,2.1212775488641458,0.8577474330542344,0.5023183453718003,0.1386256249101853,0.2504647724259326
9.100074,0.24957032628495068,0.08183704386955434,0.013237527588403155,-2.152520820718133,0.021391135002152947,2.117014056545322,0.8577466754361464,0.5064654565684924,0.13913949922444363,0.25043496805370613
9.200007,0.2485135040148955,0.09308548011442407,0.013226062953267224,-2.137638372451225,0.021385646021648688,2.114175685379042,0.8577433787661654,0.5106450592511047,0.13973862693564487,0.25057655898578524
9.300092,0.24801326709498955,0.10385736060535003,0.012586830205619778,-2.1226818608915528,0.021385187037308972,2.109328213760215,0.8577451601820252,0.5145440152055223,0.14007985577332382,0.2509341334729939
9.400039,0.2480088707458889,0.1156116630491908,0.010868296322556628,-2.107647875328448,0.02138093508514463,2.103585315957126,0.8577466754361462,0.5181949368380682,0.14012293080151592,0.25050936743606655
9.500113,0.2480037993413307,0.12680269035979747,0.008510557292329673,-2.091749776413868,0.021365090974891244,2.099759730642576,0.8577479968634973,0.5230292163670195,0.13996156456662423,0.2510059567248287
9.600032,0.2480256807408217,0.13828491420845745,0.005935817915033025,-2.07683940247225,0.021364673527506737,2.0977139410282986,0.8577410516551128,0.5272942208567436,0.1397501878436545,0.2506670928944818
9.699981,0.24802634171845558,0.14781097379168118,0.004736109299518289,-2.063376994948099,0.021361174322025424,2.09235854398518,0.8577505148479595,0.5303748632288826,0.13997955417478752,0.25088879341034276
9.800018,0.2480216057173872,0.15730982031270271,0.003819634377868016,-2.049242376505371,0.021362878577770347,2.0828392137620497,0.8577502185450233,0.5329430758882201,0.14010584577795715,0.25085687594815576
9.900026,0.24802045998000838,0.1667177652498856,0.002775811756471044,-2.035991400791166,0.02135940388488895,2.0747146664042866,0.8577490041877013,0.5353447494510074,0.1401719063375662,0.2507892947284376
10.000061,0.24802817184584142,0.17650216574376132,0.001836373552793824,-2.022076261304746,0.021381604808352633,2.0622436478619286,0.857744402580996,0.5373468034071471,0.14025523464926742,0.25064812768851585
10.100097,0.24802949836368596,0.18796392454113894,0.000834403620224066,-2.005024765868348,0.021355815376217935,2.053767665619226,0.8577487530469894,0.5413218866369337,0.1406156471789937,0.25070605969026855
10.200114,0.24802192327854058,0.19998059153167969,-0.0004996642293469543,-1.9883141643924787,0.021350995593780307,2.0520045380243728,0.8577428391087183,0.5464896927130195,0.14115160044265243,0.25113262588429525
10.300146,0.2480209227217187,0.2124486238085268,-0.0019515289617807305,-1.9706113500953466,0.021351021422801382,2.0510467600970466,0.8577470376905743,0.5519402772759635,0.14158691536573034,0.25126787931109273
10.400077,0.24800240816402633,0.22586548212456936,-0.004195468617130919,-1.9523309851074269,0.021350463400553483,2.0509798323467527,0.8577444640325292,0.5580171579255367,0.14172530152150276,0.2514829150649529
10.500068,0.2479936314824991,0.24097844160979054,-0.006360256452441094,-1.9302932928888057,0.021335930034219942,2.0509242269368344,0.8577438322228335,0.5650576235675574,0.14223357788185725,0.25188338499428353
10.600051,0.24799729170987933,0.2576938394661452,-0.008027418670706422,-1.906508414162867,0.021309877616274727,2.050430298532424,0.8577459753976177,0.5725584398684443,0.1431021798980847,0.2524689661067151
10.700077,0.24799402361177744,0.27689763377926335,-0.009867806537848803,-1.8795913268369122,0.02129238266213491,2.0495653835327117,0.8577430907410526,0.5808124804851402,0.14388961508475973,0.2524447430252074
10.800127,0.24798596326670092,0.2975656070142757,-0.01295726851336757,-1.8494923324485824,0.02125577023763212,2.0480304407810173,0.8577403918283882,0.5898357642171719,0.14397852267385078,0.252914865789296
10.900055,0.24800158869056885,0.31879775852198583,-0.017671396115864234,-1.8183596596461935,0.02123895454188613,2.0433440398849783,0.8577434223007402,0.5986180577649949,0.1430132808867292,0.25312351452617093
11.000099,0.2480080557148119,0.3393940087500027,-0.02369139726781409,-1.7870340907089226,0.02123735648780164,2.0352331349271804,0.8577302853652892,0.606735779560416,0.1410985868814075,0.2536542337911261
11.100097,0.24799410286138396,0.3604787208478251,-0.02951153582478625,-1.7553464863566024,0.021237545782219546,2.0205489074545726,0.8577218948608314,0.6133048117455934,0.13924593286408238,0.25370697558028205
11.20013,0.24799242129779697,0.379306396324825,-0.03331040436823487,-1.7252996556745597,0.021243349656539776,2.002853767364132,0.8577198112353753,0.6182878022082466,0.13839197056580227,0.25340207193158737
11.300078,0.24797841396563927,0.39817468237150594,-0.03490983356224668,-1.6949437746399962,0.021222244569203193,1.9802925488656067,0.8577175126157542,0.6217951355997664,0.1385681360768155,0.25343804269041215
11.400139,0.24799305443399383,0.4143432116033607,-0.035281770342399044,-1.6677145700112472,0.02122448320973934,1.9525520301941484,0.8576969891742285,0.6233286629360794,0.13900604278844572,0.25340120178370673
11.500026,0.2480004901876168,0.42859294861939595,-0.035272322958116116,-1.644102141114527,0.02121898757124992,1.9269438365626042,0.8576769352144805,0.6243628384333433,0.13938750022175936,0.25287406485002595
11.600097,0.24811266431207327,0.4383744840293559,-0.03514478106661163,-1.6274972453716763,0.021255904455529565,1.9139464656078244,0.8576378501418709,0.6265883913478526,0.14019517671311754,0.2533838013817718
11.699977,0.248300227066038,0.4456058478241746,-0.0350116960383598,-1.6149376947029177,0.02125277015759917,1.9129840085741676,0.8566117730156372,0.6295516823472852,0.1410714525676322,0.25390057814961126
11.800042,0.24829896710786337,0.45073644255268713,-0.03502657297502765,-1.6076235769281049,0.02126145653727133,1.9130416268751995,0.8564606705682278,0.6314973814789481,0.1415133294001243,0.2538795140174014
11.900059,0.24821375037550336,0.4547584342800559,-0.035123368583427114,-1.6013312200586824,0.02125593236976195,1.9133319941080522,0.8564649261141263,0.6331900751350333,0.14175427652270822,0.2539247365428864
12.000015,0.24821535861510957,0.4601771587011067,-0.03529949319348602,-1.592535599510523,0.021250053017426298,1.913326984895883,0.8564606720218741,0.6359964470270173,0.14234266839673776,0.2542831475705169
12.100026,0.24823158760102645,0.46871422118292755,-0.03535755032836022,-1.5794825419952971,0.02122261003241769,1.9131302056619832,0.8562298847453916,0.63915499726853,0.14310182049290693,0.2544113882520658
12.200192,0.24823896804614282,0.4710803512625017,-0.03533346451917701,-1.575564997330926,0.02121623372290575,1.9115943993292934,0.852883928300324,0.6393786381260771,0.14318984996499237,0.25451982282200153
12.30005,0.2482465279084445,0.471022533861597,-0.035304351728082016,-1.5755622290171944,0.021210690023745336,1.911338981591187,0.8475248274080248,0.6393450246784201,0.1431901627917733,0.2544883735289503
12.400027,0.24822147451417995,0.4710050832061701,-0.03531628972708555,-1.5756054871224665,0.021105517632197944,1.911269440687405,0.8418751465066215,0.6393367344913455,0.14313814649448134,0.2544875986528293
12.500118,0.24817456671898372,0.47100125520237757,-0.03533355456973935,-1.5756280586798936,0.020812143629364413,1.9112554499642256,0.8407501602683759,0.6393451282635255,0.14304823391835245,0.2544773318354516
12.600518,0.24798393974932326,0.4709831549029478,-0.03532912724452787,-1.5756650453938272,0.020701872803934436,1.911229585068299,0.8399728607005079,0.6393652341663473,0.1428780149259214,0.25447652105720986
12.700115,0.24750608267968857,0.4709473420018569,-0.03537210472085264,-1.5757744699411211,0.019945678381319068,1.9112157996175323,0.8393339752953225,0.6394630568054651,0.14224298987395725,0.2544367481126943
12.799965,0.24586724268171528,0.4709303078300148,-0.03542709254801979,-1.5758173751000852,0.01877300055604412,1.911229488640178,0.8386933203923824,0.6397564058129304,0.14086982723292732,0.2544347254877612
12.900108,0.2433729961926851,0.4709404193710253,-0.03543138832874625,-1.5758355112304108,0.018463300889990247,1.911253594435614,0.8385788365286776,0.6401329156374839,0.13913525898578144,0.2544220720423007
13.000095,0.24032645158101462,0.4709367087922072,-0.03543110594727912,-1.5759096878238223,0.018169501311699754,1.9112341245560376,0.8385000745276536,0.6405331799514684,0.13705598392682222,0.25435906314146073
13.099991,0.23664190765831894,0.47093806839963476,-0.03546075058383906,-1.5763238112490832,0.017763218759928506,1.911177300039452,0.8382568702236854,0.6409369584329165,0.1344359405451597,0.2541854057002673
13.19997,0.23179140380591667,0.47093124974958994,-0.03546903757475545,-1.5764221752937344,0.017213226157858814,1.9100032058426561,0.8377339125731786,0.6412868436663834,0.13107201788197462,0.25408446320457034
13.300124,0.2267840605874971,0.47093006547406424,-0.035460656371148265,-1.5764218156885708,0.01717811089775791,1.908855061382677,0.8373072047100409,0.6417101015179596,0.1279073763526036,0.25402512264558225
13.400018,0.22250395494542982,0.47093224754773116,-0.035496801378500545,-1.5764362324947458,0.017098641480205085,1.908241792962517,0.8364036790574473,0.6421274890517806,0.12518050765072866,0.2539910702362196
13.500022,0.2193371255437724,0.47094038420656864,-0.03639686281154231,-1.5764380292210551,0.016994588758795576,1.9080907202400013,0.835943981036968,0.6425904322419382,0.1226010192341833,0.25397771897105237
13.600087,0.2172613401693151,0.4709438412531324,-0.03883961980708683,-1.576482011258718,0.01674424650625448,1.9078166989095633,0.8352208791525259,0.6430956292863468,0.11945782884195394,0.2539663938816085
13.699994,0.21667212945056263,0.4709421325386877,-0.04585116109155256,-1.5769888831161953,0.014985103510947223,1.907591867100114,0.8308121362733691,0.6438653215595417,0.11396062583766517,0.25379846720528715
13.79999,0.21656179787549287,0.4709425567762128,-0.056378554884751894,-1.5773332323356424,0.014360550150122942,1.9069413800065713,0.8173968454875251,0.6448159181183852,0.10716564688887487,0.2537825164027518
13.900117,0.21614625909563762,0.4709690924419542,-0.06894810307500185,-1.5774480424090274,0.01434007075280048,1.9068992309628248,0.7988109799080139,0.6461005214228281,0.09885986306122084,0.2539054483776041
14.000027,0.2160350893532725,0.4709796016838193,-0.08376864879288246,-1.5784704575621753,0.014358921387454817,1.9068901921123125,0.7939164556489617,0.6471279887342152,0.08949555958126487,0.2537205970819458
14.100116,0.21374391431335607,0.47098003513333947,-0.09636020057872069,-1.579131591615059,0.014393744048615585,1.9068772495402861,0.7939163609683924,0.6481302778986565,0.0806162823803748,0.25374418652971037
14.200123,0.2102590838274457,0.47097671697441473,-0.10517734069787912,-1.5801874617737661,0.014381338086001024,1.9068630649931444,0.7938713895608894,0.6487075160649189,0.07301860013388,0.2535126908807432
14.300084,0.20442646816305687,0.47096055039929813,-0.11018319066112735,-1.5807380058999303,0.014379822873878994,1.9068228049486302,0.7938394787910436,0.6492842477398993,0.06639010488967603,0.25344179518244003
14.400095,0.19621601230029734,0.47096054647471264,-0.11123539609785693,-1.581034540718903,0.014384192629284677,1.9067781443327698,0.7938345716963904,0.6497635256061975,0.06043146710126212,0.25334095933316425
14.500147,0.18755952834831643,0.4709571224614295,-0.1119373404129435,-1.581187608199394,0.014387522063675674,1.906737366169387,0.7938374674058014,0.6502500449260349,0.05436257858866882,0.25329874373844874
14.600105,0.1781871399689072,0.4709526995204717,-0.11205085700877294,-1.5814440877362237,0.014379065255794679,1.9065965954982917,0.7938380714706554,0.6505909183508197,0.04804152061622124,0.2531788885435192
14.700039,0.16824893324385282,0.470944799794861,-0.11284229989661065,-1.5816155931926363,0.014370756623055966,1.9061483638962946,0.7938361406918434,0.6509632180949836,0.04086304743055466,0.25311914518476575
14.799993,0.15704051792139892,0.47093853978573097,-0.11326781222922379,-1.581761487663441,0.014357819889064328,1.9059945153133486,0.7937996784597403,0.6513185496872539,0.033279393894795256,0.25304959870126753
14.900087,0.14506547002846332,0.4709409246269511,-0.11329946818715723,-1.5819610363256185,0.014363694604824298,1.9059497215423562,0.7935332774857233,0.6516066012582585,0.02536153631310051,0.2529657679764957
15.000103,0.1326010353150524,0.4709467181618039,-0.11329499796026353,-1.58209479983213,0.014373073055176388,1.9059377511437137,0.7933384254016328,0.6518230076898162,0.017309447223040047,0.25290466269478407
15.100067,0.12076683635637082,0.47094608826975565,-0.1132983215233345,-1.5822942035283045,0.014365612320760912,1.9059386775788698,0.7932395049167227,0.6519175185086992,0.009643979760560337,0.2528178640274999
15.200076,0.1095891237953117,0.47095221721706276,-0.11329431229795318,-1.5823846530109225,0.014375336242235774,1.9059389803839997,0.7931811118235393,0.6519646279672845,0.002548898788123753,0.25278556812084835
15.300038,0.09965331863399214,0.4709502222212098,-0.11328467773009868,-1.5824218993186223,0.014380224619853247,1.9059470664639135,0.7931842863572551,0.6519422062724581,-0.0038477387117203422,0.25276130274452685
15.40004,0.0908189870380307,0.47096254406403004,-0.11329832232125064,-1.5826352648543889,0.014371041398081574,1.9059465762989616,0.7931897029766178,0.6518066171390663,-0.009367561867757964,0.2526544777966713
15.49998,0.08463776805260784,0.47096425688390703,-0.1132883186890625,-1.5828801364689093,0.014380580510002076,1.9059472802809694,0.7931875776748016,0.6516756882873351,-0.012915943366702104,0.25255698099077384
15.600128,0.08161098196306003,0.4709642568852902,-0.11328333584667473,-1.5829213103138478,0.014381456468510388,1.9059474545980586,0.7931897129381411,0.6516343686686965,-0.014558089835503739,0.2525464213560178
15.700077,0.08075486844335146,0.47097063676585155,-0.11328504295810739,-1.5829531391902723,0.014365617189418159,1.905949024421182,0.7931861023743485,0.6516116303122067,-0.014947393881791386,0.25252602044174544
15.800048,0.08063875789284362,0.47096995649440876,-0.11327838754256817,-1.5829700301393304,0.0143714418673758,1.9059508346626723,0.7931869375271017,0.6516053469457601,-0.015007941430839685,0.2525214834537936
15.900011,0.08033378104360563,0.47097632342203777,-0.1132907674448475,-1.583003342487122,0.014357046920700877,1.905940709860458,0.79318727516429,0.6515785149125923,-0.015291343021132393,0.2524912452408591
16.000095,0.07912390157836063,0.4709671561789006,-0.11329147774559618,-1.5832279064269108,0.014339912517127363,1.9059290634257582,0.7931822168192002,0.6514850138010687,-0.016221447466155114,0.2524076047809018
16.100055,0.07720169047607311,0.47095712164178893,-0.11328692953779945,-1.5832983299003185,0.014386271532753047,1.9058509810941293,0.7931809915565287,0.6514109184262447,-0.01748508298463456,0.25237840086744234
16.200029,0.075435267680349,0.47095540898309335,-0.11328433135267313,-1.5833108440661297,0.014370868071280869,1.9056053738573435,0.7931746534768672,0.6513219133945974,-0.01859122589947357,0.2523607399463763
16.300141,0.07423871063056851,0.47095491683228535,-0.11327835368206528,-1.5833435386501817,0.014335964293307541,1.9055090987482577,0.7931730248767779,0.6512709139910264,-0.019258679583329913,0.2523428148130914
16.400175,0.07403369470630726,0.4709239150020875,-0.11324572885756487,-1.58338143738022,0.014371745755384222,1.9054639380538865,0.7931762834981805,0.6512525504605241,-0.019250602374782003,0.2523443837946633
16.500073,0.07405126954624422,0.47049968597945757,-0.11321162186622881,-1.5839216118451416,0.014375646465748305,1.9054594013624229,0.7931707520225056,0.6510555647516609,-0.019243901830626162,0.252445208475813
16.600126,0.07405501509237836,0.4689246803062516,-0.11320141210172757,-1.5857343268130129,0.014377274322739287,1.90553129135579,0.793176163580277,0.6505581808863637,-0.01926109543481668,0.25266627419757487
16.700073,0.07386503984990339,0.46687930145789563,-0.11324395028548614,-1.5890011900717769,0.014347356173361246,1.9055720691954907,0.7931722672587065,0.6495309502724547,-0.01947492070603717,0.252457053121363
16.800137,0.07374634203157933,0.4651628854384758,-0.11323980262712847,-1.5917613490164884,0.014340300416198529,1.9056012527019381,0.793173024882826,0.6489407850201481,-0.0195357957137309,0.2524412000241835
16.900141,0.0737636631041083,0.4647357371685208,-0.11320702337172622,-1.592321304920715,0.014340503365609094,1.9056440576733054,0.7931722672586818,0.6488511271254477,-0.019494745959690647,0.25248551678829945
17.000041,0.07378042256324983,0.46405603716822386,-0.11318501426069308,-1.5933064436237503,0.014341923883505173,1.9056603826224785,0.793174648344101,0.6484566452744968,-0.0194944407013019,0.2524392126712941
17.100035,0.0737735627014115,0.46196537685407396,-0.11319377329557065,-1.5970382806799344,0.01432637216753336,1.9056517014409016,0.7931769211983404,0.6472990128722934,-0.019549166825943206,0.2521696011433485
17.200021,0.07376794264094785,0.4592812991417416,-0.11319139085052055,-1.6015779778306427,0.014321572817845447,1.9056576537773802,0.7931784364276444,0.6458877668476938,-0.019590349698674257,0.2519418859368482
17.300105,0.07378243407460225,0.45172828785919483,-0.11318302881823104,-1.612856396206701,0.01431395081298237,1.905674895032301,0.7931738892724381,0.6421708860672093,-0.019695698342877228,0.2520382228068291
17.399987,0.07373936965543841,0.43754144742545004,-0.11323536459751991,-1.6347169383201465,0.014314404386687718,1.905729666267615,0.7931800599018722,0.6356205833904167,-0.01994902760782654,0.251304864013082
17.500702,0.07361798407142485,0.42127357896887746,-0.11326904846308043,-1.6597743050862106,0.014301251462206831,1.9061690868568522,0.7931853299935695,0.6286418560208703,-0.020207057062686128,0.25126114121413823
17.599996,0.07339550713735678,0.40530474524926563,-0.11328926282144303,-1.6850140833712637,0.014300435178937778,1.9065578992544057,0.7931974507149121,0.621554181566698,-0.02044948677726944,0.25038743037401756
17.70021,0.07341204395715327,0.38949149268690064,-0.11326200093770071,-1.7081362950904082,0.014297637434527779,1.906655093370678,0.7932077553629395,0.6149777373232213,-0.020515169123263177,0.25026514250504717
17.800053,0.07339489995472964,0.3770705191559743,-0.11327713225186874,-1.728442194553894,0.014264476914479528,1.9066390315165676,0.7932097133077647,0.6092992994414822,-0.020592911617351155,0.24951321195142911
17.900106,0.07337851496113985,0.3653155652811526,-0.11328748003134805,-1.7449837938410013,0.014125276460295237,1.9066502084485848,0.793208209048822,0.6043991679236103,-0.020659731107328026,0.2496244261097208
18.000007,0.07337667600285235,0.35577693922114206,-0.11330490085772753,-1.760815388097958,0.01357530147655018,1.9066302186385207,0.7932047739539682,0.6000267032633638,-0.020803669682978383,0.24874450411176635
18.100043,0.07336935187265169,0.34728182046492634,-0.11330727043132918,-1.7728625573751955,0.013215470046015771,1.9066279895260163,0.793210066008737,0.5963357221912887,-0.020853977414164702,0.24903884435728302
18.200094,0.07337146447896041,0.33708148577393177,-0.1133154908985505,-1.787764377604052,0.012751660168836458,1.9066292623825662,0.7932077516563647,0.5917605824569012,-0.020950220758359082,0.24866300286052634
18.300003,0.07318948236887056,0.3278091170275242,-0.11335524202201326,-1.8029998400228813,0.012188799245304333,1.9066121658706299,0.7932101325055826,0.5872121572919993,-0.021196786091763727,0.24807897957452546
18.400124,0.07298004837937881,0.31782148740366367,-0.1133577722149292,-1.8166596907623371,0.011699232212681812,1.90662840003639,0.7932033475790553,0.5830379311330924,-0.021334061630478532,0.24818793857063542
18.5001,0.07286078406897716,0.30716665036042,-0.11336756770866326,-1.8331289364782288,0.011637462035928397,1.9066050164136237,0.7932040207510395,0.5779525429660667,-0.02137432791447113,0.24768628885278143
18.600103,0.07272189215403933,0.2971643967419455,-0.1133700781944167,-1.8481201227697397,0.011608180398740087,1.9066246124505166,0.7932109477621216,0.573398960184689,-0.021380747952810156,0.24745257468331727
18.700138,0.07265899850317309,0.28535901248189327,-0.11337098772952503,-1.864619133374821,0.011599346578545824,1.9066339198462527,0.793204778587135,0.5682278099269091,-0.02134524725676075,0.24741116636527663
18.800115,0.07264391977298712,0.27440347420941696,-0.11338304299721501,-1.8821626199815342,0.011597720920261428,1.9066256720895323,0.7932145529490853,0.5627727628239747,-0.021269084627813895,0.24666119557302346
18.900166,0.07261339529860829,0.2615603006553879,-0.1134013867024343,-1.899435988644531,0.011590917312196233,1.9066378228530962,0.793214958534683,0.5572202051178498,-0.021178908936746677,0.24688134380023563
19.000028,0.07261051080050926,0.24858057746349016,-0.11341097576144353,-1.919841782714096,0.011589638766887173,1.9066481110136044,0.7932285326049558,0.550907949500443,-0.021055072322576415,0.24600503098972243
19.10006,0.0725782887374782,0.23430915089439136,-0.11343164614105868,-1.939204211548181,0.011588865825509428,1.9066490360982487,0.7932308980787187,0.544759353916131,-0.02091732824095362,0.24611414962606434
19.200012,0.07254851987108711,0.22202154699222892,-0.11345003758463215,-1.9583620555457706,0.01158997411244106,1.9067050366801206,0.7932517676521265,0.5388201695120681,-0.020790622794233354,0.24527039574064335
19.300188,0.07253850399590202,0.20989739630194038,-0.11345994497566807,-1.9743495265858244,0.011594805349519293,1.9067441119920707,0.7932537048262388,0.5338350153080614,-0.02064172210389888,0.24552574414540523
19.400044,0.07253280503082489,0.19901860346576541,-0.11345426873642765,-1.9915082208865196,0.011589169241405356,1.9070099933052982,0.7932507145647677,0.5285123217478425,-0.020478212384370753,0.24459530487583148
19.500371,0.07251403006908998,0.18881472762988138,-0.11346351320045567,-2.0051024380107108,0.011596711034821643,1.9070465603754267,0.7932544624443271,0.5241445667646013,-0.020346798696167637,0.2448549032381579
19.600047,0.07249510605058916,0.17799752303964192,-0.11347516343147528,-2.0203549419730167,0.011592473560246473,1.907071729302114,0.7932671974956428,0.5192879772356636,-0.020181768730205607,0.2444142506504529
19.700038,0.0724823677777085,0.16954395858854535,-0.11348202465718538,-2.033226497428745,0.01159531585372822,1.9070830391637128,0.7932736551217753,0.515243579053559,-0.020038470309523312,0.2440597276228788
19.799993,0.07246713520972105,0.16025642118792618,-0.11350032493830023,-2.0446839010006728,0.011596774368939387,1.9071075784806049,0.7932831306713373,0.5116733756959176,-0.019897270234184604,0.24429966093419475
19.90005,0.07247374873127356,0.1528483136264538,-0.11349130625047336,-2.055744459587427,0.011608841914867591,1.9072960620400934,0.7932975017752166,0.5081970928641186,-0.019763582513646526,0.24387228374568737
20.000085,0.07248595403554794,0.1481929906528394,-0.11349970969122354,-2.0622359941673847,0.011605343898996763,1.9086139831096953,0.7933172184477629,0.5069335435386102,-0.019701144159935582,0.24384542120781766
20.100122,0.07248558071261071,0.148056270727094,-0.11348933032331816,-2.06247595312427,0.011610556079971444,1.9091737030643137,0.7933168778229621,0.5070163113961227,-0.01970031805839628,0.24382778506169672
20.200061,0.07250303879273247,0.14808180487672024,-0.11347907782660092,-2.062475028541957,0.011613446054076937,1.9092093541482433,0.7933249386765796,0.5070211777743071,-0.019689765058834418,0.2438155104948283
20.300029,0.07252505751757324,0.14808548908867528,-0.11345302544066845,-2.062470602112514,0.011618781554705243,1.9092207639688812,0.7933252995593959,0.5070270152320673,-0.0196366659839321,0.24381090042089756
20.400091,0.07262296811828196,0.14809016918904433,-0.11338478884486683,-2.062447026884405,0.01162659386688538,1.9092366969333217,0.7933223490343545,0.5070447474306653,-0.019512716635609686,0.24381992325546242
20.500053,0.07298346184895867,0.14808621708764474,-0.11319286457552433,-2.0624190566805733,0.011624221546156529,1.9092640413201447,0.7933275724136599,0.5070733909906293,-0.01924329444865967,0.24383218043309424
20.600029,0.07365805021259583,0.1480884215306952,-0.11290094392958856,-2.0624231335148573,0.011676352484096557,1.9092510749229763,0.7933347735926549,0.507073481911745,-0.018589708825116173,0.2438040544581971
20.700009,0.07504235195970269,0.14813445169526138,-0.11202428411656175,-2.062446735977312,0.011675518484048455,1.909204531015005,0.7933643032388534,0.5071055196995655,-0.01734066539109304,0.2437681883255566
20.800066,0.07623843858542512,0.14819551141542256,-0.11023892426093583,-2.0624456533577824,0.011687632671776638,1.9092030763146561,0.7952741645273319,0.5071488947670579,-0.015758597423789485,0.24372566682313382
20.900036,0.07678844228540292,0.14826745756105753,-0.1074769715447047,-2.062451030839624,0.011668444183626685,1.9092014526988095,0.7957047863146555,0.5071856496106976,-0.014096825827005045,0.24365712150783453
21.000107,0.07840060212760144,0.1484005337558753,-0.10620168040658769,-2.0624413411127405,0.011661489349792673,1.909197494273124,0.7957502688640608,0.5072116596207606,-0.012659260740571193,0.24359487633631127
21.100102,0.07944239474530786,0.14846179807564885,-0.10429962344904581,-2.0624336724178707,0.011666517421580778,1.9091873143374631,0.7957662069497944,0.5072390415937462,-0.011052171175513326,0.24354860690428076
21.200039,0.08166247509574774,0.14851860836552086,-0.10275314439123696,-2.0624336617495516,0.011666978888165046,1.9091571251258168,0.7957767349459083,0.5072646432439375,-0.009044824620518097,0.24350658939062064
21.300012,0.08373150324520254,0.14855494757564117,-0.09997475914863822,-2.0624177866567455,0.011677972425112582,1.9091644069980214,0.795848150138431,0.507313733594286,-0.006413103870400313,0.2434850057356444
21.400022,0.08719250751946145,0.14855408109965626,-0.09757510824604186,-2.0623982737620805,0.01168518415436815,1.9091656151467191,0.7974871836561449,0.5073452226091802,-0.003410719165426693,0.24347568360469554
21.500203,0.09250626284948865,0.1485469450466508,-0.0967830780306326,-2.0623856882460707,0.011685379519039423,1.9091637848145315,0.7977251991423698,0.5073621189450643,-0.00023035625089169119,0.24348145212536923
21.59997,0.09941000863114059,0.1485479135926061,-0.09676599830066421,-2.0623636354111583,0.01168935034402299,1.9091574109194989,0.7977691484771884,0.507360893956379,0.003371424413869293,0.24349263673943428
21.699987,0.10740957083711855,0.14855000634786805,-0.0967365533966832,-2.062344725944942,0.01169522659859166,1.9091570740113928,0.7978099429409771,0.5073229612996921,0.007509762116604025,0.24349957345211395
21.799964,0.11565184067647373,0.1485503671127833,-0.09650370753143547,-2.06230824826053,0.01169839578145273,1.9091541649687258,0.7979136106160374,0.5072575349110426,0.01185969690409008,0.2435155928357538
21.900074,0.12437789974894845,0.14855337279067812,-0.09649007966512843,-2.0621025088924365,0.011709886542438153,1.9091577080776112,0.7982183757660548,0.5072139223414052,0.01644904390581999,0.2435929577949419
22.000093,0.13425244897601263,0.14855240522076163,-0.09642622144828181,-2.0620266456757284,0.011714005643086079,1.9091619480837776,0.7986242742213737,0.5070558092268511,0.021454914997478307,0.24361959285302975
22.100115,0.14366209759812862,0.148555144373175,-0.09584787623190749,-2.061865025354125,0.011719905258132431,1.9091622617404906,0.7988117767991859,0.5068785564336576,0.02661444512308474,0.24368053460634875
22.200034,0.15391548397120508,0.14855750856358263,-0.09572419534004913,-2.0616971313576364,0.01173325415120521,1.909166196164459,0.7988248843542155,0.5066353251347795,0.03200693204260826,0.243746649190127
22.300178,0.1655183987778263,0.1485603685425694,-0.09512182383965435,-2.061468947853061,0.011745825745274913,1.9091710267078135,0.7988355184280642,0.5062875298794279,0.03847626797059605,0.2438339459513318
22.400073,0.17900959874024222,0.14858234230460432,-0.09460354483793511,-2.061096190142085,0.01174858304012771,1.9091773103182301,0.7988455727510249,0.5058322782607381,0.04553236737619894,0.24394983376160392
22.500086,0.1923432864179906,0.14859636861394485,-0.09374075306920204,-2.0610105968231984,0.011751498242473143,1.9091743778704906,0.7988550776099981,0.505129772770515,0.052908870001455874,0.24395666827465629
22.600114,0.2050712660362192,0.14859060019239387,-0.09186032825698623,-2.06094686697048,0.011746922458302169,1.909174513459103,0.7988501182422673,0.5043457841077665,0.06022238327199003,0.2439835069179474
22.700094,0.2182230920902225,0.14859465615869225,-0.09036072332057554,-2.0606164595982803,0.0117501678378205,1.9091663727648072,0.7988451122437966,0.5035347965743531,0.06766274357722572,0.24410376925482966
22.800072,0.23071974368534318,0.14859808116567602,-0.08740671218956811,-2.0602868883421723,0.011752387121088644,1.9091678880009795,0.7988554443865958,0.5025792577389285,0.07552682053516455,0.24423985459454636
22.900055,0.2409971392533415,0.14863060655820207,-0.08192224022455642,-2.0595522438522043,0.01175029130850126,1.909176552700142,0.7988649343236957,0.5015447828605879,0.08352308901961404,0.24441689590757293
23.000098,0.24802527528173093,0.14867209379540014,-0.07349682990235354,-2.0594601757372835,0.011748724797805244,1.9091746842512565,0.7988648807556838,0.5002376363874842,0.09122401718389077,0.24439417906469907
23.10011,0.25583356414492464,0.1487361370254379,-0.06707502997028138,-2.0588692418434706,0.01175180652662896,1.90917731031823,0.7988631900395035,0.4991774989526612,0.09830735996941527,0.24459639260874255
23.200053,0.2655011157354173,0.14915219447694497,-0.06397171416257727,-2.0576213761958253,0.01176583862028862,1.90919281831616,0.7988642648481579,0.49841423970277504,0.10470304109894228,0.24486466784650163
23.300079,0.273715184055615,0.15050338465531976,-0.06117769327275387,-2.05524407784085,0.011753106265058478,1.9091942524219097,0.7988644088214124,0.49806553362195355,0.11008921330766047,0.24501472117218898
23.400029,0.2785563729141719,0.15107545731112737,-0.0579997789406096,-2.054242108715486,0.011758113145300321,1.909185328110601,0.7988542405204849,0.49742574161851105,0.11390058195919156,0.2450981044044459
23.499973,0.28004087259211075,0.1510746276859852,-0.05307052531862867,-2.0539180265205217,0.011756244473476082,1.9091961472743404,0.7988449278939262,0.49682549940381526,0.11696334600140304,0.24518691041707313
23.600112,0.2812241397527057,0.15107338981822468,-0.0494077153135298,-2.0536684668905516,0.011773841078931941,1.9092214247092492,0.7988503394516974,0.4963761196793297,0.11940492589332492,0.24529813981157547
23.700301,0.2837615930396177,0.15107362708488598,-0.046464653227332314,-2.0534249123812494,0.01177577657157083,1.9092201207853625,0.7988484139643246,0.49573747729537365,0.12230698688360919,0.24535687451029167
23.799989,0.2876154030604407,0.1510684606453054,-0.04381231943034432,-2.053128078275623,0.011788215056228008,1.9092353012399457,0.79884720074819,0.4950819196183641,0.12559186811231182,0.24549934209838675
23.90002,0.291097167398244,0.15108913869660076,-0.0407121599865011,-2.052532655448805,0.012185454734771886,1.9098795323887972,0.7988518546878733,0.49467901582323537,0.12901796143128128,0.24568789703734725
24.000081,0.2921214066645776,0.15109257804275658,-0.03719195722170155,-2.0524869977903895,0.012176027074886013,1.9120266424876344,0.7988464431301022,0.49457204026590224,0.13099196648589512,0.2457467714997985
24.100193,0.292122236221581,0.15109608469221428,-0.035399891439441514,-2.0522713773597947,0.012182197198952268,1.9122832082293755,0.7988494736024541,0.49446127749309016,0.13182445211896335,0.24582118379914106
24.200022,0.2921298316483942,0.15109429054065396,-0.03337787517151069,-2.052119201838843,0.012177020697047718,1.912307705348374,0.7988510970697855,0.4942179218249852,0.13301204764800284,0.24587889624478726
24.300042,0.2921247881653605,0.1510888675993864,-0.029995336491037694,-2.0519367641811614,0.012188033357916132,1.9123717154553952,0.7988453834919728,0.4938137344912972,0.13486717113723778,0.24595221303616918
24.400099,0.2921267226313858,0.1510870268241251,-0.02588497260597096,-2.051789980879956,0.012187616239556403,1.9124646877534093,0.7988440132923378,0.4933368887950435,0.13690511004747238,0.2460015897319964
24.500085,0.2921339926858155,0.1510929509892048,-0.0224867009308429,-2.0515591936628144,0.01219344556849331,1.9126035885003838,0.7988464431301021,0.49299337221028233,0.1385940993067692,0.24610178923473125
24.600086,0.2921487168795479,0.15109164014597223,-0.01909755329805658,-2.0512739980323995,0.012209139821068816,1.912710521625399,0.798849473602454,0.4926362139126434,0.14034117627012926,0.246191092169882
24.700152,0.29217077405459563,0.1510957668925363,-0.016161114427955002,-2.051146460068568,0.012218056847901232,1.912983316607786,0.79884720074819,0.49233823980081454,0.14172075876796342,0.2462364789499505
24.800128,0.2921711028935141,0.1510923540524575,-0.014155283160861037,-2.051032522678117,0.012215582352055209,1.9131218846284666,0.798848715984366,0.4921417335944181,0.1427046644264017,0.2462862779844483
24.900163,0.2921730950247819,0.151092056481983,-0.01273441177995168,-2.050927087577813,0.012239686083904489,1.9134025827918297,0.798848715984366,0.49203601024724586,0.14333902160247572,0.2463133121629531
24.999975,0.2921836730698617,0.15108663357598456,-0.011996844720145353,-2.0508878795218286,0.012254674662672712,1.9134232389484906,0.7988479583662778,0.491925545529751,0.14382960466307668,0.24634789812910218
25.099986,0.2921807945547993,0.1511043443607621,-0.009649007485292791,-2.0506966561648947,0.012245557452150032,1.913467792697817,0.7988470292230332,0.4916749353521125,0.14497665462320253,0.24641015101836636
25.200071,0.29202903237454647,0.15112621370116833,-0.009296172771438165,-2.050650340332993,0.012232214307652405,1.9135789774265537,0.7988498292555609,0.491771111835725,0.14485340202845937,0.24641567689515778
25.300037,0.2916924588044524,0.1511518107685678,-0.009331299751488248,-2.0506520884100645,0.012246157240929109,1.9137027948402816,0.7988433043548144,0.4917990340011496,0.14475927266755584,0.24640187894627597
25.400029,0.2917030556939652,0.1511904062518033,-0.009308802128611088,-2.050646775017518,0.012247072670285849,1.9137020372399285,0.7988429512138108,0.49179610098814397,0.14477492501019704,0.24638369547841987
25.499962,0.29169934574878814,0.15125426360037555,-0.00932074447198856,-2.050582967927347,0.012247072664272673,1.9137362974246852,0.7988456854581679,0.4918484590155603,0.14478001234085133,0.2463682953728569
25.600019,0.29169910544578576,0.15171138660913785,-0.009324282475654666,-2.050102642054172,0.012248096330798217,1.9137251909599406,0.7988435149892519,0.4919975064451979,0.14482381441995246,0.24632958343689643
25.700125,0.2916993452712582,0.15202685642495123,-0.009331121126158706,-2.049762488269209,0.01224707267028595,1.9136960203422742,0.7988499862329941,0.49206384520862645,0.14483500025835896,0.24629267336164717
25.800057,0.29170964015852324,0.15208942692034605,-0.009312126150017093,-2.0496732598386056,0.012245557434109985,1.913680990172009,0.7988476432582773,0.49208203634386094,0.14485197056885962,0.2462940278326932
25.900091,0.2916976298445033,0.15212555986356552,-0.009342691682353169,-2.049584435350676,0.012249098680350397,1.9136822975265484,0.7988456855031524,0.49212525130098633,0.14485367854365486,0.24632065220022953
26.000121,0.29169591930605065,0.15217517519615603,-0.009342694621460444,-2.0494941144258076,0.01224707267028493,1.9136626073702927,0.7988441702758381,0.4921372013907205,0.1448527190016864,0.2463135098363604
26.100012,0.29169763273772964,0.15234185452172738,-0.009335266917794377,-2.049367910132089,0.01224707267028595,1.9136608089209632,0.7988479181553974,0.49218858760171064,0.14486809736064726,0.24628673883647045
26.200045,0.29170305569255295,0.1525098257842935,-0.009348965018320384,-2.0492041488448156,0.012246314565129816,1.913661312727179,0.798849355864884,0.49222983303679807,0.14487824402819768,0.2462577528497931
26.300049,0.291695923177964,0.15273384098945988,-0.009343682999290804,-2.049004566093169,0.01224945521690978,1.9136596937295145,0.79884684608193,0.4922888943932348,0.14489683941710607,0.24621578896643037
26.400071,0.29169341733184473,0.15293883561233768,-0.009351322386302652,-2.0488032628573034,0.01224631651363578,1.913655424720432,0.7988507394784798,0.4923389642572742,0.14490343624241137,0.24618541215500855
26.500059,0.29168223059852133,0.15306322548773005,-0.009400195804926653,-2.0486716445266353,0.012250518981770419,1.9136471234978818,0.7988456724300373,0.49239969738547074,0.1448786963885351,0.24617866961698637
26.600008,0.2916850290485874,0.15327746186291707,-0.00941102368211492,-2.048424432703177,0.012250968991881297,1.9136313100119287,0.7988441702758381,0.49246179455386413,0.1449044553966661,0.24616454349639963
26.700099,0.2916911954843982,0.153373917588048,-0.009406643032528712,-2.0482804675098487,0.012255505451551598,1.913571585114737,0.7988479181553971,0.4924862984776064,0.1449160549059692,0.2461743174114173
26.800071,0.2916856174498271,0.1534226093580711,-0.0094172536809606,-2.047998052593692,0.012258901865717672,1.9130210537265693,0.7988449278939261,0.49251518785418147,0.14492862087033762,0.24628428251594703
26.900056,0.29169225950149436,0.15394559250919487,-0.009408077058804726,-2.0461719213241394,0.012278101844677891,1.9131154431286423,0.7988425051440758,0.4933689420651359,0.1451680975963813,0.246756252754476
27.000114,0.29167278396509827,0.15702107492072997,-0.009478663219225799,-2.041932977496658,0.012276498951941436,1.9131095183755442,0.7988456855059586,0.4948234314921388,0.14553924189723028,0.24667282456636075
27.100066,0.29166640431198304,0.16237915393277982,-0.009639044648535851,-2.0352746971207205,0.01226748615099344,1.913060903124251,0.7988462846931004,0.49698110553034414,0.14605347005666844,0.24651363371581042
27.200093,0.2916496837000897,0.16756710543501555,-0.010004590608254873,-2.027836462702016,0.012267171144369144,1.9130855549946115,0.798843646976924,0.49931887414097964,0.14644347183891562,0.24661998430359622
27.300039,0.2915675419048555,0.17354072024456832,-0.011694225596177618,-2.0209556223477416,0.012265560178388304,1.9129748447305772,0.7988479576664084,0.5018328180909976,0.14598683083089203,0.24637018156891066
27.399982,0.29095572891999766,0.18000643018341936,-0.0140960775331174,-2.0099557408978033,0.012249769575051885,1.9124557249733731,0.798840917140432,0.5057588266458994,0.14534576882002956,0.24706523752447418
27.499992,0.29087527013519454,0.18723803841497516,-0.01698680438939637,-2.000814922004308,0.012254039244119093,1.9124004299019923,0.7988170109640792,0.5087219736835713,0.1447569662048088,0.2468338834921318
27.600194,0.2908815539860697,0.1913016124513432,-0.018328140931572194,-1.995263851417894,0.012254954021733364,1.9123600990225416,0.7988145153649987,0.5102269483534511,0.14451905145995333,0.2468267958935068
27.700137,0.2908824988459287,0.19185389183683052,-0.019274821796369176,-1.9943779343216372,0.012268985944941259,1.912403799823142,0.7988145153829439,0.5105461216422563,0.14410819967814256,0.24691619648074464
27.800174,0.29088291516406933,0.1922919172289052,-0.020041694035464044,-1.9937936009942248,0.012276543445930706,1.9124258026964427,0.7988145153831683,0.5109058730949009,0.14374559946377674,0.2468994262642792
27.900149,0.2908829151641193,0.19396997543592884,-0.021313943517014225,-1.9914015055619365,0.01227022654114743,1.9124093453841255,0.7988137577650802,0.5120004428065266,0.14328399757131097,0.24691360106251398
28.000083,0.2908922814526656,0.1976666494586434,-0.022380927729929268,-1.9864559202384737,0.0122610559864622,1.912337834517383,0.7988114849047478,0.513803638826846,0.14331859428236385,0.2468984252023347
28.100134,0.29090090627761783,0.20305350141263,-0.022532513771727696,-1.978430352094608,0.012243100500608178,1.9115468357891507,0.7988012051659386,0.5162916016458452,0.14400261220093938,0.2472425051490667
28.200039,0.29091251004084284,0.20805153294762066,-0.02252901836490856,-1.970948889163903,0.01224668351667952,1.9113254014934675,0.7987861826439844,0.5181499325906254,0.1445019851420217,0.24735034470486955
28.300013,0.2909208172046023,0.208871352828378,-0.022518931451179964,-1.9698698815779458,0.01224699106792818,1.910955674688623,0.7987869402620721,0.5181614364145806,0.14451356174174515,0.24733773395139003
28.400073,0.2909244803709884,0.20886201917557826,-0.022512380308484372,-1.969854652199659,0.01223959146611227,1.9108214196308004,0.7987900789655047,0.5181630155307138,0.14452054234837738,0.247343612954879
28.500073,0.2909168805878416,0.20885442330404824,-0.02251121303976894,-1.9698539539693565,0.012245128783610542,1.9108111302822033,0.7987908365836673,0.5181569295378321,0.14452314581376324,0.24735048107778224
28.60001,0.29093051469451076,0.20884453420367258,-0.022484646569677108,-1.9698628774222429,0.012246178588618808,1.9107691520698815,0.7987846674075838,0.5181458836858863,0.14453782729510764,0.24735345991905786
28.700118,0.29093156549745214,0.20883634342725937,-0.022482160215101507,-1.9698806281562051,0.012243646260420982,1.9107533302387256,0.7987846674075838,0.5181275222722013,0.14454555643347844,0.24734090870774086
28.800106,0.290934872128848,0.208834100554322,-0.02246936985041024,-1.969913981357905,0.012222590707599849,1.9106975015935201,0.7987830380509061,0.5181029853109557,0.1445421343990468,0.24732720888192947
28.900216,0.29095720451761586,0.20884124029554793,-0.02236742103878024,-1.96991335648871,0.012213182019527322,1.9103502872568885,0.7987759431099872,0.5179629568044497,0.14462289231751124,0.24731518196458907
29.00018,0.2909508636455684,0.20884123498543236,-0.02215117254634309,-1.9699107119450483,0.012185056327763167,1.9101798170073025,0.7987724051059546,0.5179522511204098,0.14466150189029917,0.24731614532711022
29.100056,0.2909506617544331,0.20880803631152675,-0.02213775732622848,-1.969904836220642,0.012186584714877085,1.9101634889074932,0.7987719323565038,0.5179479440307608,0.14467397542512198,0.2473555188863123
29.19995,0.29087725708427475,0.20787773536444143,-0.02219337983510491,-1.969929862090524,0.012200661260635296,1.9090017053773416,0.7987678619984532,0.5177100997483277,0.14454936202485924,0.24801255970597486
29.300229,0.29091220224372566,0.20490771844177022,-0.022106261363852495,-1.9700529706649526,0.01224003764518325,1.908350812700905,0.7987585523596468,0.51785371678736,0.14469713694093014,0.24970810703417484
29.400118,0.29090728033824687,0.20134441848838763,-0.021836697766719593,-1.9701479299152644,0.012246147015815742,1.9083132067821211,0.7975489591947326,0.5180253722174383,0.1449764181053466,0.2516857678153689
29.500035,0.2909108478532279,0.19464146997999604,-0.020754540071449775,-1.9711678455252963,0.012249609415434919,1.9077724020901639,0.7944618153692833,0.5177045056665917,0.1454931185523648,0.2555187505138242
29.600127,0.29085697213271805,0.17792828976729214,-0.02064553366200219,-1.9770663814890856,0.012247595087040559,1.9059413247001575,0.7944281967287439,0.5161992492346158,0.14498989635655116,0.26245344684938826
29.700111,0.2902599748735582,0.1542420563374089,-0.020783677000057246,-1.98685378747961,0.01224480636225322,1.905320241592772,0.7944336082865152,0.5140357287601792,0.14394361375834158,0.2716607809310581
29.800164,0.2896551910640135,0.12626384182437878,-0.02108628741425684,-1.9969995280342665,0.0122338998160738,1.9039693568180331,0.7944323389649053,0.5121002048922658,0.14293856478117273,0.28272451572472346
29.900143,0.2890429518175189,0.09551607741725306,-0.021475253514385367,-2.0064996015640486,0.012230297217438965,1.9034909971598244,0.7944209658527124,0.5103547322613708,0.1419517648795304,0.2956701534293723
30.000156,0.2885317659086565,0.062236825640866654,-0.02153144325953677,-2.013802862166888,0.01223168393642262,1.9033252722508525,0.7944162174583145,0.5092782119516955,0.14143814947197156,0.31113867755417646
30.100111,0.2884072081948206,0.027852940707150796,-0.02155904597127763,-2.014979608904215,0.012220733568648013,1.9031911460580846,0.7944066182603416,0.5096244700445556,0.14141595845815072,0.328975197562669
30.200158,0.2878413520720905,-0.008259925310002622,-0.021600691852081574,-2.0149887650555947,0.012218687859222633,1.9031630330941005,0.7943820746681431,0.5095247780063357,0.14101511043673623,0.3481640025548576
30.300227,0.28769103023948256,-0.04729882736798879,-0.02211863633236637,-2.0150199855218465,0.01222296780138685,1.9031325360595048,0.7943714358646237,0.5086201455481705,0.14033920248010823,0.3695676022905343
30.400061,0.28764458449272,-0.0890840635159595,-0.02375437675366253,-2.014647133549792,0.012221738876999831,1.9031556781458654,0.7943660243067775,0.5071012729312337,0.13883789624260076,0.3917507886376732
30.500013,0.28761494473382976,-0.13270927285975012,-0.026117907387997578,-2.014286072011967,0.012210754921221447,1.903110075279272,0.794372301713867,0.504626450696912,0.13660271702124074,0.4148146837825495
30.59998,0.2870351621396491,-0.17621562711113353,-0.03045689134340157,-2.0137984393622865,0.01220801437412717,1.903152116451911,0.7943745745681309,0.5014930554501261,0.13259870759286516,0.43791270013754735
30.700191,0.28436379726689154,-0.21878259441075312,-0.036192675054700876,-2.013744331342787,0.012199138913161836,1.9031492986853231,0.7943745745681309,0.49822562045606095,0.12660915468199335,0.4591937448756897
30.800131,0.280142470527833,-0.25644161274288996,-0.04346834892853313,-2.0140044084583666,0.012171897555514595,1.9030995317531942,0.7943714358646236,0.4948277022847063,0.11911373112324136,0.4777879516713697
30.899945,0.2777127388642746,-0.28637262138004604,-0.05401954959660773,-2.014185168748359,0.012167878265727964,1.9030972951056766,0.7943691630103596,0.4924107873969881,0.11122822340527477,0.4914662395463788
31.000116,0.27537975097946865,-0.3042348789538927,-0.06509736790700292,-2.014513569425858,0.012159297312770719,1.903011439193685,0.7943714358646237,0.4914749277505927,0.1036835752872844,0.49898609636843083
31.100283,0.27338389702066523,-0.3106274974621688,-0.07552179351233347,-2.0145108423938725,0.012157114339463107,1.9028805027204396,0.7943696053568732,0.4920668659266126,0.09726418855735162,0.5007005275054526
31.200076,0.2726447162876315,-0.3098868030566135,-0.08689086843325126,-2.017370106703759,0.012120630619548291,1.8980182747042977,0.7943379731564254,0.49144434651215774,0.09053385017450752,0.49691844296913
31.300086,0.266295014991893,-0.3095839148911084,-0.09626858076538171,-2.028637450900414,0.012128447429757888,1.8861858538313383,0.7943442915223733,0.48874082493384674,0.08178183880486467,0.4886114868707348
31.400022,0.2543106978808124,-0.3096045652538409,-0.10328498773047633,-2.04550384744769,0.012163361684841818,1.8842619271845278,0.7943456575232615,0.48730780037404203,0.07191587693458719,0.48009495241969696
31.499967,0.2454401658155757,-0.31036031489228577,-0.11038209082639655,-2.058638642273442,0.012184929901093001,1.8842646736585158,0.7943461924449535,0.48595514895121383,0.06480341923691835,0.47420376732240244
31.600013,0.2432396517270152,-0.3107649680176805,-0.1152819384146941,-2.0670616676289693,0.012181033579508657,1.8842338318504503,0.7943397343247881,0.4849445449784946,0.06197249110352493,0.47054926017676824
31.699953,0.24324565462617653,-0.31076317988257435,-0.11696717714171541,-2.0696876391476047,0.012183722347958885,1.884213960914311,0.7943397205877543,0.48472636956633075,0.06145568027442588,0.4697919903826451
31.800197,0.2432320086985235,-0.31098931602359486,-0.11701279577104143,-2.0696369079867774,0.012179518343321693,1.8841855393174527,0.7943398781634423,0.48468748207161594,0.06141742399394567,0.4698709550903979
31.90012,0.24307022978081982,-0.31099993990479613,-0.11737557103578881,-2.0696480245959274,0.012177894876213017,1.883586741652941,0.7943389731445065,0.4845025026205627,0.06113536782918716,0.4697454991578352
32.000031,0.2429723216291238,-0.3117592201048676,-0.11745093575174466,-2.069636905569552,0.012182657046829052,1.8770596679525666,0.794322676755149,0.4826410188561642,0.06085577078605058,0.469344182440978
32.100017,0.24298605033715628,-0.31437215776525973,-0.11743321010004927,-2.069646118353885,0.012183012146311453,1.8641586964643346,0.7943208408877276,0.4797905281513378,0.06051921762753315,0.4694003752756346
32.200191,0.24304161345993888,-0.31832228059800116,-0.11739861010405142,-2.069643814929749,0.012195008694946856,1.854738657688334,0.7943197256577292,0.4775111346752242,0.06029868802274097,0.4704659805654834
32.300136,0.2430929874042021,-0.32279008347363347,-0.11734376988180417,-2.0696178344985108,0.01218895264935749,1.8529120733598856,0.7943234321929118,0.4768338253782542,0.06012200916519029,0.4725016690207534
32.400161,0.24306739572823213,-0.3261401727834724,-0.11740074213928989,-2.0695848600286513,0.012186531457219136,1.8529310427179448,0.7943232706718042,0.476447502502754,0.06003716991594965,0.4739350073359076
32.500284,0.24315972578602346,-0.32701284612413734,-0.11727889710256267,-2.069538512153111,0.012214083621558923,1.8529607410364892,0.7943291479510497,0.4763832288836297,0.06014182637996783,0.47413209941949774
32.600114,0.2438665817101966,-0.3270218686475244,-0.11699852760803534,-2.069548390052965,0.0122234544471013,1.8529552228936552,0.7943244940113663,0.4763037309679372,0.06074034229580612,0.4741447630228415
32.700091,0.245200045195149,-0.3270275315034205,-0.11648060638454877,-2.0695532747799787,0.012216819042214947,1.85297688324994,0.7943267668656303,0.4761975884598544,0.0616100655686364,0.47417324639419756
32.799994,0.2456351565446978,-0.3270406206794668,-0.11652635022864215,-2.0694962408967736,0.012221372094093153,1.853078452990294,0.7943237363932784,0.4762179207459789,0.061653497106573384,0.4742327606213458
32.900055,0.24587166873854036,-0.32704897648225856,-0.11649493535180844,-2.0695049136247685,0.012221783530371342,1.8530403719253794,0.7943228705440349,0.4761699223009681,0.06191592533574957,0.47420774445446545
33.00005,0.2474737720156156,-0.32698456253696934,-0.11649838937729412,-2.0695432775362073,0.012210386692465547,1.8530041065126293,0.7943244940113663,0.476050801187851,0.06269829245698265,0.4741175842533778
33.100006,0.2480301727798918,-0.32697152599330626,-0.11660013735988246,-2.06958918395957,0.012204272931950342,1.8501606089839102,0.7943187589335254,0.47482965604833377,0.06266280371558071,0.47345308096956457
33.200165,0.2490194696287158,-0.3269752597295467,-0.11655141969287053,-2.0695474016350843,0.012232167601920875,1.818323821559366,0.7943236628209521,0.4665698653967371,0.062238678975858865,0.4692226337333429
33.300091,0.24901237726790096,-0.3269486302799013,-0.11673697325622022,-2.0693521832576085,0.012260610145577767,1.752670962189251,0.7943385216087745,0.4525639209181782,0.06031268988412953,0.4628912599973236
33.400145,0.24893526955168677,-0.32688981923888105,-0.11872145611607937,-2.069226028088424,0.012269078835471537,1.6869259387053057,0.7943733057617197,0.43952651466722725,0.05775592187777819,0.45796237102457316
33.500021,0.24885462295078822,-0.32689695321792633,-0.12161368699313149,-2.0688937270935353,0.012271183659366903,1.6526101720231652,0.7943744005315874,0.4346944562062836,0.05585014937494159,0.45635797709718307
33.599949,0.24817705708559523,-0.32681920845848006,-0.12219320097049095,-2.0686142671148633,0.012281721970641079,1.652415807816736,0.7943759157677633,0.43488156225506563,0.05561727856412774,0.45646970042878837
33.700148,0.24818911832545593,-0.326474841529691,-0.12199188471870678,-2.0686247432118456,0.012273291547793863,1.6524214489201037,0.7943778354092438,0.4349205424611294,0.055652341834197754,0.45628667882992924
33.799953,0.24819673418038732,-0.3261463056103083,-0.1219855304990361,-2.068625831427056,0.012278139101884052,1.652422543206564,0.7943787892566887,0.4349552681213436,0.05566571748011656,0.45616343422886324
33.899953,0.24818911832738283,-0.3260321245906918,-0.12198660999123073,-2.068622723837924,0.012273474057572792,1.6524214305865284,0.7943778807669489,0.4349638869866663,0.05567147909991753,0.4561284653308546
34.000158,0.24818783102922584,-0.3260086469182427,-0.12198843821496165,-2.068624744156525,0.012273132918690581,1.6524206729712319,0.7943744005315874,0.4349666086126988,0.05567503710882939,0.45612206904660013
34.100003,0.24818622303262236,-0.3259990298919109,-0.12198726199930843,-2.0686237721331273,0.012274284423750973,1.6524182925613442,0.7943717174261267,0.4349679133400736,0.05566891850821351,0.4561179519713263
34.20008,0.24819219155444414,-0.3259995869653538,-0.1219867066589887,-2.068625508267795,0.012278502138758607,1.652421430592809,0.7943789331581631,0.4349672528872072,0.05567108844968451,0.4561160260171547
34.300008,0.24818935702258899,-0.3259956538926063,-0.12198553054547644,-2.0686207954465377,0.012272621522331547,1.6524225590779615,0.7943744005313659,0.4349669195925078,0.05567078477903843,0.4561108869980897
34.400101,0.24818782903488512,-0.32599455328523586,-0.12198481855288831,-2.0686217514259564,0.012271493405046574,1.652422959558754,0.794379812083377,0.43496775558439804,0.055673165875793795,0.4561176722802957
34.500095,0.2481855202438298,-0.32598828106589794,-0.12198458374546572,-2.0686261941981328,0.012276122583483788,1.652422187558594,0.7943798120893587,0.4349684858336069,0.055669127158191674,0.4561142757999236
34.599941,0.248190067739284,-0.32598746600814876,-0.12198481812386303,-2.0686273929755443,0.01227755317653748,1.6524212736031016,0.7943759157139273,0.4349683044260718,0.055673475968885555,0.4561124949127292
34.699999,0.24818983861698116,-0.3259829464661989,-0.12198481562988223,-2.0686235411782716,0.012276278864634116,1.6524206729684405,0.7943759157497934,0.43496785196706983,0.0556723557314569,0.45611124997268176
34.799977,0.2481876504992682,-0.32598427101379407,-0.12198481855288093,-2.068625839895412,0.01227308838192201,1.6524247684466358,0.7943744005289289,0.43496995199761135,0.05567231334831613,0.45611239967763073
34.900203,0.24818611518560868,-0.3259806973611757,-0.12198376004300063,-2.0686244119536044,0.012275154532518094,1.6524214305865397,0.7943759143141393,0.43497019329936104,0.05567091318877995,0.456112965436345
35.000102,0.2481935917304113,-0.3259818735808317,-0.1219827829837041,-2.068622348530573,0.01227591655834125,1.6524221882048489,0.794375915103796,0.43497022385971423,0.055671656513557315,0.4561109681027681
35.100135,0.24819158695441487,-0.32598700240736095,-0.1219866041316061,-2.0686200962772205,0.012274711040397691,1.6524221882046164,0.7943736429134994,0.43496985764991525,0.05567110837537641,0.45611290823976725
35.200009,0.24818959042511496,-0.3259870110741549,-0.12198303586786485,-2.0686257378461037,0.012279265674165464,1.6524214305865284,0.7943736429134994,0.43497006854485537,0.055668926796713654,0.45610914573056216
35.300325,0.2481893652709718,-0.32598318922745895,-0.12198303200661904,-2.0686223381376494,0.012276884591442975,1.6524237034407923,0.7943763713658086,0.4349688050018943,0.05566942985568381,0.4561118632292997
35.400223,0.24819325154884195,-0.3259868970029927,-0.12198660118976529,-2.0686220341242763,0.012277087682237465,1.652422189730844,0.7943820849436226,0.4349691810328142,0.055671157492952414,0.4561110011160976
35.500057,0.2481880652960533,-0.32598323508831945,-0.12198303492961815,-2.0686234395451577,0.012275215174923195,1.6524190495011093,0.7943766733319424,0.4349689069039841,0.0556696156988212,0.4561100872311597
35.599946,0.24818654064822387,-0.3259805430307495,-0.12198635563188591,-2.068624647467602,0.012275013630196223,1.652424010828548,0.7943805697074466,0.4349697941511071,0.05567021658812774,0.45611107491239816
35.700068,0.24819159667666874,-0.3259842460270056,-0.12198458179169866,-2.0686219796121907,0.012276682288253661,1.6524229458227044,0.7943781886220274,0.43497079606778755,0.0556694213452755,0.45611244115523863
35.800031,0.24819401780507955,-0.325980188616799,-0.12198868099498039,-2.06862372413375,0.01227790817979676,1.6524214305865281,0.7943798676971859,0.4349694633097037,0.05567057300092878,0.45611118581130244
35.900002,0.24818958905460792,-0.32597871549945306,-0.12198436510779005,-2.068621982470046,0.012273486616321206,1.6524229458227044,0.7943781886220165,0.4349686695829427,0.05566966710681115,0.45610776252737106
36.00006,0.24818783783375736,-0.32597817529660306,-0.12198491384777416,-2.068622566792623,0.012273084722720292,1.6524221882046164,0.7943727770615236,0.4349693709280983,0.05567055832378617,0.45610850988398466
36.100091,0.24819548579266199,-0.32597827239778054,-0.12198481465554176,-2.068626290570387,0.012275154556384256,1.6524229458227042,0.794372777064256,0.43496995636775726,0.05566723536046768,0.4561092809192411
36.20004,0.24818925702792716,-0.3259799937513249,-0.12198481855288806,-2.0686235355288183,0.012272838473126301,1.6524190495011093,0.7943744005315874,0.43497057672807415,0.05567045513008372,0.456110591842659
36.300111,0.24819154820423378,-0.32598018565947834,-0.12199046357173647,-2.0686279715826097,0.012277024850098068,1.6524229458227044,0.794380569701465,0.43496938474795854,0.055669818914498556,0.4561100306501437
36.400114,0.24818859141881944,-0.32597817235909476,-0.12198857670567885,-2.068622632143172,0.012275215156884412,1.6524206729712319,0.7943805697074466,0.4349690653450291,0.055670665005305715,0.45611078249082426
36.499951,0.24818737610524075,-0.3259782694885291,-0.1219841053291772,-2.068619970619825,0.012274765146550522,1.6524214305865284,0.7943798076748728,0.43496957705545797,0.05567235559801831,0.45610870647703156
36.599963,0.24819295629360694,-0.3259801881666525,-0.12198660075672844,-2.068623430620223,0.012278665797895843,1.6524237034407923,0.7943742435481608,0.43496881317523245,0.05566923115407814,0.4561106937712417
36.700032,0.2481883499378816,-0.32598278213005977,-0.1219886770615203,-2.0686200962887735,0.012277038001036874,1.6524221882046164,0.7943742434943254,0.43496726304561856,0.05567428282509246,0.456105360560993
