0.0,0.3083513114559123,-0.0018743294061847047,0.4865649996646245
0.10013,0.3083512674781093,-0.0018755894283864647,0.48656783577684826
0.200047,0.30835214102339553,-0.0018769101123847626,0.4865667957707721
0.300149,0.3083516112606833,-0.001877139172375155,0.4865666602438523
0.400096,0.30835172111748405,-0.0018746010204303072,0.4865677254284529
0.500103,0.3083516061327738,-0.00187700126517279,0.48656873023195607
0.600084,0.30835171619658175,-0.0018760819765039338,0.48656575416970343
0.700046,0.3083513512715099,-0.0018781297764841626,0.48656648924464063
0.800069,0.3083513017091341,-0.0018753399847055573,0.48656888138514975
0.900093,0.30835203972680053,-0.0018759840997586551,0.48656740427086015
0.999987,0.3083517639707658,-0.0018774869876773284,0.48656722584681306
1.100119,0.3083505323125366,-0.0018771171604691516,0.48656387181421484
1.20002,0.30835176047511537,-0.0018752382066627728,0.4865663176617707
1.300042,0.3083520052103753,-0.0018772298581238335,0.48656953881719284
1.400065,0.30835139673727235,-0.0018785791798758382,0.4865684651131656
1.500033,0.3083512775978641,-0.0018770144647920171,0.4865669266690565
1.599995,0.30835146276494135,-0.0018759502805034739,0.4865681320842038
1.700007,0.3083524625970046,-0.0018783438618072586,0.48656690686407683
1.800033,0.30835116362772763,-0.0018786641680798633,0.486566709884752
1.90007,0.30835089122824083,-0.0018790565905068802,0.4865649037656764
1.999992,0.30835151476286365,-0.001877639716103747,0.48656641545636264
2.100047,0.30835178407625224,-0.0018773589860267416,0.4865691383894237
2.200147,0.30835111130075765,-0.001877299794044425,0.4865635496106021
2.300011,0.30835061973082073,-0.0018770748860973499,0.48656658511374806
2.400103,0.3083520808651466,-0.0018774257857712864,0.48656787972555426
2.500059,0.3083515501752216,-0.0018789157897526883,0.4865687372475181
2.599977,0.30835086734643585,-0.0018762990959165773,0.48656902726618834
2.700025,0.3083512462654191,-0.0018773091802251453,0.4865669910072963
2.800032,0.3083517189203918,-0.001874383268569657,0.48656902379840067
2.900048,0.30835186898807737,-0.0018776909543234545,0.4865673359994662
3.000233,0.3083508942492876,-0.0018749400379290688,0.48656780220989815
3.100073,0.3083517094360535,-0.001875786105773504,0.486568048359581
3.200003,0.3083517292744728,-0.00187816466487923,0.48656815450055996
3.3,0.30835164212865307,-0.001874962943739957,0.4865654244669382
3.400061,0.3083513345016379,-0.0018758753483256924,0.4865660743502509
3.500069,0.30835160854534177,-0.001875393892132918,0.4865672104465857
3.600068,0.3083514603966165,-0.0018757797843794097,0.48656813316008335
3.700086,0.3083520393990025,-0.0018783195905697852,0.48656769252566084
3.800074,0.30835154313276536,-0.0018776613308621633,0.4865668326230444
3.900039,0.30835119949067435,-0.0018755897114620737,0.48656604348388327
4.000017,0.30835228585905977,-0.001877006568728242,0.48656869842829975
4.099991,0.3083506723137644,-0.0018790144090859444,0.48656694059863814
4.200002,0.3083518718625521,-0.0018766185808576216,0.4865673277077891
4.300077,0.3083511419533769,-0.0018763013236908896,0.4865688170972355
4.400043,0.3083516709958124,-0.0018774472589524961,0.4865686002405323
4.500005,0.3083523836324569,-0.0018787144773763234,0.4865672164719868
4.600058,0.3083516784831092,-0.0018760830267750468,0.48656934526268747
4.700028,0.30835066735477007,-0.0018781836333169213,0.48656652423080554
4.800045,0.30835092959649935,-0.0018772334995755362,0.4865688937282799
4.900071,0.30835232334847973,-0.001878605007051711,0.48656842867336253
5.000023,0.3083506173003634,-0.0018776377460611453,0.48656432697142005
5.100307,0.30835203416885953,-0.0018757665188679298,0.4865680340448277
5.200034,0.3083504855723708,-0.0018774990204923929,0.4865707155079392
5.300135,0.30835074050887323,-0.0018787704748260679,0.48656636886779486
5.399976,0.30835082795651914,-0.0018759514590195748,0.4865662224623267
5.500001,0.30835053763025205,-0.0018771585670044918,0.48656700494137584
5.600033,0.30835065983330057,-0.0018761114371304494,0.486567250303453
5.700051,0.3083506612660469,-0.0018752718854966694,0.48656582671597337
5.800028,0.30835153327633874,-0.0018750971995551637,0.4865644678504979
5.899976,0.3083517735888261,-0.0018778427654992046,0.486566372781413
6.000043,0.30835048841209534,-0.00187694126588034,0.48656785822551085
6.099976,0.30835137502822807,-0.0018786832067932246,0.48656637808056896
6.200001,0.3083505130027149,-0.0018745639720194694,0.4865660237514704
6.299944,0.3083512993462852,-0.0018776608402711354,0.4865685744060223
6.400027,0.3083502032423297,-0.0018770814615436632,0.48656752120094204
6.500031,0.3083507550562422,-0.001878820028945453,0.48656803585218517
6.59997,0.3083503966735362,-0.0018768699976339418,0.486565874210576
6.699992,0.3083513460306808,-0.0018774906374716368,0.48656717822678414
6.800112,0.3083517925814865,-0.0018774447498612792,0.48656665291822593
6.900014,0.3083514931200283,-0.001878209110054276,0.48656679474361253
7.000038,0.3083518305594066,-0.0018754891318008334,0.4865687854151752
7.099967,0.308351382249023,-0.0018761166381685503,0.4865683992854298
7.200068,0.3083506348156049,-0.0018769078553930768,0.48656668048344776
7.299996,0.3083521662044389,-0.0018770550822042682,0.48656636640847145
7.400009,0.3083517954292186,-0.001878033619814147,0.48656808295406545
7.49999,0.3083508181079024,-0.001875218900297028,0.4865662473208438
7.599996,0.30834927700322723,-0.0018769714244035462,0.4865684638962752
7.70006,0.30834911222214756,-0.0018762309236520977,0.48656674668683
7.80003,0.30834871921710166,-0.0018754082102544747,0.4865662799207
7.900055,0.3083482158211166,-0.0018779649576641379,0.48656438687246434
8.000058,0.3083481892591521,-0.0018779349549514891,0.4865662228111191
8.099968,0.30834914155189763,-0.0018780555539971934,0.48656495691554974
8.200016,0.308351816447227,-0.0018758367870143219,0.48656759892201684
8.299967,0.30835367586796086,-0.0018790873451435624,0.4865695445379981
8.400036,0.30835422571098936,-0.0018780538283615774,0.48656893038588156
8.500061,0.30835505606228353,-0.0018763748138884897,0.4865692558815057
8.599992,0.3083554291883504,-0.001874864685864116,0.48657097059369736
8.70001,0.30835304748861314,-0.0018765992221438474,0.48656695414335105
8.800243,0.3083443923109421,-0.0018747796315724988,0.4865644529171105
8.900051,0.3082188712981155,-0.0018754082525612894,0.4865125872919134
9.00006,0.30795865715128223,-0.001875724177606351,0.48640654688186225
9.100061,0.3078583586377447,-0.0018851417061927656,0.48636706454846224
9.200018,0.30789090730963253,-0.0022076848869633297,0.4863075960395375
9.30007,0.30856125572209814,-0.0031192195496817514,0.48535964330240533
9.400071,0.3112097235008736,-0.0050385340923322945,0.48208458936211607
9.499952,0.31735196502640345,-0.007980526875588548,0.475976539675426
9.599972,0.32576662751755586,-0.01190020965016678,0.467682419565712
9.700044,0.33551757189912707,-0.016194260492820543,0.4573703915069429
9.800011,0.3462099673879386,-0.02070608534488195,0.4457201903716469
9.900069,0.3575194008476386,-0.02490864642249192,0.4331060012710972
9.999984,0.36912145341331504,-0.028889017345217854,0.4193094683687798
10.099978,0.3804887592866431,-0.032285514971890056,0.40462029117010323
10.200004,0.39127692020495786,-0.03465373051418882,0.38937045995326036
10.300056,0.40100817625516927,-0.03615675894953117,0.374571645845916
10.400048,0.41032972124437056,-0.036737941926988704,0.3609022973905266
10.50007,0.4189293036687636,-0.034601269607123064,0.3492552408878123
10.600107,0.4269032241075424,-0.02872630606021133,0.3390666094524357
10.700043,0.4337514786519116,-0.02096110665329744,0.3307758242623052
10.799955,0.44010061479646434,-0.013400799796929666,0.32408214616342434
10.900002,0.44485110855795895,-0.008138200966219809,0.3179580327434541
11.000051,0.44706835757162633,-0.007864159997694103,0.3120145456335436
11.100052,0.4471807387354025,-0.014453977315394972,0.3051028882173299
11.199999,0.44870510434117433,-0.021906285146520352,0.29886253505863386
11.300236,0.4507681302314273,-0.02325792808540394,0.29386772315772347
11.400127,0.45308198112536424,-0.020190160074690426,0.2894444777217207
11.500058,0.4548799276145093,-0.016373695830330885,0.2857139288217198
11.600095,0.45639037011823286,-0.013756698686458109,0.2815779909428834
11.69995,0.4576103686554281,-0.012839173063157258,0.27701467565302584
11.799951,0.4588717023601321,-0.012763920267080066,0.2731255821795066
11.900035,0.45935040995375903,-0.012799382969367482,0.2693643289555771
12.000014,0.45959456497934514,-0.012822887988164871,0.2668202953895943
12.100033,0.46000918465742613,-0.012847092251521423,0.26574517631756345
12.200039,0.4601917080682893,-0.012863146817392718,0.26445526219825854
12.299981,0.4600307219718477,-0.012885285153321036,0.26223632300533983
12.399956,0.4597561730475029,-0.012894192489781535,0.2604634402270275
12.500025,0.4597185012455104,-0.012898571084327298,0.2601520295841502
12.600044,0.4597134591006504,-0.012897212986188806,0.2601358688148479
12.700014,0.459711876025338,-0.012897413497331025,0.2601109274823033
12.800037,0.45967491549497813,-0.012896858426515776,0.2598881548687857
12.9001,0.45959857907928814,-0.01290309328752259,0.25938253824152596
13.000114,0.4594593999546919,-0.0129097835184735,0.2584729950340491
13.100015,0.45936682584115385,-0.012920378596295964,0.2572817846701614
13.200001,0.45947306074144106,-0.01293280273100364,0.25652667120685546
13.300088,0.45970879775346435,-0.012941984637671563,0.2562136434515895
13.400162,0.45984362760126385,-0.012946252068361776,0.25605454156853696
13.50007,0.4598561296226542,-0.012950015630654607,0.25579445417112634
13.600024,0.45983597412491045,-0.012954248512888034,0.25548812181403135
13.700143,0.46034401394717034,-0.012982786150569147,0.25546791020433424
13.800018,0.4606129317625449,-0.01299950744658893,0.25509037387558836
13.900099,0.4611084644639006,-0.013029175871994007,0.2548073346083586
14.000088,0.46206936322574294,-0.013079489971627858,0.25469402005979275
14.100059,0.463238250540886,-0.013140772997689086,0.25484907426496894
14.200041,0.4640122277381178,-0.013186267590150519,0.2548926526207661
14.300082,0.46530837203908804,-0.01325795763000539,0.2550564164834532
14.400037,0.467765016216469,-0.01338455601661925,0.25511289184621755
14.500011,0.4699363923923975,-0.013496129022346764,0.25500748039206167
14.599954,0.4725194715587693,-0.013628759447052089,0.2549877870380319
14.699954,0.4752549448440382,-0.013764649687064392,0.2554939236310092
14.800008,0.4772988466237114,-0.0138643133345917,0.25540924659985564
14.899994,0.4793851943232776,-0.013970643770874609,0.2549625634470659
14.999955,0.4816544092588142,-0.014090149009530992,0.2549511971195574
15.099943,0.4831364824338639,-0.014106353933266846,0.25484087514510545
15.199953,0.4849207249543928,-0.013908443571750298,0.2545714392908979
15.300041,0.487674154406362,-0.013820286014232063,0.25429629177594376
15.400221,0.4912454356488581,-0.01378451136638656,0.2544407630808726
15.50013,0.4950396136158603,-0.013720923002030908,0.2542175184677267
15.599996,0.4993738921305921,-0.013638702377211652,0.2544602262561841
15.700052,0.5044189769903524,-0.013533808326239577,0.25448161033213357
15.800041,0.5095002726415413,-0.013292916999580991,0.2547771601951899
15.900073,0.515117400034584,-0.012882398513985024,0.25487409928303634
16.000073,0.5202974503544909,-0.01224403736501128,0.25494198544204205
16.099997,0.5251716763847002,-0.011585855702709742,0.2547531571478945
16.200044,0.530359493893338,-0.011162437925888481,0.25478950353028623
16.300084,0.5355648325481399,-0.010930668464330572,0.25485746564390244
16.399946,0.5414847668093097,-0.010784361458381042,0.2547030696154587
16.499982,0.5475842515498885,-0.010657085940520858,0.2546545908520626
16.600007,0.554271429601528,-0.01039418599415433,0.2548522377190876
16.700188,0.5617006178319127,-0.00999539906245602,0.25518911945987416
16.800065,0.5694297053702947,-0.009430098465174175,0.25546821036103307
16.900051,0.57673730397883,-0.008929312848191831,0.2555350950498368
17.000005,0.5834542542350749,-0.008389837336338662,0.25579048108419344
17.099953,0.5899699564620325,-0.00758130183536555,0.25630377195926535
17.200045,0.5947025743813119,-0.006808200176754776,0.25623317012131014
17.300004,0.5983699027224616,-0.006198238980723244,0.2563776478128355
17.400049,0.6003754798763017,-0.005727328455214654,0.25655423246155556
17.500558,0.601508455944965,-0.005367837974142478,0.2566870329414567
17.599967,0.6018267929645936,-0.0051938252065872464,0.2565163306115369
17.700103,0.6018328236231262,-0.00520002941010495,0.25651830853930807
17.800045,0.6018386374106414,-0.00519614776102085,0.25652113362654727
17.900036,0.6018400640175202,-0.0051992734981829375,0.2565187058237418
17.999976,0.6018437262719069,-0.005202252914052261,0.2565193578581586
18.100047,0.6018453121396126,-0.00525847469467371,0.2565232016226304
18.200078,0.6018461076667432,-0.00545002984415836,0.2565436774701678
18.300031,0.6018498579035245,-0.006225702826257628,0.2565883854206282
18.399977,0.6018282604217868,-0.008906154020579185,0.25666719595785203
18.500002,0.6017501018324187,-0.01398159253283596,0.2567582210327336
18.600038,0.601749484822617,-0.020418393256369904,0.25665669311214623
18.700112,0.6017623241063436,-0.02723210417658882,0.2564209495691417
18.800139,0.601576253737816,-0.03468365864320331,0.2564731397879897
18.900008,0.6010436112464015,-0.04363572036815992,0.2564189871101327
18.999948,0.6002407745805582,-0.05353847392157515,0.25635211939528046
19.100055,0.5992157409094266,-0.06394994669369593,0.2562886712783355
19.199994,0.5980606962222131,-0.07392594158846581,0.256200229782572
19.300041,0.5968226809964278,-0.08315953645346923,0.2559967375433042
19.399992,0.5956389659406337,-0.09139235587534082,0.25574000847683276
19.500006,0.5951013181017885,-0.09857522005384328,0.25568671115378167
19.600041,0.5952627931967804,-0.1056730162198307,0.25544229915277433
19.69995,0.5960006020622463,-0.11265824343545133,0.25557836878637935
19.800007,0.5961647631681377,-0.12008668968076186,0.25595348487790587
19.900009,0.5967056443348718,-0.12856189356101722,0.256044618813096
20.000004,0.5969643880394062,-0.13761316716935393,0.25564885624981354
20.1001,0.5970632572631532,-0.14697650572759427,0.2558141002304971
20.200041,0.5969035515267419,-0.1562658674365858,0.25564492624703916
20.300099,0.5962536257226111,-0.16458057930441425,0.25620235249521994
20.400134,0.5946080427566565,-0.1722163205081843,0.25626538221847983
20.500059,0.5932836739797664,-0.17890123122321944,0.25620032297097983
20.600058,0.592225605275949,-0.18445058931501135,0.2562836964671979
20.699941,0.5913248680104063,-0.1886669458208397,0.2563081671269152
20.800007,0.5907689857924022,-0.19120270823912552,0.25633609665343127
20.89998,0.5904063524388246,-0.19262078194302476,0.25637376246143084
21.000017,0.5902229886237421,-0.19329098459555988,0.2563953665482684
21.100055,0.5900941627033927,-0.1936897708677278,0.25640778835465317
21.200116,0.5897559952987225,-0.19420362368573563,0.2562315291063438
21.300072,0.5892581455166649,-0.19454373451744264,0.25585382920953015
21.400029,0.5885744519591865,-0.19490607511686386,0.25557889187666005
21.499942,0.5871826227509455,-0.19521097982447602,0.2553262849781845
21.600024,0.584757190752872,-0.1954048262287279,0.25457683834119754
21.700118,0.5813257750288097,-0.19526756691845287,0.2547645463813053
21.799972,0.5767929951754603,-0.19517253952046792,0.25469886625339644
21.900193,0.5721095268364715,-0.19559959599906385,0.25396900635192254
22.000011,0.5671267902947715,-0.19607528972783775,0.25406107241116616
22.100035,0.5609349971612111,-0.19609988152409435,0.25363690764103924
22.200119,0.5550462471387401,-0.19590529855069674,0.2533232753910619
22.300053,0.5487110225842994,-0.19549759211755255,0.2530559461840888
22.400025,0.5424156978059095,-0.19525701459015016,0.25269684163450223
22.500072,0.5355720075810622,-0.1953294334937091,0.25231990269394616
22.600051,0.5290306649193759,-0.19568069269906574,0.25206410954542924
22.700048,0.5224575351660172,-0.19585297086807668,0.25164661277143124
22.799932,0.5168477776355287,-0.1960744606551078,0.2517007405862964
22.900015,0.511227406773073,-0.19606506547987768,0.251308379647769
23.000044,0.506582894116362,-0.19592969961622753,0.2514245574469401
23.100027,0.5021541590079436,-0.19526101464539025,0.2512738107133239
23.200067,0.49836834511345923,-0.19457147663506877,0.25130408301374796
23.300005,0.49451197603584174,-0.19360549590922183,0.2512460555494016
23.399955,0.4921951437831997,-0.19309500645292402,0.25113293432093137
23.50006,0.48951630506051175,-0.19233503752375333,0.25143346631655633
23.600118,0.48705291689535196,-0.19172973971439208,0.2512686698092266
23.70006,0.48564566882977345,-0.19141765330533364,0.2508525275690117
23.799988,0.48471011203208364,-0.19120130257286316,0.25136530739687546
23.900028,0.483518126113289,-0.19104255834264353,0.251365462508156
23.999975,0.4834812663592307,-0.19107552563116614,0.2514353803739797
24.099991,0.48347909950102685,-0.19110561914187865,0.2514988315165386
24.200037,0.4834395387783539,-0.19111846476320113,0.2515519419509728
24.299999,0.4833605115356522,-0.19111065705660463,0.2515845827215077
24.400013,0.48319162732090515,-0.1910931582039184,0.2516115710527808
24.500141,0.48277210115259905,-0.19103649830937477,0.2514819058710979
24.600047,0.48214645497117686,-0.19088899817130472,0.25137055443678175
24.700028,0.4809228962216569,-0.1905471636703467,0.2512492889086071
24.799982,0.4795784663069051,-0.19012909133796796,0.2512069701317803
24.899987,0.47914921729203735,-0.19007572499070233,0.25110116458023646
25.000064,0.4790910411587572,-0.19006855090779404,0.2511308894019865
25.100062,0.47898512486451594,-0.19003784310977914,0.25119816661483985
25.200111,0.47872930105458394,-0.18994867004447355,0.2511829343234319
25.300186,0.4780227994643392,-0.18969470634557598,0.25110281169118587
25.400177,0.47686498096144286,-0.1892492222929091,0.25099698564039796
25.500003,0.4756574590353598,-0.1884563703074777,0.2511532851694588
25.600056,0.4742361277188047,-0.1867080855074611,0.25104748481575623
25.699952,0.4730906788195216,-0.18400985008566162,0.2508299055694023
25.799984,0.47266934579469044,-0.18065602689301963,0.2509545230773205
25.900036,0.4726366552421631,-0.17650549119993353,0.2506539504482279
26.000282,0.4735753035643326,-0.17221025483368388,0.25036322427624574
26.100002,0.4748502462134677,-0.16784322268990906,0.2502159113073609
26.199951,0.4761690854712328,-0.16349281722459305,0.25016872996378664
26.30011,0.4777098601346176,-0.15881921131955348,0.25016823948160494
26.400005,0.4794784125937326,-0.15338612635071874,0.2501692941764196
26.500051,0.4813892847753273,-0.14727589860317877,0.25017408049544654
26.600003,0.48337125235963657,-0.14063039072253508,0.250188142263155
26.700076,0.48525033573042736,-0.13354560268969154,0.2501859396431531
26.799996,0.4870261179290339,-0.12641985711339154,0.2501797445053133
26.900223,0.48861796338800406,-0.1190058036401952,0.2501366739630825
27.000002,0.4899960341994716,-0.11148858707150788,0.25011847101906726
27.100042,0.49109544130010757,-0.10407531858609731,0.2500924276649133
27.200102,0.491951072466274,-0.09668581091804385,0.2500560646731582
27.30003,0.4926429653778298,-0.0897636560797486,0.2500343429499766
27.400022,0.4931267829971803,-0.08318624390710892,0.250014406459379
27.500101,0.49361708148916267,-0.0773545040111869,0.2499820242367217
27.600103,0.4941353360272989,-0.07192076475972134,0.24996272167732053
27.700099,0.49452897175910804,-0.06682941070925569,0.24994317141835126
27.800013,0.4948331846014037,-0.06179350169919684,0.24992175767650718
27.900061,0.4952204515120758,-0.05656121518553466,0.24991256365553116
28.000087,0.4956775290040851,-0.05104408685746642,0.24991807863878596
28.100063,0.49614995254207594,-0.04509543919199099,0.24995529724689675
28.200023,0.49659519389585505,-0.03881719494438055,0.25004727786751707
28.300042,0.4969698968961679,-0.03248042339779314,0.2500810393785896
28.400103,0.49722940738287735,-0.026337148719330856,0.25010924308707383
28.500183,0.49736866452364337,-0.02089406811480548,0.25013385560990453
28.60016,0.4973862722321946,-0.016677170157699695,0.25014083682119576
28.699962,0.4973061493754272,-0.013487057251325107,0.2501354146392906
28.800114,0.49714751591236056,-0.011217768572995179,0.25012454946582585
28.900111,0.4969043210806853,-0.0094515226274264,0.2500998041249128
29.000118,0.4966501173909552,-0.008232162701129128,0.2500820693297518
29.099973,0.49638473395380955,-0.007552716824210496,0.25021240477950624
29.200198,0.49601547722609596,-0.0073033426430206575,0.25038493063093875
29.300039,0.49539050579450067,-0.007219514031244843,0.2507176886806178
29.400118,0.49393336227155804,-0.0071383120386201565,0.25112748903530463
29.500243,0.49225947707501727,-0.007106458768938864,0.2512893497952735
29.600033,0.49168679009509164,-0.007111811016471505,0.2518383705049014
29.700033,0.4918400530563973,-0.007129865414317279,0.2530774783255307
29.800243,0.4922481024066672,-0.007161058092530283,0.2555323156189152
29.899953,0.4927772446386494,-0.007103572425253074,0.2580769118028941
30.000255,0.4936181735789158,-0.006745746363329698,0.26033316662941897
30.099933,0.49527687436516643,-0.006175297829165971,0.26299089247287144
30.200068,0.4978573032911813,-0.005385884924881413,0.2652140046581174
30.300034,0.4997730787552097,-0.004681769553276878,0.26611050300460803
30.400034,0.501182415200771,-0.004198602279765467,0.26634592070055235
30.500082,0.5027846400676991,-0.003800058034553856,0.2666335314696736
30.600049,0.5041061792714188,-0.0035102868341798264,0.26683440866462516
30.699993,0.5057425412907498,-0.003303644102581326,0.26704849954798976
30.800007,0.5071800308789419,-0.003156996604336564,0.2670830358983243
30.900036,0.5082100183049825,-0.0021480805751019957,0.2666240285684661
31.000015,0.5091897693834566,0.002581343841084346,0.265790521479071
31.100011,0.5094545705877319,0.011331416144548617,0.26527757748626624
31.200165,0.5097547809641686,0.02046083148729582,0.26553412226956796
31.299982,0.5109375796992508,0.028187557464700592,0.26629902871984584
31.40009,0.5127734348574096,0.0355193577507385,0.2673554827148388
31.499986,0.512930696996574,0.04164492089264106,0.2674069193291602
31.600011,0.5121679519131046,0.03848768142767424,0.26535797620550383
31.700101,0.5120222641072228,0.02207710420402198,0.26235825983289096
31.800025,0.5120820350251968,0.0016485385281930437,0.26033124086929
31.899962,0.5118081680891422,-0.010949417432742236,0.2597625260370356
31.999959,0.5117767756973597,-0.011773364194098225,0.2597593235240823
32.099961,0.5118649289370405,-0.006599467942839598,0.2597622962336195
32.200013,0.5119118659084715,-0.001078848794489981,0.2597748783049184
32.300272,0.5118893353785066,0.00154528483124948,0.2595739425719282
32.399997,0.5117868922828476,0.0013128773368970802,0.2588622573013805
32.500066,0.5115862175035755,0.0008025072013088715,0.2575282997062882
32.600067,0.5114049340531952,0.0005548063902730358,0.25632430842257814
32.700032,0.5113222819926682,0.0004929708103473818,0.2557657601868103
32.800365,0.51132002284088,0.000459969526994012,0.25572628249747187
32.900137,0.5113143039235516,0.0004414205986305389,0.25568843671576946
33.000048,0.5112975783345508,0.00045243310922550833,0.2555625341225193
33.100008,0.5112726549683869,0.0004589110165003022,0.2554151352398969
33.200089,0.5112672983632767,0.000481942740394317,0.2553697383417598
33.300056,0.5112634495343165,0.0005548014504623095,0.2553558825189709
33.400089,0.5112624964372816,0.0013187199264937484,0.25535522370131614
33.50002,0.5112544692681169,0.0031646139694138462,0.2553556293698109
33.599953,0.511229640724295,0.0060637370239205735,0.2553610217081105
33.699939,0.5111788468195364,0.009467693122992428,0.25536465435256017
33.799958,0.5111079213095362,0.012611409769235069,0.25536401851745494
33.900053,0.5110434517847366,0.01516455575051321,0.2553719798808404
34.000076,0.5109943428701312,0.016752759584996793,0.25537525608956746
34.10004,0.5109661173166835,0.017576153205395677,0.255374692232417
34.200037,0.5109496110633693,0.017997263300708978,0.2553735215953387
34.300128,0.5109484070472396,0.01815676226975676,0.2553779582299482
34.399998,0.5109423135828323,0.01816975298950584,0.25537149860799074
34.500052,0.5109445744981238,0.018174592674167517,0.25537381912406293
34.599959,0.5109454439390354,0.018170934461286564,0.25536883816589084
34.700045,0.5109496952053946,0.01817544606191332,0.25536850122464383
34.800035,0.5109598989341019,0.018171004777202807,0.25537343463435114
34.90005,0.5112237280436535,0.018192782270665356,0.255517421959899
35.000054,0.5115205340321269,0.01821197379316162,0.25552801697894567
35.100027,0.5117956913467532,0.018229658739512815,0.2553892111280202
35.19995,0.5122055933387437,0.018259888036222763,0.25516400741669587
35.299957,0.5128835875366257,0.01830932423928723,0.25498988045600607
35.400043,0.5139963541632296,0.018390985438165884,0.2547726157032246
35.500219,0.5155796589970513,0.018488831413103424,0.25499618386365
35.599939,0.5172293962320015,0.018591563417505688,0.25523114408514924
35.699984,0.5197552430654097,0.01875519262543095,0.2553329715299919
35.799954,0.523166983808527,0.01896711697023583,0.2551978348833903
35.899986,0.5274615235656909,0.019219017804610817,0.25531476494838196
36.000092,0.5319748767142849,0.019480149770163532,0.25573123682271925
36.09996,0.5363663139117187,0.01971827409509446,0.25600470356020766
36.200047,0.5412991995993609,0.01991135801860218,0.2559640977506845
36.300035,0.5457845397998443,0.019947934565711152,0.2565013795901672
36.399953,0.5496769767241596,0.0200893496361497,0.2565370905297689
36.50008,0.5527973061058274,0.020087051468509778,0.25646128002033897
36.599931,0.5553909559077561,0.020078308161980942,0.25706152906422075
36.700011,0.5568238864926502,0.020124418510501535,0.25682906311688314
36.799974,0.5581758183174289,0.02017670265939212,0.25665152213636366
36.900178,0.558915828996954,0.020209273036891948,0.2563037295013596
37.000062,0.5593001865767587,0.02020556491214035,0.2566352386219155
37.099938,0.5593364750952329,0.020071064433833056,0.2566059312323887
37.199959,0.5593616829221449,0.01978623797734582,0.2566116074643162
37.300056,0.5593901258735555,0.019163944049759338,0.25660672875835444
37.400007,0.5594311901614409,0.017921887777242983,0.25658283158615386
37.500018,0.5594856814890866,0.016069579218163037,0.2565508995942128
37.599984,0.5595354774201079,0.014010675744492792,0.25650858149854083
37.700035,0.5595854084701426,0.011742860669170456,0.25647080056423643
37.800046,0.5596268228897607,0.009451416626966028,0.2564315658545105
37.900009,0.5596588791977279,0.007155148892185338,0.25639288850362624
38.000115,0.5596790749567447,0.005063306166577287,0.25636313025741
38.100314,0.559686312826198,0.003517950249264789,0.2563382752993539
38.199974,0.559690434896393,0.0029081267204743135,0.2563330967065216
38.299989,0.559691170927047,0.0029000539638936043,0.25633546246142586
38.400239,0.5596897604065179,0.002907110026940809,0.2563343445157293
38.500083,0.5596883335999444,0.0029287773925653826,0.2563365898576621
38.599979,0.5596835058940131,0.0030296945106832026,0.2563354511010201
38.700116,0.5596759342347802,0.0032147795555252604,0.2563409872173825
38.800036,0.559666789235883,0.003658851746011442,0.2563480328374115
38.9001,0.5595597807316876,0.004296822576558443,0.25634947762634835
39.000076,0.5593566000158251,0.0050658598381301346,0.25631099596795553
39.100036,0.5592312593884607,0.005807611624996618,0.2562899287693456
39.200068,0.5591695062942454,0.0062505281315652465,0.2562848642663478
39.300092,0.5591444821930878,0.006364488021366278,0.2562819721987568
39.400057,0.559139863008197,0.006406505276597018,0.25628600842101346
39.500043,0.5591380689509426,0.0065326816483765975,0.25628789833168786
39.599941,0.5591303728137049,0.006768208136388873,0.25628864852362787
39.699996,0.5591244396617472,0.0070172109327906055,0.25628911447170144
39.800218,0.5591248000567592,0.007285347073688312,0.25629698136305884
39.900021,0.5591231168237423,0.007479605587681531,0.25630067129804124
40.000004,0.5591197335465153,0.007566767019215202,0.256299571255972
40.099979,0.5591209132585463,0.0075934416159407995,0.2563002158585271
40.200133,0.5591235297111766,0.007591301708928721,0.25630383452332467
40.299998,0.5591488513920574,0.007591368086930747,0.2563177317788247
40.400093,0.5598775681205392,0.0077165032938346445,0.2565890617423543
40.50002,0.5618602416821046,0.00803463441774472,0.2570301744725457
40.600229,0.5634765694808856,0.008157404080455836,0.2571314102558058
40.699963,0.5657397199649312,0.008248858476452958,0.2572589280933959
40.799987,0.5680441998385228,0.008310799589539893,0.2570182828051616
40.89997,0.5710533365363253,0.008388991525838713,0.25718513111097163
41.000063,0.573976333323505,0.008428285103481668,0.25724150623481623
41.100071,0.5767111978022583,0.008483016519091877,0.2575710049520391
41.200124,0.5799012120529435,0.008533729581406465,0.2574007411526431
41.300092,0.5837234780033635,0.008619791369280259,0.25735333650923836
41.399927,0.5875949376965391,0.008710394950012374,0.2579955407274126
41.499949,0.5911553480476924,0.008890689035014106,0.25804660020563175
41.600186,0.5952236415827933,0.008956219518719367,0.2581176137130967
41.699952,0.5985919353286895,0.008977183901187909,0.2586065582849538
41.800026,0.6011830873171229,0.00900201981852167,0.25898563092788474
41.899998,0.6031856988816731,0.00901618939978556,0.259122626422796
42.000039,0.6047750398607779,0.00904252352098073,0.25855201267240296
42.100007,0.6057862921374965,0.009037449788648535,0.2584680746471787
42.199993,0.6059464328424193,0.00903617667120631,0.2586357470681247
42.300044,0.6059375484633963,0.009031686417478108,0.25858544369922026
42.400154,0.605934398633029,0.009025376734302959,0.2585814710489558
42.50006,0.6059347585730662,0.008998484655024338,0.2585827531419739
42.599976,0.605937046892193,0.008830520811961878,0.2585758991584914
42.700102,0.6059429286584724,0.008438804883546914,0.2585615048340243
42.800041,0.6059569471432564,0.007507662190402247,0.25854037820898124
42.90009,0.6059701270416329,0.00616505314399382,0.2585081932430782
42.99999,0.6059804799930886,0.004578285606264962,0.25846783499334514
43.10005,0.6059922618475474,0.0030302849977152865,0.25843736146805624
43.200096,0.6060042400227822,0.0016513631157498761,0.25841369398429476
43.300009,0.6060628847859861,0.0005256133828666926,0.25845555328513614
43.400031,0.6062269650049952,-0.0010474292558877727,0.2585662192306582
43.500106,0.6066048747326345,-0.003015132548816685,0.25857455072663965
43.60009,0.6073823654529095,-0.0047527956859977506,0.2587441654384223
43.700045,0.6085320659687948,-0.006255359417857417,0.2590486535647597
43.800485,0.6100422579310795,-0.007376826237659282,0.2591772449995956
43.900223,0.6111011901243226,-0.008068883329827813,0.25875183265580276
43.999973,0.6122544360079688,-0.00837494420132746,0.25908852958716044
44.099977,0.6134863051114289,-0.008362307816255963,0.2595654950429962
44.200076,0.6140295891783413,-0.007833242592596785,0.2596096082453633
44.300006,0.6143317929570161,-0.0064872276170153,0.25913150111025596
44.39995,0.6147084810635792,-0.0042207259184780304,0.25858973869648244
44.499948,0.6151674445533686,-0.0016863533345137871,0.25874817539771944
44.599971,0.6153631372457729,0.0009447573498712553,0.2587108498672763
44.699945,0.6153782521400938,0.0036791864031679375,0.2587122758082929
44.800045,0.6153658499881162,0.006297198535687723,0.25871909267284604
44.900015,0.6153496063183085,0.008513700114070008,0.25873301818984684
45.000033,0.6153234751885256,0.010545567956348117,0.2587361829545718
45.100049,0.6152977544296767,0.012565161232100226,0.25874953530677625
45.199974,0.6152570628041231,0.014676175187224316,0.2587539919338204
45.300313,0.6152121483465768,0.016754880694316965,0.2587625992154072
45.400117,0.6151578206871277,0.01877650412924432,0.2587699970923999
45.500199,0.6151080191173207,0.020481341904634305,0.25877487732396676
45.600001,0.6150707398690833,0.02158209731292239,0.25877465306174785
45.70037,0.6150497290582123,0.02219128329859718,0.2587776981173949
45.800035,0.6150311083525621,0.022715549277060036,0.25878062481966324
45.900005,0.6150043668602615,0.023399192389608862,0.2587788167401667
46.000229,0.6149821440535694,0.02398255636584096,0.25878403770933733
46.099995,0.6149671058870807,0.024352955156761294,0.25878141537522814
46.200003,0.6149529837646058,0.024563673924788927,0.25877838563441363
46.30004,0.6149317012908789,0.024671356351646988,0.2587912645335118
46.400355,0.6145746564222784,0.024800748438434314,0.2586394761973113
46.500112,0.6137269975494453,0.025068907119350836,0.25866885055845956
46.599957,0.6119505811824042,0.025446677645907925,0.2587667960529215
46.700012,0.6103390980905851,0.025825768458019344,0.2586352851233061
46.799975,0.6092027078403971,0.025976034053670646,0.2586701697567123
46.900115,0.6079071396460177,0.025732687580856915,0.2586330210247808
47.000036,0.6063965451300805,0.024957294469935533,0.25830323301560454
47.100031,0.6059607931881249,0.02398693902950761,0.2582304164225051
47.200042,0.6057205340367581,0.02293415546309209,0.25819472387318093
47.300108,0.6055785110126461,0.02158469013576768,0.2582007887114619
47.400063,0.6055537056637496,0.020129840419037374,0.2581914787908005
47.50008,0.6055818230802421,0.018627168628873078,0.25815792701751805
47.600052,0.6056192775862045,0.017120918215496134,0.2581303881503565
47.70003,0.6056412162194572,0.015855934676455602,0.25809980356424983
47.799966,0.6056598793017813,0.014861228459489794,0.2580763513688927
47.899957,0.605677840133275,0.01401360856256726,0.25805799197772866
48.000071,0.6056936978268239,0.013282284557151573,0.2580356670562891
48.099958,0.6057091510392928,0.012598659024734827,0.2580312771492845
48.199977,0.6057179242100071,0.012067183807407893,0.25802926889624883
48.30001,0.605585868724919,0.011960340835569176,0.2581453697419517
48.400103,0.6037548734204217,0.011787462521421443,0.2586352543176574
48.500021,0.5989942865552486,0.011565453038529763,0.26027293334808793
48.600037,0.5941895134196316,0.011431796037979588,0.264084994055784
48.699975,0.589326743421579,0.0112533319315824,0.27128109711936943
48.799984,0.583428095877714,0.010946448476741248,0.27994792269348356
48.900018,0.5768549672392573,0.010007382057162938,0.28866666013044
49.00008,0.5701129613112285,0.007868590586311466,0.29580983216870915
49.099956,0.563253853358304,0.0031650069070510217,0.30071726823703737
49.200121,0.5568986337827087,-0.004991495663989775,0.30367001972404795
49.299962,0.5512286347496559,-0.016573753486382174,0.3053378933997035
49.400011,0.5464555868891151,-0.030386459752029808,0.30633891538250707
49.500014,0.5418470291399239,-0.044661115744513966,0.30747641023732086
49.600101,0.5375687108289591,-0.058654051784137434,0.30841120836605423
49.699999,0.5335957130560239,-0.07098400944987004,0.3083709290285736
49.799995,0.5284000645210994,-0.08091782717032668,0.3070557975140773
49.900042,0.5239325628502274,-0.08928754413328682,0.30614926018550287
49.999974,0.5193160271288827,-0.0963544728741712,0.3051284952399146
50.099936,0.5149442309077875,-0.10277313343379857,0.303929291746553
50.200068,0.51111520519783,-0.10901696958528372,0.30421339295211824
50.299982,0.5071102137060958,-0.11548463621727204,0.3063356488523436
50.399932,0.5044527916681402,-0.12372811332289751,0.3095608621851013
50.499948,0.5011224454617338,-0.1360675982756291,0.3137274466550004
50.599962,0.49609563528525824,-0.15369857851241317,0.31732368032632363
50.699945,0.48964244817668784,-0.17307057477637872,0.31782875404417665
50.799999,0.48301440969305914,-0.19016872873231733,0.31711241937618084
50.900008,0.47835594516860125,-0.20168148795850313,0.3151720312119833
50.999974,0.47862346996628535,-0.20261935847830717,0.31016828206863123
51.099925,0.48247283605573443,-0.1987632974439499,0.30287579026505823
51.200065,0.48567252909733016,-0.19674799768901388,0.2933544911874156
51.300077,0.48727423742546244,-0.19809581986179617,0.2836428541437309
51.40004,0.4895323657734357,-0.20028685512224254,0.27620968837553184
51.500046,0.49197094698781735,-0.2014737585284937,0.2706874946387712
51.600001,0.49483426965810184,-0.2026344925529374,0.26768800190317854
51.699956,0.49684783158300894,-0.20333117788755284,0.265069980275315
51.799936,0.49868257272279065,-0.2038907457754032,0.26334477828034225
51.899944,0.4990405186019944,-0.20376122383566347,0.26096386694823337
52.000107,0.4989395230610533,-0.20359765616250625,0.2597118947949659
52.09997,0.49894077836161094,-0.20359920931607792,0.25967678503762337
52.200058,0.4989306480797521,-0.20359878577046747,0.2596814725945268
52.300089,0.498792614048826,-0.20355272221437382,0.25967960438476156
52.400006,0.49836483341510524,-0.20341318922995277,0.259737252820314
52.500063,0.49767945023533194,-0.20315080363737764,0.25988993409503014
52.600036,0.49704618826178026,-0.20249330735155824,0.2603058562680444
52.700034,0.49670810389650505,-0.20162833826639615,0.2607921080754597
52.800054,0.496547355171116,-0.20094751410122497,0.26093385172536177
52.900014,0.49627160559238226,-0.20025509617375106,0.26078128922680877
53.000111,0.49616316497487845,-0.19950932416907022,0.26056377296354016
53.100105,0.49615550626571214,-0.19909919159953537,0.2604627178041512
53.200027,0.4960743802047255,-0.1990500134617666,0.2603909069357104
53.300014,0.49599592147127985,-0.19902204404968643,0.2602870419472803
53.40006,0.4959552105101699,-0.19901564527340962,0.260143995698594
53.500053,0.49591664148601283,-0.1990134808262945,0.25988726722235694
53.600093,0.49585003835432195,-0.19900608011296936,0.25938088534729165
53.700063,0.4957315511572918,-0.198993642774268,0.2585394084714464
53.800033,0.495579838032287,-0.19897978990658313,0.25745103962229665
53.899979,0.49537401010319676,-0.1989564962559255,0.2560311083236939
54.000017,0.4951740113230889,-0.1989253264116457,0.25464431449100844
54.100021,0.4950557910587274,-0.1989094297803307,0.2537726717619281
54.200037,0.49529359251808186,-0.1989990482326213,0.2539845195050172
54.300043,0.49551337256928735,-0.19907760597154078,0.2540228883117796
54.399969,0.495650392569684,-0.19913775300806386,0.25372575082197835
54.500023,0.4960232834956607,-0.1992952881431445,0.2535728608884639
54.599961,0.49647290733256516,-0.1995316720446655,0.2535272262361637
54.700042,0.4969411931036744,-0.20010616569782924,0.2534398006686162
54.800017,0.4976022358815547,-0.2012623371991179,0.25345068970167794
54.899991,0.497528146818943,-0.20292499771641653,0.25353094514227625
55.000025,0.4970609115404889,-0.20496281822092574,0.2535476299602788
55.100043,0.4965118495474437,-0.20738903774727538,0.2535547684710142
55.199929,0.4958258561718098,-0.2100695112959063,0.2536256800477559
55.299961,0.4949384358324496,-0.21285554359409747,0.25363234938898305
55.4001,0.4941078710098787,-0.21538087422641708,0.2536093642489273
55.500103,0.4936348243855836,-0.21704931243050254,0.2536109472625673
55.599956,0.49352172596625526,-0.21771697281036798,0.2536021236025663
55.699977,0.4934529952444474,-0.21819056998017883,0.2536336494647714
55.800023,0.49335197313527485,-0.21876005784841104,0.25368873252756496
55.900037,0.49332821382789793,-0.2190614458939141,0.25372184923728014
56.000102,0.49334711277166904,-0.219090689471649,0.25372601559252694
56.099945,0.4933544126581422,-0.21909357175934954,0.25372945981728967
56.200055,0.4933580601569548,-0.21909279023782746,0.25373047134629695
56.299964,0.4933605775931026,-0.2190957527063655,0.2537228936860974
56.400012,0.493729252106746,-0.21924903460236658,0.25377354863940704
56.500107,0.4957862274209067,-0.22007186877439763,0.2538937997330095
56.599997,0.49843423293428823,-0.22081048634666733,0.25329259999960096
56.699952,0.502293067554519,-0.2214122647494507,0.25354285564601753
56.80003,0.5066084517917087,-0.22147902325197774,0.25389295136780354
56.900033,0.5108893125943561,-0.2209709429483733,0.25402116816877407
57.000015,0.5156536218747464,-0.22053479871257664,0.2541891416539489
57.099954,0.5196718650416052,-0.22022456755348754,0.2543519038614961
57.200092,0.5226719054197067,-0.22020722725477931,0.25477162389128427
57.300072,0.5246962560528251,-0.22045090985563476,0.2545469034721096
57.400057,0.5262951342405144,-0.22065611225591455,0.2541681676709293
57.499989,0.5272530221505887,-0.22061268103543727,0.25470010151943506
57.600027,0.5273233949474504,-0.22051947256866186,0.2545614823747703
57.699997,0.5274412343092131,-0.2205460310527043,0.2545265300243231
57.799981,0.5275578759870069,-0.2205705465794715,0.25450853171504617
57.900049,0.5279509466370345,-0.2206515124567824,0.2546190436388779
58.000092,0.528848664979809,-0.22079052452207176,0.2547688474488101
58.100013,0.5302533353860486,-0.22110258221344423,0.25485728657991025
58.200054,0.5319872618336254,-0.22148876388719782,0.25488443189478943
58.300053,0.5332351501827934,-0.22162451472592842,0.25497835957729476
58.399946,0.5351263789254713,-0.22184457756126588,0.2556341859283884
58.500195,0.5368841410244659,-0.22193514827891234,0.25546247405259853
58.600004,0.5378941331107304,-0.221711823110435,0.2544326782399193
58.700008,0.5392058195924148,-0.22158702673220906,0.25538928563238084
58.799996,0.5398694161619303,-0.22081849778415436,0.2555609098719855
58.900043,0.540139471442487,-0.22007210099734162,0.2551239710542097
59.000277,0.5402932688548954,-0.2199580805712306,0.25520768942024175
59.099973,0.5402963970920237,-0.21995405847964034,0.25519270110432346
59.200078,0.5403024872195319,-0.219946435805071,0.2551949697939566
59.300091,0.5403082762910796,-0.21993294902441965,0.25519314163144147
59.400008,0.5404090248003826,-0.21971589948713446,0.2551911245422189
59.5,0.5407129776957456,-0.2189866315201485,0.2551543575736956
59.600011,0.5413595528159265,-0.2176864601772925,0.25519920755408865
59.69997,0.5421360427410273,-0.21591768285406895,0.25515983230390393
59.800054,0.5429959887018857,-0.21394512243256056,0.25511773088494505
59.900155,0.5438563400593367,-0.21196286182676918,0.25508509621971426
59.999985,0.5447198436274053,-0.20990970504907847,0.2550351342668919
60.100063,0.5455928528876538,-0.20782674536808124,0.2549903919564277
60.199952,0.5465065552235429,-0.20564642370551556,0.2549599916568163
60.300297,0.5472426116944159,-0.20392296533011073,0.2549578593694614
60.400249,0.5476597992779,-0.20294422908655324,0.254962847507007
60.500053,0.5478057418388793,-0.20259802456328072,0.25496262315659446
60.600035,0.5479226462904547,-0.20230003366594218,0.2549559634930824
60.699969,0.5480628570684871,-0.20194287195481167,0.2549532293120448
60.800021,0.5481530409399844,-0.2017094324215242,0.25498716837559654
60.900018,0.5481897638592952,-0.20162196405107383,0.2550523717619524
61.000021,0.548015790673821,-0.20157029839446325,0.2551526071711411
61.099997,0.5479747150137266,-0.20155805934119636,0.25533280233309397
61.200028,0.5479052021002071,-0.20161797767284295,0.2554988555287428
61.300093,0.5477784565385561,-0.20177648953710306,0.2556736285838336
61.400044,0.5475152397774578,-0.20219226556015152,0.2557335317312475
61.50001,0.546978834970148,-0.20297872467810932,0.25563036396379524
61.600027,0.5465195101798893,-0.20408018794271715,0.25563768438231216
61.70007,0.5460578247275867,-0.20524959358013034,0.2556476740653116
61.800002,0.5456276816225679,-0.20638301465475412,0.25567712892097505
61.900053,0.5453593857737977,-0.20710205231362405,0.25570449295416736
62.000103,0.5453066752345568,-0.20724300790549358,0.2556984466186066
62.100062,0.5452997359959475,-0.2072406737314842,0.2556003590473105
62.200298,0.5452994383877586,-0.2072385948192453,0.2555438069537066
62.300069,0.5452974182320348,-0.20723259895141638,0.2554503665688271
62.400089,0.5453014609045479,-0.20722950441356575,0.2553792174257998
62.500057,0.5453007491044883,-0.2072254869352497,0.25534480231678186
62.600009,0.5455085913998952,-0.2072864809641398,0.2553599954167423
62.699938,0.5457181866464966,-0.20735426627358888,0.2553157496575213
62.799969,0.546567368976183,-0.20761398255665783,0.25560406461504526
62.900023,0.5480109237330311,-0.20805027843348542,0.25573217539696863
63.000043,0.5498094336874204,-0.20857977580265016,0.2554721537214204
63.100027,0.551347790690536,-0.20902514936905936,0.2555630680615366
63.200001,0.5536131876337764,-0.209667371932307,0.2562752361358338
63.300084,0.5553100178495972,-0.21015147525565012,0.25564102754568985
63.400095,0.5567314541012974,-0.21047649485278802,0.25567596186106145
63.49999,0.5576227398524329,-0.210680695327765,0.2563127027409927
63.600448,0.5584535106868168,-0.21091102730708103,0.256106471022057
63.70003,0.5597554961754947,-0.21127272440760747,0.2557388036745174
63.800012,0.5611952253343754,-0.21162475968246558,0.2560287597787635
63.900082,0.5622264077533532,-0.21172483652918705,0.2561721608702042
64.000038,0.564102560209884,-0.21217857168794083,0.2562680151732467
64.099988,0.5664359239652659,-0.2126697088773967,0.25574976151656115
64.199932,0.5688521367312174,-0.21291469966432783,0.2565700127220224
64.299983,0.5712882751973206,-0.21308798083593908,0.2572849381741366
64.400027,0.5741689073717638,-0.21328045048501051,0.2572428569365053
64.499953,0.577228311385931,-0.2133006481173903,0.25680556321861353
64.600029,0.5799691142430115,-0.2129961304290123,0.25624595637106773
64.700026,0.5826641983118079,-0.21260732550534667,0.25728883234342714
64.799961,0.5852574505044599,-0.21200867350447736,0.25773109415620304
64.900098,0.5873361928551271,-0.21109131514857676,0.257640651779675
64.999986,0.5891926931812017,-0.21029675387650965,0.2569444314215681
65.10001,0.5905222967399364,-0.20991148240641966,0.25649079348153514
65.200234,0.5910041837739276,-0.2098109570821201,0.25695878027126373
65.300056,0.5910636576931995,-0.20975036096477997,0.2569415508881385
65.400034,0.5910613542153309,-0.20974395571617982,0.25690262365130034
65.500036,0.5910542164818022,-0.20976409751795416,0.25690174959024203
65.600063,0.5910287686052154,-0.20983984541631825,0.2569064788820661
65.699999,0.5909859161878597,-0.20996625088330245,0.25692654060413256
65.800095,0.5908316792946348,-0.21042888382416505,0.25698866787780816
65.900022,0.5905041178607514,-0.2113752226658326,0.2570685924085561
66.000045,0.5901072968013967,-0.21251018429701385,0.25716101574788813
66.100041,0.5897749818590713,-0.21346037298323672,0.25723329473505246
66.199998,0.5894351989836765,-0.21441946523935274,0.25728877097479125
66.300007,0.5891753245313314,-0.21508438090673415,0.25710869108622103
66.400041,0.589038405765554,-0.21545771972028088,0.25703403927963153
66.499958,0.5888774276362563,-0.21591313426737418,0.25697173788147737
66.600138,0.5887763092997016,-0.2168095385543812,0.25699954586041507
66.699946,0.5892286931985087,-0.21810587474585447,0.2571609328486647
66.800103,0.5899684422406704,-0.21958479453176813,0.2572767492289178
66.89997,0.5910281208638118,-0.22098485782240965,0.25720490900553933
67.000488,0.5916091894011657,-0.2217920027852636,0.2570756696250916
67.100085,0.5922912069382013,-0.2224883780847422,0.2574248661681657
67.19997,0.5929658836311943,-0.22318554011355474,0.25777050771316556
67.300023,0.5936026191050906,-0.2236376146685614,0.25796197498808504
67.400246,0.5936629433286758,-0.22369361746356728,0.25734429444464774
67.500089,0.5937640663227989,-0.22371586474032226,0.2566514773428956
67.600057,0.5939061540371366,-0.22375070423928725,0.2566609761855308
67.699968,0.5939064676195659,-0.2237479477697381,0.2566415441333832
67.800051,0.5939062234845928,-0.22374543125542906,0.25663542927742766
67.900024,0.5939062124238014,-0.22374739589326534,0.25663308159571446
68.000077,0.5939041595582801,-0.2237506108876731,0.256631663605244
68.10007,0.5939081059094959,-0.22374254284048262,0.25663179275137243
68.200122,0.593911620752948,-0.22374233413061734,0.25663380343804076
68.300053,0.5939144387509931,-0.22374311266847044,0.25663236956787694
68.400038,0.5939200208705984,-0.22373977140879467,0.25663304633640693
68.500056,0.5939328702617989,-0.22371600173192382,0.2566343665808933
68.600066,0.5939770229390784,-0.2236091569365901,0.25663569044501355
68.699976,0.5940352748313832,-0.22352507908417624,0.25663893115394
68.80005,0.5947463804874084,-0.22311646376811559,0.25678967205126446
68.899986,0.5954001968956264,-0.22204999827015823,0.25686524215246753
68.999999,0.5961323773970334,-0.22065233567236214,0.2569181613385551
69.099961,0.5969230157558865,-0.2191781906760333,0.2569699283274669
69.200023,0.5977543962120005,-0.2176797788942433,0.2569300144193983
69.299987,0.5984079002073752,-0.2165295171830206,0.2569546173425403
69.400126,0.59881517966372,-0.2158388391667446,0.25699077701302275
69.50009,0.5990537455836212,-0.21542564048356747,0.2570085070090613
69.600012,0.5993318356126955,-0.2149317191330487,0.25700979485789816
69.699952,0.6000774692239634,-0.21390537342207305,0.25721345245411575
69.800018,0.6020045651436813,-0.2120312610543349,0.25853171338541614
69.900025,0.6040273650475606,-0.2104149147324416,0.26085256554798975
70.000071,0.606718273140935,-0.20908586120492606,0.26559242093589613
70.100025,0.6098403656452176,-0.20743357196732654,0.2725405316846486
70.199949,0.611230381469261,-0.20617511211319545,0.2780705717020507
70.300078,0.6114049482721109,-0.20604424922332856,0.2787921135010723
70.399983,0.6105553269953576,-0.20529153088509927,0.27605495355886567
70.500173,0.6082594137555962,-0.20384049601442664,0.2695250953931142
70.600026,0.6050947421617077,-0.2019394737435322,0.26026357983315873
70.69995,0.6035435054103214,-0.2010947360884056,0.2558462546446051
70.800126,0.6036984680327931,-0.20124717253425625,0.2575653240389792
70.900048,0.6029046117568018,-0.20095982456779096,0.25683767904829624
71.000085,0.6021137005949452,-0.20080148409537887,0.2568575677914187
71.100047,0.6008067587695165,-0.20054797653730666,0.2569270112474179
71.200077,0.5997470297993857,-0.20033558269407242,0.2567044357859133
71.300045,0.598168926381203,-0.20004784721052346,0.25669792764040006
71.400023,0.5970484590265814,-0.20003494834454066,0.25654170200338167
71.500142,0.5969317596584127,-0.20005142775231693,0.25648941716623097
71.600013,0.5968200833059308,-0.20011012448490637,0.25650394419496286
71.699954,0.5966657264878625,-0.20028622360072101,0.25646471919736363
71.800118,0.5965720610122801,-0.20049034666292911,0.2564675297481175
71.900085,0.5964448549150271,-0.20082666236879063,0.2564795195728099
72.000008,0.5962820058950027,-0.20125341446644748,0.25648146301624064
72.099971,0.5961024165759088,-0.20164799170143638,0.2564440622026323
72.199984,0.5960218411627884,-0.2018394301880952,0.2564329877130836
72.300062,0.5960151658946135,-0.2018352105475692,0.25642604181195
72.40008,0.5960100384159639,-0.2018318835907074,0.25641589601249115
72.499985,0.596007332374234,-0.20183011828263148,0.2564141336771047
72.600113,0.5960104820100152,-0.20182306302259245,0.25641476029086796
72.700109,0.596011955859498,-0.20181343249552597,0.25641088750655144
72.800035,0.5960173834832967,-0.2017897459761752,0.2564078072278164
72.900023,0.5960476184682763,-0.20170451160262362,0.2563984669003474
73.000093,0.5960525655572209,-0.201690367461244,0.2563974380556848
73.100001,0.5960685098955218,-0.20163812481833232,0.25639229661328994
73.200033,0.5960808388180023,-0.20159914295019105,0.25638622965130275
73.300068,0.5960927673988903,-0.20157511134583098,0.2563868417196772
73.399999,0.596104610995908,-0.2015417226018191,0.25638492985396916
73.500041,0.5961261582658165,-0.20147984994271162,0.25637934367420046
73.600045,0.5961298573873456,-0.20147423597714276,0.25637700269986247
73.699946,0.5961365688511705,-0.201465620888874,0.2563831340885052
73.800023,0.5961389120048967,-0.2014660587300947,0.25638441286125824
73.899982,0.5961437483633268,-0.2014591450152029,0.256383556047279
74.000073,0.596150220624123,-0.20145769911726885,0.2563861323771681
74.099951,0.5961601731248908,-0.20145944834278248,0.25639410047469224
74.199984,0.5963157516205932,-0.20150153260100687,0.2564332878447026
74.300038,0.5963743282042908,-0.2015077210941777,0.25644182306574753
74.399997,0.596528216341876,-0.201510214595665,0.2564906865549262
74.500008,0.5970737616367717,-0.2012077328801821,0.2565832371459873
74.60001,0.5978062039213834,-0.20084596275065222,0.25671703668774903
74.70006,0.5984956372628629,-0.20062547382484655,0.256863244579168
74.800078,0.5992474755795113,-0.20060375188361018,0.2570618291291851
74.900115,0.5997736535033293,-0.2006367008632274,0.2571162202021584
75.000021,0.600306207961437,-0.20071997058495875,0.25722185755626253
75.100062,0.600618471387879,-0.20077928166772246,0.2572440597445704
75.200059,0.6006727301836078,-0.2007870626000617,0.25725629208405054
75.300117,0.6006727063824138,-0.20078818341844712,0.2572594357692378
75.4,0.600664577562629,-0.20079095827455226,0.2572572716646111
75.500034,0.600526436271146,-0.20075430074285072,0.25730069096970054
75.599998,0.5993506151054648,-0.20045801711191658,0.2573480779194877
75.699971,0.595919271074956,-0.19935091543711642,0.25785718166959937
75.799961,0.5915210023089256,-0.19797944622903832,0.2603616277422529
75.899995,0.5875287544935013,-0.19727047243718368,0.2643308884934439
76.000004,0.5826470192914193,-0.19662090429015858,0.26866087169333025
76.100209,0.5768815881653909,-0.19599312862320487,0.27216469072047783
76.200063,0.5705534269592778,-0.19504008399109443,0.27441519030539446
76.3,0.5641212661303335,-0.19355329576839128,0.2741386478467237
76.399972,0.5575492940700074,-0.19193257729902494,0.2728743045092991
76.500064,0.5517778141270842,-0.1902846274535689,0.2709236151231821
76.600033,0.5467141427869415,-0.18809654128529996,0.26963062118356734
76.699956,0.543526101032216,-0.18452494754029666,0.2687843813015706
76.799929,0.5422875885230635,-0.17889596678321826,0.26964191017122136
76.900039,0.5423374410125235,-0.1711800265087091,0.2714595386072557
76.999972,0.5435172797704905,-0.16195606778757016,0.27326354720225843
77.100013,0.5446284525428805,-0.15136546249367952,0.2754920266584408
77.199981,0.5464089430013429,-0.13976660653403394,0.27810798572117584
77.300028,0.5484165807963084,-0.12424426648990576,0.28026210931722273
77.400071,0.5495352061730989,-0.10219704878939206,0.281653179550962
77.500073,0.5509605362782418,-0.07689475409885774,0.28209819622205606
77.600106,0.5508824720419065,-0.05294142450711059,0.28242053718383664
77.699999,0.5502215548999253,-0.03272301851066797,0.2834346615238236
77.800077,0.5468152040662885,-0.02546678119132369,0.28213334354670183
77.899962,0.5426165769794001,-0.03362010507925877,0.27853111921306667
78.000055,0.5390588326116621,-0.047823759438819516,0.27555886407640295
78.100092,0.5379407942721937,-0.057252029758329395,0.2752770196313933
78.200054,0.538324660701413,-0.057354254143938646,0.2753291649484254
78.300058,0.540060163224586,-0.051909337968781666,0.275303246183335
78.400054,0.5427193040246929,-0.045670483461262935,0.27466001830044795
78.499972,0.5444882699141753,-0.04198278130667644,0.27326048998435243
78.600056,0.545895151328852,-0.041538187049585173,0.2711492599750509
78.700032,0.5471054530573773,-0.041490476756475186,0.26878366592635755
78.799981,0.5481471212340537,-0.041478659425051086,0.2671662475032991
78.899991,0.5493361507925627,-0.0413335339625052,0.2656328341353854
78.999976,0.5504115002838875,-0.0407544730869714,0.26414688864290814
79.100096,0.5529924766181353,-0.03469279800570132,0.2646712230892451
79.19997,0.5543467589831165,-0.019460251443944924,0.26596978703939056
79.300018,0.5557112457563859,-0.0022294103958661925,0.26718682869292243
79.399955,0.5564450182956735,0.010759876279570828,0.2681675844349872
79.49996,0.5557233320453197,0.010425296381952158,0.26718363464099576
79.60012,0.5550902804829978,-0.00544316809161288,0.2651123537674491
79.699939,0.5538698646569684,-0.028703032051566914,0.2627815471525564
79.800025,0.5522688233819382,-0.04654512279218312,0.26046560855338513
79.899997,0.5515237002436415,-0.05167387147969029,0.25886468321599143
80.000094,0.5518638762472807,-0.04724388802319375,0.2583969305202446
80.100058,0.5524239377064191,-0.04013285226634974,0.25833089819685895
80.200009,0.5527628774982064,-0.035081966757089536,0.2581054644740197
80.299982,0.5529046596340771,-0.03411067950077873,0.2577734434191177
80.400099,0.5530889226643056,-0.03477328590011477,0.25740640919136665
80.500145,0.5535013395120478,-0.03522313091967913,0.25747541772757276
80.60006,0.5537309837722642,-0.03560613731839158,0.2574529024318744
80.700069,0.5537913266926086,-0.03610572856482412,0.2573837052504446
80.800095,0.5537875053635272,-0.037044324034156154,0.25738989184933353
80.900051,0.5536880168496122,-0.0387515840084439,0.25737573292752963
80.999985,0.5535292543569881,-0.04104271507023529,0.25735560826005194
81.10004,0.5533267026636294,-0.043739838025757045,0.25730197634767893
81.199975,0.5533329847825419,-0.046517484259990326,0.25728346000972613
81.299953,0.5533092606703804,-0.049072993497712866,0.2572630178563541
81.399953,0.5532800154544524,-0.05166695558471167,0.257181526281084
81.499949,0.5533456621984322,-0.05444658107005527,0.25715236842560485
81.600027,0.5534022395321802,-0.057315492677759816,0.25712455461821365
81.699931,0.553436370661546,-0.06023122893444605,0.25710007263876483
81.800101,0.553440385825742,-0.06318674790864853,0.25703884542979033
81.899961,0.5534118464151936,-0.0661035812063555,0.25701745934947173
81.999947,0.5532899687163811,-0.06913302783461478,0.2570087969071983
82.099944,0.5530648760840869,-0.07184036858147852,0.2569920827015516
82.199929,0.552860980709185,-0.07374991874065259,0.2570088921417702
82.300016,0.5527468494026992,-0.0747021117756272,0.2570206754326322
82.400065,0.5527249640678266,-0.07485027334331046,0.25702188255546665
82.500006,0.5527226149237963,-0.07484433877734747,0.25702612048508244
82.600015,0.5527351835707375,-0.07478644982410088,0.2571167587668627
82.700075,0.5528268788821151,-0.07418334505275077,0.25729004282743856
82.800055,0.5531643747724897,-0.07198924663499909,0.25775213063803315
82.899953,0.5537608981281641,-0.06855418241456562,0.25907711056469174
83.000036,0.554263439908261,-0.06492508038526648,0.26175148312931246
83.100071,0.5549855648315487,-0.06163438366557701,0.2644132556253191
83.200001,0.5553768842156034,-0.05886186099459692,0.2651238478578601
83.299955,0.5556183691362498,-0.05649072750578893,0.2650902160830529
83.400003,0.5559525992205152,-0.05485071212190623,0.26516313048004136
83.499978,0.5568365904100191,-0.05425293076143294,0.265515950599543
83.599948,0.5581835709722663,-0.054329781639366616,0.26572243511426274
83.699994,0.559894305097107,-0.05443273257397308,0.26570689295844724
83.800044,0.5621149950255665,-0.05457397811084291,0.2660539037349186
83.900052,0.5642854494306896,-0.054696598943581046,0.26565557576128374
84.000029,0.5654857505624382,-0.0547553169353243,0.26377604206303484
84.100097,0.5657262174883703,-0.05475350442388808,0.2618603852979308
84.200072,0.566245094642663,-0.05477823053482476,0.26077594843930707
84.300026,0.5669211596416428,-0.0548109499338297,0.26043532068209274
84.400031,0.567246476811955,-0.054818798011247345,0.2603748009025534
84.500046,0.5672855138673726,-0.05481420856313365,0.2600370766695752
84.600072,0.5672194315726496,-0.0548100233945702,0.25942343098153037
84.700104,0.5671393937861211,-0.05480417147602691,0.2588131111058968
84.800066,0.567106054629797,-0.05479815909560193,0.2584948932183049
84.900098,0.567169640657737,-0.054802847466424255,0.2584251800926992
85.000004,0.5674200238512209,-0.05482478314861403,0.25866481175810413
85.100044,0.5676442164950831,-0.054841779980430855,0.25892809071023015
85.200136,0.5676446926124841,-0.05484599388308807,0.25892617252443956
85.300039,0.5676203949025601,-0.054837738210351664,0.25889785054295134
85.40009,0.5672334555127709,-0.05481349529530818,0.2584583324884235
85.500021,0.5662771518868227,-0.05473768174166171,0.2575491547811949
85.600114,0.5654947883695248,-0.05468539818940305,0.2576964408385866
85.70003,0.5640548730408361,-0.05456915585704222,0.25752904670161514
85.799967,0.5629346911312999,-0.05448976243300965,0.2575657694714045
85.900078,0.5612799498534375,-0.054405131784233805,0.2574095946312327
86.000012,0.5597249726969997,-0.05428037099729439,0.257195378650338
86.10001,0.5589810360327289,-0.054227730134883946,0.25716847974492396
86.200214,0.5576326924068824,-0.05413061176188642,0.2570792051170766
86.29997,0.5553963859286432,-0.053959069163488645,0.2574777452849714
86.399956,0.5526757683862894,-0.05375379966673708,0.257383119009191
86.499931,0.5496070289394593,-0.05352328763391954,0.257221821264706
86.599947,0.5464669594858527,-0.05334797776337309,0.2566877502603394
86.700042,0.5427660383736405,-0.053317387922924335,0.25672755254004986
86.799956,0.5383618837294776,-0.053123551564450075,0.2566361349042165
86.900041,0.5353419881866454,-0.052904203100163034,0.255982151740877
87.000022,0.5326423225831015,-0.0526848389884193,0.2563480662835542
87.100029,0.5298669864660801,-0.05244633746107144,0.25630411244721807
87.200032,0.5287986564422638,-0.05236013747058813,0.25661947074661545
87.300265,0.5275836813979307,-0.05226302719408275,0.25642394990580664
87.399975,0.5272276937707532,-0.052283892138902936,0.25675912222852487
87.500015,0.5270809841171264,-0.05253869153822427,0.25718443002343194
87.600004,0.5271928511222145,-0.05350266932321534,0.2587112272181072
87.699954,0.5274004879943158,-0.05653906012825017,0.2625827858012521
87.80008,0.5276548447510929,-0.06225236320251263,0.2686707625407183
87.900015,0.5280569115701742,-0.07010318338224232,0.273903024544658
88.000285,0.527639629306518,-0.07961655768196205,0.277033438416573
88.10025,0.5263873665641343,-0.08904312646820374,0.2784297352179964
88.200065,0.5253400349357169,-0.09786647557839226,0.2791026360291329
88.300039,0.5251959816404076,-0.10516167134089635,0.2805638791165703
88.399985,0.5259031677264012,-0.1106711864542657,0.28233537955225396
88.499952,0.5278153269094796,-0.11462200349828286,0.28323475301601353
88.599986,0.5304264086116625,-0.11721891333271754,0.2817756501827976
88.700039,0.5324316583363927,-0.1182954576002092,0.2775028410183654
88.799977,0.5334507264878834,-0.12111943323779106,0.27287156141979146
88.899951,0.5316866962321128,-0.13096808012994368,0.26752710272606905
89.000007,0.5307136376163871,-0.1457652481030863,0.26582275043344433
89.100029,0.5289813368091183,-0.16153275554483237,0.26762735519848896
89.200058,0.5287780808713829,-0.17440292387352438,0.2713105047917649
89.300735,0.5290989218510528,-0.1762869386299454,0.2714595163051829
89.399994,0.5330818184420797,-0.1613882940253296,0.26606029071320886
89.500136,0.5391915967006736,-0.13504619190549902,0.2584165106368156
89.600108,0.5442476568148781,-0.1121538252670803,0.25549059789628537
89.700113,0.5464781156371262,-0.10380738036896167,0.25690071377910195
89.800014,0.5457229679467218,-0.10746719529279046,0.2566931414214543
89.900061,0.5440754582447042,-0.11544416229333851,0.2567145773862333
90.000135,0.5425217694277025,-0.12260485499972017,0.25676243334682064
90.099945,0.5417656882721199,-0.12587565946095042,0.2567187309007351
90.200171,0.5418124779999248,-0.12593524340601292,0.2565514473546034
90.300044,0.5421576539797704,-0.12616633051666748,0.25648997942259355
90.40005,0.542894704467684,-0.12704128464913575,0.2565151185976535
90.500043,0.5437700403737019,-0.1290693270444549,0.2565718929065724
90.60018,0.5448684447311697,-0.13213757365312556,0.2566050718241599
90.700079,0.5456678794662769,-0.13518248317161696,0.25631336714380837
90.79993,0.5462142583378116,-0.13736828577124832,0.25677467448327296
90.900049,0.5464029565156182,-0.13916035147511963,0.2569127016154812
91.00008,0.5461947253783027,-0.1412098148628729,0.25703573260381124
91.099955,0.5455718042764247,-0.1439734079022008,0.2571038201030338
91.199958,0.5447012657529392,-0.14725838661624124,0.25709545397706335
91.299946,0.543764494594827,-0.1506740348593718,0.25709231254709664
91.400014,0.5429574568905515,-0.15353330898965661,0.25702630875613663
91.500005,0.5422666422291822,-0.15589035585558708,0.25687865621578887
91.599954,0.5415964488474506,-0.15816595501129446,0.25675398428607754
91.700016,0.5409336241212355,-0.1604315389669233,0.25661716598707823
91.800019,0.5405036432578483,-0.1625210966019662,0.25662605581595677
91.90011,0.5402076637829561,-0.1639375384538801,0.2566369243334565
92.00004,0.5401528391022109,-0.16426432571519978,0.2566828419359439
92.099956,0.540153965200432,-0.16425600073824553,0.256710375767082
92.19998,0.5400916022826232,-0.16422849570648101,0.25698274099377116
92.300051,0.5389118664165362,-0.16374198537103515,0.25748932425714166
92.399999,0.5360516623346275,-0.1621153827876895,0.25833567500240695
92.500085,0.5322649632496149,-0.15898872564666217,0.2615771498182898
92.599924,0.528255691824972,-0.15430894313761573,0.2666099564134051
92.69997,0.5244151104597918,-0.14782799799224777,0.27181322421042814
92.800017,0.5201871750491899,-0.13965585384635693,0.27558032119189196
92.900093,0.5155804970344804,-0.12957081032045062,0.27649221640377014
93.000075,0.511052824927697,-0.11864960172123759,0.2752302648411939
93.09997,0.5071859410721256,-0.10760631855854964,0.27296990989374037
93.200017,0.5043601376932747,-0.09753437551669096,0.27123441724699127
93.300161,0.5032017084888151,-0.08841107918810576,0.2699231403799816
93.4,0.5035733320603013,-0.08100800269908712,0.269130359273065
93.500079,0.5042620018480137,-0.0747870144107741,0.26883183933218546
93.600041,0.5049114333041933,-0.07020829590920878,0.26882190361174524
93.699931,0.5053326543311237,-0.06706608794866735,0.2687298627168375
93.800027,0.5054528205296525,-0.06560032986291191,0.2680979036612652
93.900128,0.5052764933198749,-0.06546859565600341,0.2665557564588606
94.000112,0.5050394469458205,-0.06545279444958815,0.2646349489798246
94.100044,0.5048249095462607,-0.06544618513749362,0.2623863155536684
94.20008,0.504580997598163,-0.06544850152520637,0.26053885550244393
94.300038,0.5047501372229234,-0.06549891207550634,0.260090495579639
94.400043,0.5054109759628225,-0.06558903409845848,0.2605648212518747
94.500106,0.5061822183802046,-0.06566869932115754,0.26117578992500884
94.600093,0.5069129498232328,-0.06574352311979405,0.26155651060855334
94.699984,0.5074652982002147,-0.06579201108777968,0.26141029396674764
94.800107,0.5079052161840997,-0.06569848822847638,0.26038722423306077
94.899994,0.5080428091629333,-0.06537246738918048,0.2588411814317476
95.000056,0.5079412655803506,-0.06492773322617798,0.2576892073958129
95.100091,0.5079814524222376,-0.06446469579989479,0.2572053207949428
95.199994,0.5081743864202976,-0.0641202827478063,0.25688827476287357
95.299964,0.5082526980648299,-0.06398012951229247,0.2563014376532662
95.400004,0.5084950851860116,-0.06398852825942193,0.25596153176789843
95.500042,0.5086171451011228,-0.06400080869241982,0.25601147459597573
95.600129,0.5086188228729126,-0.06399943086405384,0.2560041199647284
95.700049,0.5086149206775634,-0.06400187712826672,0.25599937222099106
95.79993,0.5086087304620914,-0.06399827655623033,0.25599009085898383
95.900038,0.5085320023767365,-0.0639895728206233,0.255916717162702
95.999999,0.5083976471697236,-0.06398289319733909,0.25585019672380616
96.100008,0.5081734444643385,-0.06401992190104402,0.25578431950656355
96.200073,0.5076486481423959,-0.06421030133270554,0.2557929130762781
96.300025,0.5068364848163155,-0.06446041032879153,0.25579228322387937
96.400152,0.5062565303160828,-0.06472708874807662,0.2557755313274165
96.500025,0.5060020912875842,-0.06498917248165134,0.2557060450202112
96.600007,0.505806536145224,-0.06519277416764162,0.2556910038005642
96.700087,0.5055865477400059,-0.0653828642923922,0.25565605150327697
96.80002,0.505355048498391,-0.06558207051893902,0.255600308815224
96.899978,0.5051023646996209,-0.06577703098838006,0.2555601573817292
96.999987,0.5047679091824541,-0.06607144560943067,0.25547435222005876
97.100172,0.5042771793493634,-0.06649816489330422,0.2553731198224495
97.200044,0.5036464547759701,-0.06712328982288703,0.2552680932349981
97.300067,0.5028264082273698,-0.06816081185890521,0.2551832549198272
97.399999,0.501593613619023,-0.06970616772659197,0.2549090435734337
97.500189,0.4999940784693427,-0.0715860859096134,0.2549453543423422
97.599959,0.4980748876862466,-0.07401379991681628,0.2550797570723086
97.69994,0.49699161921021917,-0.076735602974382,0.2549829145279576
97.799954,0.49625043880377495,-0.07949166973211748,0.2549597571597362
97.899955,0.4953896151492052,-0.08203361703284298,0.25496907974699634
98.000067,0.4946853427682421,-0.08416629072154753,0.2549611463177026
98.100019,0.4942426395524232,-0.08608264798117694,0.2549176597594838
98.200034,0.49385177377543404,-0.0881272988765107,0.25491076392618484
98.300071,0.49340866224739216,-0.09050850154926636,0.25490385323788195
98.39998,0.4929008757148709,-0.09318615010024077,0.25489518096260816
98.499997,0.4924343134963678,-0.09559304234739222,0.25489343781622564
98.600068,0.4920458265668444,-0.09753095636775996,0.2548891014267857
98.699998,0.4916057684113927,-0.09967867733899372,0.25488094419756063
98.799955,0.4910612024691564,-0.10227687261322221,0.2548704214177377
98.899954,0.49030580203061364,-0.10528927178856412,0.2547535703496717
98.999953,0.4896349808371948,-0.10820375056554506,0.25471659805634417
99.100087,0.4891212812934919,-0.1104526039312851,0.2547061236704492
99.200113,0.48867714292509634,-0.11238061806529304,0.2547032743276559
99.300096,0.4881885679849093,-0.11446757721872435,0.25470041391901105
99.400054,0.4876388098414429,-0.11678874783065026,0.2546995817375204
99.500108,0.48706376755158065,-0.11916361656643727,0.254702833782169
99.600131,0.4865844603247343,-0.12110901639300391,0.25470211816659444
99.700052,0.4862459059709449,-0.12245873368662044,0.2546962115377699
99.800095,0.48584526999121797,-0.12403549420942103,0.2546943284184514
99.900024,0.48530676909312687,-0.1261048536928574,0.25468334274923277
100.000042,0.484733410032027,-0.12833440500960916,0.25467713731704555
100.10009,0.4844126615295519,-0.1306365062500283,0.2546978660664547
100.200069,0.48411478944507463,-0.1326786823236302,0.25468239697587763
100.300073,0.48439931064044484,-0.13425733946421625,0.254779814075379
100.400052,0.48545433803415444,-0.13566960906180736,0.25484995912090885
100.500047,0.48695409455085703,-0.13715915615836755,0.25495077681851924
100.599947,0.48840484925080535,-0.13847535752669887,0.25461667080146533
100.700091,0.4904122150305879,-0.13960614300147756,0.25507624611138047
100.800049,0.4913362581135177,-0.14027322074499746,0.2552458370658754
100.900046,0.49181529176650024,-0.14054697862568902,0.25515680131313423
101.000067,0.492435602560097,-0.14077696101846063,0.2551247358657761
101.100037,0.4930816008878411,-0.1409950301624079,0.25491907210923204
101.200035,0.4939582553944273,-0.141259223329089,0.25504884047985615
101.300004,0.4947059789514331,-0.14148639842891766,0.2550906734389282
101.400012,0.49525814481235464,-0.14165466607322966,0.255138562634853
101.500041,0.49600058950621195,-0.1418797340788888,0.25546165299907675
101.599955,0.4969354008034373,-0.1421519394186501,0.25567013852801573
101.70004,0.49809653049360075,-0.14250304215865248,0.2556464956950468
101.800029,0.49898191020231036,-0.14277780239455626,0.25503276718898105
101.900098,0.49937849233338905,-0.14290695215927185,0.2551896170493936
102.000025,0.4994835729494639,-0.14294211960881636,0.2551879236394936
102.099999,0.4995861288756423,-0.1429703348985988,0.2551254484238421
102.200006,0.4996302485919529,-0.1429874150771397,0.2551133786336798
102.299988,0.49964645349657644,-0.1429920542925354,0.2551230095076926
102.400006,0.49964559761507,-0.14299903774200357,0.2551285095010142
102.500072,0.49963806064817623,-0.14300646891236682,0.25516507477706746
102.599946,0.49932866860999225,-0.1430027234406179,0.25529698509760196
102.699987,0.4976913624565109,-0.142564529028621,0.25538698795912285
102.799977,0.49348221364500455,-0.14130775806479406,0.25577478891916927
102.900081,0.4888102464688686,-0.1398762121200659,0.256403335514817
103.000021,0.48455532146912295,-0.13848232325412582,0.25881397302879294
103.099997,0.4801989453494793,-0.13686632728810963,0.26149144714411043
103.200091,0.4758457492358227,-0.1345216594069209,0.26472853449821865
103.300043,0.4729136553741048,-0.1308024914692967,0.2688707964762892
103.400264,0.47080653305985803,-0.12509329645168946,0.2740365901985502
103.500059,0.470541118134587,-0.1180854488074338,0.2807689975524233
103.599975,0.4704665998633171,-0.11034321787829326,0.28859766348842786
103.699998,0.4707534540358125,-0.10302339124761707,0.2979725437980805
103.800103,0.47155981382496287,-0.09630164788825021,0.3090515408476187
103.900031,0.47231956465647096,-0.0902496400615452,0.3218672892102271
103.999967,0.4720367538574415,-0.0840457581666905,0.33518631734471727
104.100007,0.47043157193909296,-0.07794145365755949,0.3481861280055561
104.200021,0.4686279785066773,-0.07214967241127261,0.36151097307260766
104.300126,0.4664670661033974,-0.06674917925097477,0.37435980573050626
104.399998,0.4639584074551392,-0.0616450688767742,0.3869532218837162
104.500008,0.46020547771972,-0.056730021594441675,0.39822630921736546
104.600045,0.4567565979604864,-0.051893049464752275,0.40765370330559914
104.700049,0.45405504597775503,-0.047164497965636744,0.4152737460052867
104.800034,0.4516893809452665,-0.04284457249187343,0.4206916034659079
104.900003,0.44852326294657796,-0.03927072194370576,0.42305275759580313
104.999956,0.44613041274206017,-0.036426021464922034,0.42326512092470964
105.099936,0.4449697375475882,-0.033821515586868196,0.42236295619625025
105.200039,0.4443099090647277,-0.03187232820946388,0.4211629682823056
105.300039,0.4440065869285393,-0.030789462462874014,0.42069778911281763
105.399984,0.4440524414199352,-0.03014721063748406,0.4207159064637138
105.500008,0.444390123733292,-0.02978490984318507,0.42089097168866385
105.599967,0.4456676537360709,-0.029653468758273786,0.42177858273998325
105.700059,0.4482432829922427,-0.029546635167882078,0.4236850009242757
105.799945,0.4523709741469713,-0.02938968894784736,0.42722866516981634
105.90004,0.45764627089438975,-0.0292090669363486,0.43268980441632066
106.000041,0.4642242360364563,-0.028729882618926544,0.44042672071026395
106.100196,0.47151375461435824,-0.027578655775765668,0.44970561098932677
106.200085,0.4791877911397849,-0.025696845433918845,0.4606399456369499
106.300035,0.48685608111782286,-0.023472963598562054,0.47242063476321733
106.399999,0.4942056185141461,-0.0209086870415462,0.4848807094146187
106.500118,0.5012748779374505,-0.018542803190229672,0.49843176938136186
106.599959,0.5077925159407054,-0.016907449648642676,0.51234810591157
106.700103,0.5137114428928833,-0.015572450440870536,0.5263099151171293
106.800076,0.5190462360250404,-0.01423517116820367,0.5405491065989307
106.900023,0.5237956193860828,-0.013058431379299223,0.5546324832206897
107.000039,0.5281026364910459,-0.012169453745801227,0.5693499080063197
107.100005,0.5319676503339595,-0.011292270448360765,0.5854038639588754
107.200301,0.5351669251602514,-0.010360571609538967,0.6018543815331354
107.300063,0.5376577549388424,-0.009353972009809414,0.6189586472213348
107.400068,0.5393213204130015,-0.008281893249607597,0.6370781238849493
107.499963,0.5400145432873432,-0.007181523514657826,0.6547801955502939
107.600226,0.5397517638695414,-0.006063647384348893,0.6719948009554315
107.700135,0.5385949382270643,-0.004989339421785955,0.6886616683162218
107.800035,0.5367571785642,-0.003969205983631522,0.7034887170186344
107.900054,0.534601405082982,-0.0030613074300401503,0.7156378827196527
108.000112,0.5323502779512537,-0.0022917234558532005,0.7257364519989347
108.100055,0.5303804896642141,-0.0016952613587425975,0.7331201511097549
108.200202,0.5287767464093057,-0.0012417697334291579,0.7383150378054296
108.300043,0.5277046826865885,-0.0009492834311764114,0.7415562731191772
108.400025,0.526985447616898,-0.0007552602212930258,0.7436448822386816
108.499975,0.5268094211498693,-0.0006989933804437108,0.7441492605650816
108.600062,0.5267942678229571,-0.000675177074341515,0.7441878410840643
108.700114,0.5268065628264542,-0.0004034918572246354,0.7441581427405113
108.799963,0.5268977886800608,3.901492356697808e-05,0.7439075247109034
108.900152,0.5270447589583135,0.00036889183138716104,0.7434934614436051
109.000071,0.5271940267455929,0.0005081167202389903,0.7430643160852867
109.100037,0.5272527815252778,0.0005541720126219455,0.7428902841011276
109.200079,0.5272634812374382,0.0005717589086757075,0.7428594215723172
109.300079,0.527264797893918,0.0005815659246170828,0.7428600840159973
109.400138,0.5272662995843508,0.0005857796804733832,0.742855715108256
109.499991,0.5272522510242768,0.0005906142947431823,0.7428970324613237
109.599986,0.5272162444348945,0.0006019751258501554,0.742999862459383
109.700105,0.5271907988676751,0.0006098261803200076,0.7430724866106675
109.800088,0.5271754927832991,0.0006139449711812012,0.7431148573911754
109.900061,0.527174048899413,0.0006143766946358445,0.7431202187315901
110.000002,0.527174105400642,0.0006193814616081029,0.7431204032156208
110.100135,0.5271756810402386,0.0006161520090965241,0.7431161208479978
110.199956,0.5271779855253652,0.0006154159348429351,0.7431070408718143
110.299984,0.5271792718167339,0.0006184451200042069,0.7431064556239139
110.400033,0.5271797969657347,0.0006230184794095096,0.7431059862430297
110.500147,0.5271811237494365,0.0006194827391194336,0.7431017506757537
110.600053,0.5271804159461605,0.0006172900819981049,0.7431001595011357
110.699971,0.5271798268884628,0.0006231041153427464,0.743106010134003
110.800012,0.5271797675694803,0.000625176716662494,0.7431056974714362
110.900121,0.5271800061063785,0.0006186929388955662,0.7431030547587418
111.000416,0.5271791807657964,0.0006213584643929458,0.7431028415153847
111.100071,0.5271783937937579,0.0006267264186900273,0.7431103898814585
111.199971,0.5271773739379516,0.0006266335313476785,0.7431132855721818
111.300204,0.5271781659068875,0.0006214000235709508,0.7431071960947709
111.400111,0.5271789260856254,0.0006228748217995555,0.7431056037242307
111.500083,0.5271787413864217,0.0006266042995653703,0.7431078103925359
111.600116,0.527179628674789,0.0006245832200600895,0.7431061051080027
111.700126,0.5271792555245449,0.0006243768934227976,0.7431035935448924
111.800021,0.5271815575660355,0.0006261504594875895,0.7430971428903099
111.899971,0.5271794131192421,0.0006283690060753843,0.7431068050155646
111.999995,0.5271790625958364,0.0006267181212747074,0.7431085268454686
112.100069,0.5271804923187735,0.0006242932281039675,0.7431030868169972
112.200071,0.5271787073607659,0.000625439816389659,0.7431060769142454
112.300097,0.5271793387243842,0.0006230172199410025,0.7431062357425039
112.399992,0.5271794498021327,0.000626379760456488,0.7431053202108033
112.500047,0.5271793263436912,0.0006310866292290028,0.7431027300951016
112.600113,0.5271790148367298,0.0006278253402470697,0.7431047578968838
112.700108,0.5271792234202292,0.0006265745324051234,0.7431065784638615
112.800079,0.527179244338138,0.0006301971482647894,0.7431047380000055
112.900124,0.5271782378164627,0.0006247682582625272,0.7431059322074313
113.000001,0.52717799120323,0.0006272177071591448,0.7431072765899661
113.100009,0.5271792377715431,0.0006266701871023394,0.7431072249376074
113.200042,0.5271791174088122,0.00062719912716801,0.7431045769977421
113.300013,0.5271794408020282,0.0006286999049033718,0.7431029893334621
113.400052,0.5271787206473244,0.0006298112863187633,0.7431060386791168
113.499999,0.5271778498487362,0.0006292517635891537,0.7431096190934257
