0.0,0.3077596652208225,-0.000373208430172174,0.4862313779959842
0.099902,0.30775983846966126,-0.0003733452595687674,0.486230461110837
0.199914,0.30776077897417864,-0.00037386834781071384,0.4862296813261628
0.299937,0.30775964195316585,-0.0003731006006404721,0.4862328659096691
0.399907,0.3077596487018619,-0.0003731996073552315,0.48623242591872173
0.499983,0.30776016428518,-0.0003722507427004973,0.4862289940920108
0.600042,0.30776114369474106,-0.0003729926420117397,0.48623097966962076
0.699914,0.307760373490711,-0.00037268451692017347,0.48622979883833933
0.799993,0.30776028889996304,-0.0003727012587645119,0.48623189550189133
0.899734,0.30774816638292224,-0.00040956587342769185,0.48619111878538346
0.999808,0.3075554013991457,-0.0006378081109282028,0.48546555930254626
1.099891,0.3074248275058029,-0.0006654093985182202,0.48498829858450165
1.20002,0.307415993310568,-0.0006771221972841909,0.48495238322685086
1.299831,0.3074095579172598,-0.0006843885331689445,0.4849286511554013
1.399765,0.30741101236747576,-0.0006946254100251588,0.4849284234544795
1.499834,0.3074075326010498,-0.0007002397611054139,0.48491792062356226
1.599955,0.3074062523778856,-0.0007025319443452216,0.48491285457376515
1.699881,0.3074056494997042,-0.0007031077352295808,0.4849119818293367
1.799859,0.3074047959317386,-0.000702257067606279,0.48490899568881685
1.899806,0.3074043256740342,-0.0007037731970826213,0.4849088069275701
1.999901,0.3074031884125421,-0.0007060543792070981,0.4849029141614698
2.100048,0.3074029231917732,-0.0007088279663777533,0.48490125646180016
2.199827,0.30740243521970834,-0.000710271700381508,0.4849019649430805
2.299926,0.30740368006496255,-0.0007099932918235087,0.4849006634765552
2.399757,0.30740247474412435,-0.0007090528622248618,0.4848955432745421
2.500032,0.3074016530100381,-0.0007078298052709441,0.4848951337295128
2.599812,0.30740140784341397,-0.0007108826741408177,0.48489424025095557
2.699842,0.30740079311073143,-0.0007101725956386096,0.4848943523177989
2.799823,0.30740052232191967,-0.0007120013471109472,0.48489238068411894
2.899776,0.3074001083720599,-0.000713556711697653,0.4848911576078352
2.999805,0.30740047741655235,-0.000710532297637083,0.48489237383488937
3.099794,0.30740089623638234,-0.0007145775302010396,0.4848924980871496
3.199819,0.30739972837152246,-0.0007148433249596331,0.48489061610804024
3.299763,0.3073997473283076,-0.0007145377900906331,0.48488787673907663
3.399762,0.30740070730968333,-0.0007121580472537037,0.48489151932944685
3.499805,0.30739932510251805,-0.0007132769552130925,0.4848880010632577
3.599888,0.3073991736544734,-0.0007152061417776932,0.4848901942599161
3.699806,0.3073993714928694,-0.000715374513064734,0.4848866372804117
3.799837,0.30739966790182865,-0.0007158955864147211,0.48488812485275884
3.899753,0.307399371990956,-0.0007143910060423394,0.48488534454249255
3.999865,0.30739847626338695,-0.0007174512820981517,0.4848857111068052
4.09991,0.3073980618575307,-0.0007160469041702507,0.4848851743831614
4.199869,0.3073993685478033,-0.0007151581776587536,0.4848896018315517
4.299805,0.30739912620483684,-0.0007161536986906315,0.48488715479297884
4.399774,0.3073979721598191,-0.0007185375039277153,0.48488327247236357
4.499941,0.3073975333671065,-0.0007174159699776165,0.4848830777851277
4.5999,0.30739877856235354,-0.000716224317678201,0.48488671644558984
4.699935,0.3073979500355569,-0.000715670306839043,0.4848845640225682
4.79989,0.3073982034656353,-0.0007164628841778218,0.48488357953579503
4.899789,0.3073973195592394,-0.0007174039792419292,0.4848822579154956
4.999884,0.3073981279793703,-0.0007182607846866143,0.4848836915044803
5.099997,0.3073981854812097,-0.0007159783488699717,0.4848839724795515
5.199838,0.3073977965990339,-0.0007189762009037312,0.48488212695391464
5.29981,0.30739751359206224,-0.0007178381239019186,0.4848818985326031
5.39994,0.3073982202963553,-0.0007167329617545917,0.4848827700614493
5.499913,0.307398023589272,-0.0007178852512381154,0.4848823575106578
5.599941,0.3073973962816143,-0.0007186873815347632,0.48488156372649316
5.699753,0.30739787780083094,-0.0007190478321803167,0.4848808136289299
5.799933,0.30739802617462897,-0.0007184689623882635,0.48488144128317867
5.899752,0.30739767784976807,-0.0007175542497888788,0.4848805932281462
5.999846,0.3073971821410382,-0.00071845216452565,0.4848789250232399
6.099783,0.3073963002366615,-0.0007194075505533657,0.48487702490462314
6.199796,0.30739731692299077,-0.0007193075585838894,0.4848807660534457
6.299892,0.3073965902241715,-0.0007163557063094515,0.4848781285228662
6.399845,0.30739702496522026,-0.0007186402916597636,0.4848787106589315
6.499866,0.3073970201557377,-0.0007201606025541123,0.48487980255229024
6.599842,0.30739768464712197,-0.0007172461772129935,0.4848815701014581
6.700043,0.307396968379368,-0.000718862888851751,0.48487752689787156
6.799936,0.3073963741517448,-0.000718419283884469,0.48487897218407433
6.899779,0.3073967752514892,-0.0007196159517225606,0.48487881225408785
6.999794,0.30739709570670143,-0.0007177460157131294,0.48487853767346095
7.09992,0.307397022625105,-0.0007176545748353814,0.4848761360890873
7.199746,0.3073967408016206,-0.0007195179237329619,0.4848769569213826
7.299952,0.30739588503568643,-0.000718828345555458,0.4848776618260596
7.399769,0.3073958648244848,-0.0007187987471143145,0.4848761629750142
7.499918,0.3073948211789617,-0.0007199135329965799,0.4848771490728532
7.599854,0.30739592127009685,-0.0007200755750789723,0.48487646588316113
7.699786,0.3073960592228857,-0.0007200975554234191,0.48487571445058536
7.799904,0.3073958046523298,-0.000722016455774611,0.4848770023519566
7.89976,0.3073971125525363,-0.0007195730026425708,0.48487552265371436
7.999914,0.30739634470019767,-0.0007199313794651637,0.4848763043230217
8.099797,0.30739643336649297,-0.0007201261377105471,0.48487427738001865
8.199873,0.30739559843227543,-0.0007201579977621941,0.48487727379951306
8.299812,0.3073959400061522,-0.0007204323427954622,0.48487750970100707
8.399921,0.30739573597319564,-0.0007197339624896007,0.4848745470154029
8.499831,0.30739549038100267,-0.0007184728058471238,0.48487639074743744
8.600058,0.3073958263034833,-0.0007200682567612537,0.48487501009401957
8.699806,0.3073961804906371,-0.0007196258916035119,0.4848758243550498
8.799761,0.3073949593441583,-0.0007208625246963433,0.4848749773059001
8.899864,0.30739557730699896,-0.0007195357799238995,0.4848744863046755
8.999939,0.30739642774000964,-0.0007203893548864031,0.48487569279738885
9.099926,0.30739553427338717,-0.0007184760982179802,0.4848732205068444
9.199938,0.30739608483581415,-0.0007202679655189151,0.4848749480948126
9.299761,0.3073958428330007,-0.0007217799319416952,0.4848732181906444
9.399812,0.3073955674974298,-0.0007193812603515563,0.4848731037200177
9.499857,0.3073952381474832,-0.0007202492292277669,0.48487349287894144
9.599822,0.3073945982327783,-0.0007219936830603694,0.48487293745790927
9.69979,0.30739518409658323,-0.0007215247958080064,0.4848735834141627
9.799936,0.307395528131233,-0.0007213793651459159,0.48487360288043485
9.899901,0.30739574475487413,-0.0007197724654947334,0.4848724192453526
9.999984,0.30739537931548033,-0.0007202134198164892,0.4848727694867692
10.100006,0.3073943629406769,-0.0007235198645978085,0.48487443038536737
10.199757,0.30739497376927505,-0.0007213393290691047,0.4848718387572007
10.299938,0.307395254516689,-0.0007213582311528315,0.4848726482351971
10.399901,0.30739450936021584,-0.0007205659240141868,0.4848736217259047
10.499853,0.30739509659591374,-0.0007206221520707444,0.48487302904759383
10.599834,0.3073960995840638,-0.0007195592250573298,0.4848723194193483
10.699754,0.30739457820098687,-0.0007201246471256794,0.4848710451835337
10.799883,0.30739468233335393,-0.0007207507398100706,0.48487005169610914
10.899889,0.3073948740588833,-0.0007229804649463894,0.4848723562951056
10.999758,0.307394493892377,-0.0007206137848045444,0.48487134470271365
11.099873,0.3073947803305239,-0.0007210524308342409,0.48487088300078574
11.199887,0.3073975693126714,-0.000720499370763899,0.4848719319044912
11.299761,0.30739903958331605,-0.0007220232124220081,0.48486573262965565
11.399932,0.307415879312045,-0.0007221161173163784,0.484822572867402
11.499928,0.307416671648404,-0.0007200343434639399,0.4848261714111481
11.599916,0.30741718791734635,-0.0007186907842187553,0.48482600071207654
11.699868,0.3074164630155696,-0.0007207435769247253,0.4848268424151926
11.799909,0.3074158213418345,-0.0007213756837334401,0.4848257871058215
11.899881,0.30741628514160535,-0.000722537135053269,0.4848290748881985
11.999817,0.30741591558900716,-0.0007213886730764118,0.4848282985639727
12.099919,0.3074165367908872,-0.000724544200377184,0.484827757587862
12.199944,0.30741550662283135,-0.0007257092501056986,0.4848255682728262
12.299855,0.3074185303718438,-0.0007254291030675485,0.48482841470059257
12.399796,0.3074282681175283,-0.0007248597661953666,0.4848237856291915
12.499898,0.307608153135916,-0.0007245894561442772,0.4848765249644247
12.600238,0.3076277690852049,-0.0007251036002626032,0.484878727465461
12.699908,0.30763056389802795,-0.0007255482875260647,0.4848832765273875
12.79981,0.30762860165681954,-0.0007252910197121022,0.48488317931554725
12.899875,0.30762166188784545,-0.0007236901271557041,0.48487719300143284
12.99985,0.30761248676260894,-0.0007249095676128162,0.4848794271610714
13.099865,0.30737233739734365,-0.0007285275622981088,0.48478096350354266
13.1999,0.3073013685063754,-0.0007727045066888314,0.48475693204300285
13.299824,0.3072819536400734,-0.0011771540133427888,0.48474436825682793
13.399808,0.3074770985184625,-0.001776060666376034,0.48438216388950966
13.49982,0.3089575458232826,-0.0031183452804084784,0.4824662292433624
13.600202,0.31272213751724776,-0.005479402423632142,0.47796640662623996
13.699893,0.31994177247873,-0.008740613091005902,0.47102268063614827
13.799799,0.3288689862580841,-0.012745552728477643,0.4616818423811942
13.899869,0.33912331685612723,-0.0170756177002805,0.450945679658549
13.99988,0.34989772388655555,-0.02163294662569974,0.4386949550015554
14.09991,0.36127761701701255,-0.02586447273036795,0.4251524304029432
14.199883,0.37273749149111185,-0.029810817269063955,0.41038398966481276
14.299808,0.3837625711775801,-0.033035380089192025,0.39469204532421726
14.399947,0.39389981647904676,-0.03514335638623861,0.378988374561334
14.499879,0.40303965732296143,-0.03639473076366747,0.3642989851705175
14.599986,0.41101274309021396,-0.03717814118317466,0.3506597418859053
14.699985,0.41797026710247026,-0.037669562389242656,0.3388339627155457
14.799823,0.4239432903723654,-0.0375574180481953,0.3286611587420487
14.899899,0.42916401522559766,-0.03645481980090397,0.31978676695066116
14.999918,0.43373574177988333,-0.034041736298930585,0.31210172897121613
15.099838,0.43746739960517883,-0.03079189956638251,0.305663672817918
15.199979,0.4409574059918522,-0.027289406720469832,0.3004150997681114
15.299813,0.4438367617541263,-0.023998809507659348,0.2955194117339221
15.399913,0.4461552779818018,-0.020929470349172356,0.2908772294519275
15.499955,0.4486593538759172,-0.017880746039102807,0.2860337410935178
15.599835,0.4503188670129478,-0.015506413352195271,0.28130905866784595
15.699943,0.4518696347051263,-0.013783746444794341,0.2768346231621642
15.799947,0.45300701765599755,-0.012417178234407912,0.2724438505374901
15.899789,0.4545528737583783,-0.011541263421453367,0.26862766973258095
15.999822,0.45527884276386354,-0.011264929590862964,0.2646403579573973
16.099844,0.4556551067267491,-0.011249275702938455,0.26180911889682246
16.199817,0.45611617306447017,-0.011280076627553691,0.25967649347616617
16.299743,0.4561070723329774,-0.01130764004848594,0.2572450645813725
16.399856,0.45637210545158646,-0.011310520659942168,0.256486687453054
16.49987,0.45653324813202584,-0.011324427905041963,0.25658577650991227
16.599861,0.45654342595314035,-0.011323702558174487,0.2565458124949137
16.699862,0.4565534324369673,-0.011323884304522304,0.25649679239954004
16.799864,0.4566344169930009,-0.011325581816063166,0.2564507101537168
16.899897,0.4566924997003574,-0.011329935844325616,0.2563515420195753
16.999986,0.45679152309855037,-0.011334284790508459,0.25627538640216
17.099783,0.45694593656122445,-0.011339555491658089,0.25616109587528835
17.199944,0.4572716338153722,-0.011344114096577828,0.25602201057941876
17.300167,0.45786324126299094,-0.011344055799865815,0.25594416627258626
17.399912,0.4584062456872975,-0.011345340317150647,0.25590208759407274
17.499842,0.45890602283850523,-0.011329523391284227,0.25580773419033015
17.599933,0.45942563419957505,-0.01125545526132006,0.255746507118522
17.699868,0.4598501342059783,-0.011276274339199201,0.2557152267494599
17.799955,0.46010793949920553,-0.011281082544629875,0.25564593450548345
17.899946,0.46041253255642345,-0.011291107293353116,0.2555410094261609
17.999874,0.4608492837362495,-0.011302557783879567,0.2553553668082842
18.099874,0.4615112536879724,-0.011338879124332119,0.255115057636744
18.199817,0.46255847944495304,-0.01138040389552349,0.2548829487444664
18.299923,0.4635353745103222,-0.011429514513373698,0.2548041786252748
18.399808,0.4642921003544825,-0.011481831551598319,0.2548407153378087
18.499799,0.4657145950150706,-0.011565508751583511,0.25474563175974335
18.599891,0.4681683140456495,-0.011685486437542239,0.2547384699972024
18.699744,0.4705071058520041,-0.011795624514386933,0.25465973893936233
18.799897,0.47313667445513846,-0.011916682114377606,0.25485617432426805
18.899925,0.4755423331130646,-0.012026826276446814,0.25487468284300396
18.999847,0.4774531000057486,-0.0121235358034027,0.2547033225472599
19.099868,0.4800283630235171,-0.012244514980131651,0.2546413686837845
19.199896,0.48176760674097513,-0.01233488390146467,0.25446339412710844
19.299911,0.4828632889029915,-0.01241063898906017,0.25393245697397565
19.399939,0.48500959921967335,-0.012501850145313088,0.2536741386109236
19.499851,0.48777838004727164,-0.01259608394696285,0.25300808057647145
19.599915,0.491704509775212,-0.012756211709400292,0.2530986812191272
19.699845,0.49568368549042,-0.012923607422899702,0.25303162901299403
19.799752,0.5003253523272062,-0.013074652674848787,0.2531330990964644
19.89983,0.5051132388925117,-0.013142635578786355,0.2530048883148964
19.99976,0.5105388085163678,-0.012949650672043659,0.25319613377886263
20.099885,0.5160520845300739,-0.012556994514098755,0.2535186931771741
20.199813,0.5210502148094593,-0.011933022629582587,0.2532895859045826
20.299932,0.5262387740580502,-0.011266694175510036,0.25349256105059104
20.399778,0.5310670220035449,-0.010837716288631909,0.25312116136432306
20.499854,0.5367784459511052,-0.01060943614610931,0.25318539604499696
20.599831,0.5427031789278463,-0.010450416602321868,0.25338391481017963
20.699919,0.5489519151934027,-0.010312332447321649,0.25313891955177387
20.799959,0.555853014266607,-0.010117770650435391,0.25321634756218797
20.899968,0.5636040961849105,-0.009742086619021463,0.2535033645700599
20.999867,0.5711525081741087,-0.009226503385690825,0.253740629757161
21.099913,0.5782297128474296,-0.008709604408818744,0.2542138030223724
21.199811,0.5847972277115521,-0.008116286014120028,0.2541563358008794
21.299878,0.5908279178971672,-0.007396066174672056,0.25454836248251655
21.399908,0.595229931412149,-0.006647742740673625,0.25476822505247393
21.499786,0.5981977376925066,-0.006053409367764832,0.2548726836420003
21.599963,0.5996342294786279,-0.005699416277421257,0.2549061156225307
21.699917,0.6000699771284062,-0.005607625267209088,0.25469169404809094
21.799854,0.6003093985936497,-0.005527048868690128,0.254862006821413
21.899999,0.6003090986060851,-0.005500986913460255,0.2548190351735712
21.99994,0.6003130647616233,-0.005495373498408347,0.25481659346244434
22.099927,0.6003169808251853,-0.005501879028500203,0.25481954489470754
22.199915,0.6003199454281545,-0.0055112475999513424,0.2548219729992246
22.299945,0.6003204422511204,-0.005545893827946613,0.2548269994529242
22.399877,0.6003203565173449,-0.005798208892861477,0.25485440665094905
22.499924,0.6003442972886928,-0.006638202826215248,0.25493167800238725
22.599802,0.6003883729386132,-0.009674521631243372,0.25507740847016047
22.699874,0.6004846910779076,-0.0150954788890244,0.2549727899962215
22.799889,0.6007092082797361,-0.021918906689674163,0.25487662041163683
22.899909,0.6007180477259405,-0.029330191226086898,0.25483496904048825
22.999863,0.6003998088977225,-0.037685605973850324,0.2546835835205581
23.099917,0.5998312919535101,-0.047168952088284255,0.25455699997876996
23.199882,0.598992092867504,-0.05720813713964568,0.25440756901832473
23.299852,0.5980129003682323,-0.0673372913979781,0.25428139937973293
23.399935,0.5969248947818626,-0.07677845780029569,0.2541912210337421
23.499871,0.5958066588949056,-0.085434204297813,0.2540258223563968
23.600124,0.5949718425286975,-0.09326342989924057,0.2538902752517338
23.699879,0.5947527640533699,-0.10039024617941485,0.25389512412875886
23.799884,0.5948161819299299,-0.10763038848056407,0.25401463749601216
23.899977,0.5951965670903988,-0.11493748876101405,0.2541946988633842
23.99992,0.595353941355853,-0.12291572886705213,0.2541430018319825
24.099853,0.5961594840367073,-0.13150588983925457,0.2541051207484965
24.199883,0.5964726223506398,-0.1406606872173862,0.2540941229907271
24.29989,0.5965906551399698,-0.14979788465777338,0.2539349804583929
24.399934,0.5962412475398526,-0.15883303619226868,0.25457950631655185
24.499891,0.5950637621430424,-0.16704161249288674,0.2546088731858017
24.599899,0.5936251949991694,-0.17476458437477177,0.25460802506267577
24.700027,0.5925148254647946,-0.1811083789008963,0.25463443721635437
24.799916,0.5915982208120972,-0.18624781184653993,0.25461555566030275
24.899814,0.5908241993003236,-0.18989458870595133,0.2546399650935204
24.999933,0.5903208037362007,-0.1918861580685683,0.25463591892655235
25.099851,0.5901093893826811,-0.19274287619884745,0.2546566428055798
25.199852,0.5899761983486136,-0.19322629227413585,0.25468591354509856
25.299971,0.5897957225574207,-0.1937096886747613,0.2546790873215594
25.399863,0.5895660741813091,-0.19404979400769143,0.2544809088373804
25.499901,0.5890963220268548,-0.1945359169542429,0.2541876795087507
25.599848,0.5881527814651794,-0.19499551330343867,0.2540887700294153
25.699895,0.5862705553283482,-0.19534424821722637,0.25377900632401923
25.79996,0.5836269926027924,-0.19553919244624254,0.2531437939627844
25.899866,0.5800540535514114,-0.1956042892823014,0.2532372702286904
25.99994,0.5750582405025663,-0.19587670193718562,0.2530858682941175
26.099864,0.5703198970790841,-0.19664925173960904,0.252502866038197
26.199834,0.5646531378633431,-0.19727312040976072,0.25257771532978823
26.299881,0.5583923919607466,-0.19734529437300152,0.2518964504448062
26.399868,0.5525495843528699,-0.19717543099985477,0.2519486444072854
26.49986,0.5458914440438034,-0.19681902444348998,0.2511427252456092
26.599824,0.5394564244188434,-0.19664519984844178,0.25125023343261926
26.69991,0.5327080687972356,-0.19663947680444147,0.2504604074647505
26.799861,0.5263755876222627,-0.19685610979606372,0.25065609321771054
26.899873,0.519649259220394,-0.1969446628599753,0.249781223057636
26.999904,0.5140693744801417,-0.19716995263323586,0.25017432679468726
27.099874,0.5085885669601433,-0.1971649082199073,0.24942866103040567
27.199832,0.504224041723132,-0.19692964849066355,0.24998226151164787
27.299865,0.4998335696690854,-0.19623185804765853,0.2494035819240613
27.39974,0.4964807357535826,-0.1955864713704329,0.24981686598866287
27.499883,0.4925991564190029,-0.19465057278230533,0.24952674539936986
27.599827,0.49054622531552616,-0.19412770560420556,0.249582729861102
27.699816,0.4877719186828542,-0.1932848533562944,0.2498864091681779
27.799839,0.4855085630112438,-0.19259534591431116,0.24954026738672538
27.900014,0.48465020582010854,-0.19237861145113516,0.249630260546633
27.999973,0.4839146462299288,-0.19220866252802976,0.24975483950620714
28.099881,0.482959931806198,-0.19201626002816513,0.24992222610943265
28.199853,0.48281939699561893,-0.19203408866240668,0.24992393368181784
28.299849,0.48281225112594434,-0.19206106704549422,0.2499607970456718
28.399941,0.48278937363543234,-0.19207481780209532,0.25000218718500766
28.499853,0.4827244355609363,-0.19206751588114,0.250027307065534
28.5999,0.48248910420527047,-0.19203256017345274,0.2499863122361588
28.699894,0.4818794101862185,-0.1919415522891753,0.24987249733097933
28.799956,0.4807344640973027,-0.1916413096047921,0.249715454394057
28.899947,0.479597849600582,-0.19131761502464378,0.24974274721753348
28.999883,0.47864593629130997,-0.19111231958504077,0.24973876027438174
29.099906,0.4782875434712802,-0.19103439074133602,0.24973998804935854
29.199842,0.47822048081974405,-0.19101193857065604,0.2497829063714068
29.299907,0.4781339218228387,-0.1909738172783197,0.24985656561587516
29.399866,0.47768280887945064,-0.19081454436727777,0.24969769823806406
29.499997,0.47707246338445986,-0.19058850385638826,0.24971303218223595
29.599938,0.4760209148229914,-0.19009303936482938,0.24953299273210267
29.699921,0.4750019767786096,-0.18923822741655624,0.2494156867600814
29.799903,0.4734819643410604,-0.1873055655474409,0.24938390235570657
29.899828,0.47196058486002096,-0.1841789609769816,0.24939318419550263
29.99981,0.47162541266136293,-0.18058840145723318,0.24931715301713836
30.099885,0.4719755543647625,-0.17652614453388096,0.24925423404852728
30.200008,0.47301074524158,-0.17214421317665307,0.24903708770400854
30.299949,0.4744188604255345,-0.16782851454952344,0.2490062848273843
30.399919,0.4758906675429994,-0.16348452571205008,0.2490432322666014
30.49996,0.477493375725573,-0.15870545440217187,0.24906130254885228
30.599863,0.47923408137453727,-0.15310352081430453,0.24906116274679288
30.700034,0.48110680045777604,-0.1468727430960945,0.24905305232077168
30.79984,0.48305144823537205,-0.14001555468072735,0.2490605413117283
30.899966,0.48489780197299615,-0.1329114677381446,0.2490839637127229
30.999831,0.4866679604463455,-0.1256128017605271,0.24910977247475252
31.099968,0.4882641302174132,-0.11825883278096638,0.24912717639148968
31.199841,0.4896550144202618,-0.1106656598962877,0.2491466245492367
31.299916,0.49055423022125205,-0.1032859592712407,0.2491456741279795
31.400019,0.49130262856541596,-0.09590413093797166,0.24911141591566183
31.500045,0.4918735785327772,-0.08911584723455433,0.24909389757046602
31.599961,0.4924100516709433,-0.08275071438156395,0.2490708323789972
31.700117,0.49296738979596866,-0.07708677611381329,0.24906120973337167
31.799866,0.4934365924221329,-0.07174512301746482,0.24907510737888572
31.8999,0.49375743373111686,-0.06676971832916062,0.24906395710235482
31.999962,0.49411611287122154,-0.061789974022360916,0.24905137659876542
32.099912,0.4945627534960193,-0.056615910783228626,0.24906678980400965
32.199849,0.4950147303751732,-0.05114073061041814,0.2491258094518683
32.299875,0.49543889288158954,-0.04510652925141287,0.249129826729405
32.399855,0.49582391305182183,-0.038797713313016916,0.24920036648754285
32.499971,0.4961446969075831,-0.03250401530151648,0.2492433528628828
32.599925,0.49637393006523267,-0.026448402413964643,0.24927981654093662
32.699929,0.49647967337400994,-0.02116135843860833,0.2493033158325309
32.799814,0.4964894025562727,-0.01713696759185174,0.2493184671363698
32.899833,0.49636673621534755,-0.014336116336024137,0.24931402106779618
32.999852,0.496216254692258,-0.012461129927318244,0.2493063238529206
33.099854,0.496042904671828,-0.011061263870781332,0.24929765042773228
33.199825,0.49583664275378647,-0.010214341252304,0.2493487097839826
33.29988,0.4956102231537377,-0.009846987061890956,0.24945465353649496
33.399859,0.49543361909345207,-0.009768962148949416,0.24962707463477823
33.499863,0.4950179846231071,-0.009725969182448078,0.2498644258370221
33.599874,0.4938408759920232,-0.009519747603118155,0.25021093551110263
33.699874,0.491995594189653,-0.009205021013937286,0.25051033903887077
33.799861,0.4912395873242333,-0.008947065301937332,0.25090032557660624
33.899851,0.49110276913608697,-0.00890595506308082,0.25118058243708746
33.999868,0.49108302217216276,-0.008826712249282977,0.2516323026224608
34.099848,0.4914223550201974,-0.008510832398478906,0.2528829105413424
34.199919,0.4923561282308355,-0.007998746440667824,0.25479303521922236
34.299857,0.49401034232526164,-0.007104877820996174,0.25614431323686304
34.400015,0.49578907557118757,-0.005926532375467492,0.25670629376399584
34.49987,0.4972083623961399,-0.00493302547366395,0.25691595376196713
34.599882,0.49876360865050534,-0.0043495242121027195,0.25715639164579124
34.699899,0.5002721578170987,-0.004089902313262483,0.2573984005910126
34.79988,0.5017353461427847,-0.003954421126802955,0.25763541729553796
34.899898,0.5034962897647616,-0.0037977349015719947,0.2579331543853427
34.999907,0.5045376159774354,-0.0037101361335238224,0.25803506813225485
35.099834,0.5052028445872452,-0.003643673962094882,0.2578858305482479
35.19987,0.5054942395650681,-0.003602725041532897,0.2573835422120564
35.299863,0.5057277275018348,-0.0035611300070733133,0.25659070972803477
35.399878,0.5058539321810285,-0.0035286521308413345,0.25589480129673237
35.4999,0.5058432541450564,-0.003508077673434763,0.2553122646920868
35.599953,0.5057768839288191,-0.0034962046059316097,0.25475431687063693
35.699879,0.5057369107546323,-0.003489544869097594,0.25437741354855853
35.799949,0.5058257065470638,-0.003485890109360427,0.2543847206023797
35.899896,0.5058321570871999,-0.0034805492123805197,0.2542444084089206
35.999895,0.5059061745463476,-0.0034753491591481877,0.2541480414205258
36.099898,0.5059724709460409,-0.0034711092273832338,0.25401171054665195
36.199878,0.5060415135591377,-0.003464661863739423,0.2539045190723446
36.299919,0.5061374290200156,-0.003459722421176061,0.25379800866015395
36.399874,0.5062224700637904,-0.0034553788956480803,0.25369449179551057
36.499913,0.506310629092505,-0.003449274484138035,0.25358466983021516
36.59991,0.5064275900336932,-0.0034475329510495296,0.25348844380193386
36.699856,0.5065489329398137,-0.00343837263283443,0.25337716500427304
36.799942,0.5066943531343091,-0.0034335419443457084,0.25326925602182027
36.899893,0.5068482692175338,-0.003426109327624885,0.2531488575417592
36.999859,0.5069686426109499,-0.003424587528340956,0.25307746169109296
37.099818,0.5070544025607672,-0.0034196118514033137,0.25302933034899433
37.199897,0.5071203741845892,-0.003412457197185914,0.25298683788874826
37.299981,0.5071494301916317,-0.0033986130637105073,0.2529712890370852
37.399989,0.5071600144406392,-0.0032398806740870246,0.252955200612009
37.499877,0.5071700491116352,-0.0028605071089687663,0.25294928794805566
37.59992,0.5072362772146167,-0.001851319946411932,0.25300797271123643
37.699903,0.5073025927463684,0.00020585608358753352,0.25307088363137137
37.799801,0.5073165040335136,0.003279835554410821,0.2530970592555244
37.899806,0.5073330747429192,0.0068420477662712205,0.2531568598616173
37.99986,0.507322751607441,0.010199216622479657,0.25320806374689214
38.099903,0.5073014443992563,0.012947031891446149,0.253252876385614
38.199991,0.5072851699535483,0.014469489634200035,0.25328103172194005
38.299867,0.5072792718973482,0.014939861380821652,0.2532867758912988
38.39998,0.5072805218562199,0.015064344365728032,0.2532903737204982
38.499885,0.5072752421328629,0.01514864929197955,0.25328531366149626
38.599861,0.5072786454608398,0.015193512124073135,0.25329140316253135
38.699864,0.5072868959606797,0.015199703191725629,0.2532903485716701
38.799938,0.5073613476380882,0.015204267020742504,0.25329701139637606
38.899915,0.5074990972809487,0.015213157873242858,0.2531927514326046
38.999898,0.5077521364408932,0.015242984327974706,0.2532037082882022
39.099877,0.5082351104683753,0.015292877366141782,0.2533422278564326
39.199847,0.5090391578370642,0.015354894335873984,0.2534270696941331
39.299942,0.5097197240085788,0.015407920817532185,0.2532079468053231
39.399925,0.5102125919088992,0.015451349199012811,0.253040538701253
39.499927,0.5110177201526664,0.015504523762758448,0.2530520943533124
39.59993,0.5121405314281438,0.015590849844234086,0.25323611898009185
39.699993,0.513651734901634,0.015759804657648844,0.25336334036284447
39.79988,0.5156209748421978,0.016020796417438372,0.2534776870083868
39.899869,0.518583484338342,0.01628722899047818,0.25344080039764777
39.999789,0.5223102684745262,0.016531426896033187,0.25355119090103345
40.099837,0.5269058411802722,0.01678330949895752,0.253794515502454
40.199941,0.5312400636711767,0.0170308060901638,0.25411209501929033
40.299976,0.5359588070772233,0.01728599052084446,0.25416505750702345
40.399986,0.5407921751624933,0.017505835725307447,0.25459620082954826
40.499943,0.544878319822519,0.01770374154721598,0.25463554339077776
40.599901,0.5487412172695505,0.0178453736708163,0.2547992415398447
40.699821,0.5516748555209604,0.017911684844311177,0.25519843324715047
40.799917,0.5535232983878804,0.017988410811916534,0.2549179168026274
40.899908,0.5551401160356638,0.018062737311030724,0.25517573970026636
40.999936,0.5564800828479843,0.018124596235139893,0.2547365383490945
41.099936,0.5570215274334877,0.018126567920171116,0.25496453611144154
41.199866,0.5571425982154496,0.018062874840438108,0.254994237017966
41.299891,0.5571718963643134,0.01802010385231617,0.2550035848797068
41.399859,0.5571786196110499,0.017858995517194352,0.2550008557890109
41.499814,0.557215948346885,0.017537980494667153,0.25501903472186194
41.599946,0.5573668390631248,0.016286870903072716,0.2551146400826133
41.699959,0.5574688215443434,0.014165177673109788,0.25511777196405816
41.799893,0.5575366785856282,0.011850130877216343,0.2550847636174638
41.899931,0.5575918842832116,0.00963470606041715,0.2550515054893152
42.000015,0.5576318607867881,0.007570669680095591,0.2550158672654334
42.099873,0.5576642143375545,0.005449415070715735,0.25498488123570906
42.199978,0.5576825098874508,0.0035905794184383335,0.25495799229477084
42.299878,0.557690741160164,0.002397341934973809,0.2549474175381756
42.400059,0.5576928435909911,0.0021063647187957975,0.25494176478818764
42.499977,0.5576917309058109,0.002109674251911409,0.2549410966271286
42.599833,0.5576923859043061,0.002122139333914864,0.2549436805150974
42.699846,0.5576930199321279,0.002183763539846494,0.25495024567048674
42.799875,0.5576852382533954,0.002306090347870435,0.2549439639943682
42.899848,0.5576843801969356,0.0023798486718689307,0.25495223230880015
42.999911,0.5576779393766822,0.0024244034101316486,0.2549502788269302
43.099949,0.5576714256891511,0.002495639266241744,0.2549505644465241
43.199939,0.5576659672595992,0.00254013753202007,0.2549490674161585
43.299881,0.5576638156842113,0.0025812137102411105,0.2549514860152308
43.399924,0.5576615403210549,0.0026478100299955377,0.254953057527828
43.499984,0.5576615154043492,0.0031566343156502544,0.25496169967322946
43.599906,0.5576575219828454,0.003953970764116637,0.25497514992073483
43.699954,0.5576564337468152,0.004448128869980886,0.2549850640580691
43.799868,0.5576547802646522,0.004501689211424266,0.2549841701670568
43.899934,0.557657698843134,0.004509148064681344,0.2549860741674015
43.999937,0.5576542121426681,0.004517951650764266,0.2549837630272224
44.099852,0.5576550872391146,0.004526767371410482,0.2549837406139257
44.199989,0.5576552180015826,0.004530331233665056,0.25498099430224974
44.299977,0.5576551735296296,0.0045274072941294385,0.25498191243390994
44.399945,0.5576578057033317,0.004532160288058776,0.2549798270012113
44.499932,0.5577843191166074,0.004537436341895344,0.25497522466232925
44.599904,0.5586308169366139,0.004746437917838812,0.2549678862800577
44.699873,0.5607143070372939,0.005386275141185501,0.25566480225095817
44.799902,0.5624699808048086,0.00587468837660022,0.25533362374630864
44.899838,0.5649146669793556,0.006074753017706647,0.2555282003664223
44.999879,0.5672592790411705,0.006165460640181448,0.2553525577274865
45.099836,0.570526722551538,0.006228186557156235,0.25552151828481695
45.199866,0.573511746255247,0.00627982393182216,0.2561201202981077
45.299844,0.5762074889923501,0.006333685431361712,0.25563912337960315
45.399813,0.5798558830472725,0.006406368105838271,0.2559578979229831
45.499947,0.5837993042879421,0.006551677999547946,0.2561213129065997
45.599822,0.587476647655281,0.00663376118606342,0.25652748847749135
45.6998,0.5911872401328861,0.006827562135795544,0.2563218269224664
45.79984,0.5952960902149391,0.006932370774126143,0.2569938452430072
45.899963,0.598180269025401,0.006971404774481015,0.2571777265245507
45.999955,0.6004660035464615,0.007019960005313376,0.25707845560094156
46.100004,0.6025515054693547,0.007111688995658497,0.2571746956225491
46.200016,0.6040769642544483,0.00715817342819809,0.25721963234464856
46.299967,0.6046023575871415,0.007156824470079616,0.2573665246966267
46.399919,0.604628716142859,0.0071583900633441075,0.25732269400450913
46.499882,0.6046277293987672,0.007154232257638249,0.2573090234756822
46.599988,0.604628967119398,0.007139636863738591,0.2573098470305353
46.699897,0.6046280028272608,0.007033945177895317,0.25730336961337297
46.79985,0.6046286932315191,0.00703085857062782,0.2572976900944667
46.899897,0.6046310650821948,0.0068706103491448485,0.2572871677768923
46.999867,0.6046324199673115,0.00682861258094041,0.25727752092673417
47.099957,0.6046544901737915,0.006494981047785916,0.25727842309659216
47.200011,0.6047406106213524,0.005026217097383478,0.2573243952662334
47.29996,0.6047863469419019,0.0027323137782713693,0.25731066200579966
47.399852,0.6048225596045183,0.0006924586035134059,0.25730311051598515
47.499908,0.6048865851712507,-0.0007963724295470065,0.25733062921594063
47.599958,0.6051049181329601,-0.002080605960202932,0.25733361475461514
47.699858,0.605621532110995,-0.003505121701234816,0.25738761780402947
47.799846,0.6064051183393596,-0.00507332554527442,0.25746189403948955
47.899893,0.6076491829732054,-0.006670341359213253,0.2574916513134542
47.999917,0.6091892822801167,-0.007955516019678883,0.25741303736755505
48.099828,0.610249647408555,-0.008641503658572474,0.2575143865698214
48.19991,0.6111391675397987,-0.008937976322591162,0.25746402197338886
48.299861,0.6122491916084537,-0.009074145960057707,0.25753169145052945
48.39992,0.6128651367718166,-0.008958231585379874,0.2571335826294563
48.49984,0.6135050016652128,-0.008395067701222829,0.2572608266184977
48.599936,0.6140349748187712,-0.0072055313439442804,0.25728615826251233
48.699918,0.6143941797730438,-0.005440015223615556,0.25736991718726093
48.799813,0.6146302097782268,-0.002968624502577161,0.2574277174572638
48.899906,0.6147829451831174,5.28958975174014e-05,0.2574702975601997
48.999813,0.6149173519417901,0.0031576737486726705,0.25751281708893603
49.099827,0.6150100900323254,0.005731846178735533,0.25754804056790515
49.199985,0.6150609789772231,0.00786443802864091,0.2575758813226835
49.299852,0.6150928371923179,0.009636651897073224,0.25759956923334637
49.399922,0.6150930326974112,0.011514801918182351,0.2576242509589968
49.499939,0.6150792252804914,0.01342639853519935,0.2576425889198749
49.599903,0.6150739483514647,0.015409874220688236,0.2576924055919977
49.699861,0.6150315390432792,0.017244329585558597,0.2576989181902245
49.80004,0.6150009810312795,0.018450472535047266,0.25770508661857594
49.899848,0.6149829704276385,0.019016686344391968,0.2577003473767606
49.999888,0.614972042627045,0.01936526557953069,0.25770273447076336
50.099947,0.6149573883449155,0.019880749400034925,0.25770777853387483
50.199892,0.6149345056694094,0.020533010195844307,0.25770830985573334
50.299852,0.6149176566074235,0.0209719039214974,0.2577066915644375
50.399947,0.614908120828559,0.021097016017425505,0.25770789695335017
50.499841,0.6147610640210811,0.021092685148759657,0.25762357137427616
50.599892,0.6145792931073939,0.021129134015592126,0.25755867886345124
50.699855,0.6138772692661231,0.021219271468282522,0.2576487742833882
50.799901,0.6118402077886462,0.021737887879191307,0.2576940340147322
50.899878,0.6101592584323358,0.022484055419684464,0.25767051243166317
50.999859,0.6090895144955114,0.022907116597338722,0.2575777743074491
51.099883,0.6078155249927746,0.022948805716866354,0.25762416980050484
51.199964,0.6063212529630126,0.022660654689292008,0.2574704057804106
51.299899,0.6060901370816434,0.022301151570257242,0.2574583731614898
51.399906,0.6059197806295824,0.02186400993809444,0.25739276244952053
51.499893,0.605815690289746,0.021275059944867787,0.2573772328023458
51.599916,0.6057780637811787,0.020234656014102476,0.25733177989558736
51.699873,0.6057869770377942,0.01883563541746727,0.2572814742858665
51.799846,0.6058096902336133,0.01719722045030604,0.2572286716807108
51.899876,0.6058242825821881,0.01583773930992352,0.2571826647255015
51.999848,0.6058408392234931,0.014759765237073792,0.2571552731702943
52.09991,0.6058566009411374,0.013991966838067017,0.2571317386461427
52.199887,0.6058704467295518,0.013297180797307843,0.2571104100777819
52.2999,0.6058858577590754,0.012687834349912426,0.25711332593904357
52.399868,0.605889522890175,0.012469539151432063,0.2571279921600111
52.499872,0.6054120337619524,0.012470424717061933,0.2573773548313162
52.599888,0.6024423640068347,0.012010386514843326,0.25765903309983473
52.699947,0.5967543109085175,0.01154466578304824,0.25846359155778226
52.799861,0.5906720795243802,0.011379050031614078,0.2592101139699035
52.900106,0.5840629126839698,0.011058010894450201,0.26206044811765455
52.999958,0.5771072121926958,0.010299822505354557,0.2674106083648059
53.099878,0.570261312711815,0.008479547612363018,0.275262398976956
53.199858,0.5639180130453757,0.004973787175462232,0.284026346283051
53.299871,0.5582487787158995,-0.0012079842745392677,0.2921992265456192
53.399868,0.5531244231496684,-0.010594263879085332,0.2983718592768916
53.499917,0.5481374846806283,-0.02248352331671476,0.3015384264274465
53.599848,0.5434247727050777,-0.03629215046230477,0.30207787750176207
53.699911,0.5385191434421311,-0.0503169501360918,0.30045868317667784
53.799893,0.5333437322923632,-0.06391639111823262,0.29906245054968583
53.899944,0.5283974651508169,-0.07586279764391161,0.2978812310369877
53.999836,0.5245497812779627,-0.08541656480370546,0.29717132864803053
54.099851,0.5198188351725646,-0.09336274206927817,0.2957236752233493
54.19993,0.5145794074541676,-0.09973709335047289,0.2950119971612956
54.299937,0.5107651220230253,-0.10586530947145832,0.29625023040357995
54.399988,0.5074139574187851,-0.11185724438629432,0.2977267361396746
54.499955,0.503958998695003,-0.11874617260374846,0.30021178766074835
54.599911,0.5012240954410837,-0.1269687704449611,0.3034611693901472
54.699871,0.4986831526453243,-0.13701726052200142,0.3059349263038133
54.799884,0.4956035282671105,-0.14780643112870814,0.3065618412319514
54.8999,0.49186558344488623,-0.15906652850015618,0.3062380271838129
54.99997,0.48808860240172647,-0.1702828146554184,0.305878368050604
55.100125,0.4847371721249197,-0.180292971961308,0.30418235205322885
55.199985,0.48245344099591214,-0.18866227007671646,0.2998324695386069
55.299844,0.4821445880576629,-0.19470292276184864,0.2930202993736265
55.40002,0.4835576377383367,-0.19817479376179717,0.28410413090781944
55.4999,0.48552674764590986,-0.19928401859502112,0.2746979776301615
55.599972,0.4873898733054665,-0.20026941012544708,0.26672818269650034
55.699838,0.4898548547328155,-0.20125155852665394,0.26122196909987055
55.799863,0.4920046170443152,-0.20203995641104353,0.25763117825573995
55.899785,0.49419832974815403,-0.20277529388496268,0.25559497601890024
55.999912,0.49511417349411047,-0.20291259552203203,0.254015262733822
56.099835,0.4962575904004632,-0.2031234194201939,0.2546801537256698
56.199879,0.49678046669038733,-0.20327285279198784,0.25510067344317894
56.29985,0.4967539965299196,-0.20326215856965235,0.2549560215654767
56.39993,0.4967367635164572,-0.2032580724709624,0.2549501727605062
56.499863,0.4964838384426409,-0.2031853832113207,0.25488688831146855
56.599957,0.4959382194242542,-0.20300253001286186,0.2547906504675183
56.699894,0.49537888937638447,-0.20250009914159922,0.2547308034626269
56.799924,0.4947789535888883,-0.20148513742088697,0.25467498695006235
56.89993,0.4945151663654499,-0.2005229267590222,0.25466216159977645
56.999851,0.4942555145842388,-0.19980860922802715,0.2546699048350226
57.099825,0.4940331348009281,-0.19916834269450231,0.25455952932759807
57.19986,0.4940459394841451,-0.19861466540607994,0.2544576905721548
57.299981,0.4940565005927836,-0.19836402720492272,0.2544158228080417
57.399899,0.4940305458495301,-0.19835481366594734,0.25439346556111875
57.499848,0.49401959686636693,-0.19835017990003084,0.2543804298767763
57.599864,0.4940149843209793,-0.19834853323856724,0.2543727993890823
57.699852,0.49399506199821414,-0.19834733356976655,0.25424887703492277
57.799929,0.4939976153670349,-0.19834611517752684,0.2540293243487196
57.899889,0.49400588767570375,-0.19835391179125597,0.2539189791763886
57.999851,0.4941201168819815,-0.19839689947826758,0.2537181045415362
58.099912,0.49432218588710264,-0.19846331509410287,0.2535261229382604
58.199916,0.49455651683057744,-0.19854900706629805,0.2534122499889633
58.299953,0.49476649397359285,-0.19861781270942078,0.2532729272051244
58.399908,0.49499742564442684,-0.1986969694749262,0.25316091843879485
58.499825,0.4952826896802999,-0.198786802932654,0.25298731263735563
58.600017,0.49565715235093327,-0.1989050520388572,0.25280339300623794
58.699946,0.4961516263750122,-0.1990086026160495,0.2525735975295763
58.799865,0.496716640076925,-0.19918135282840996,0.2523179550879588
58.899979,0.49725126117160295,-0.19947009307566776,0.25225935106902886
58.999948,0.49758893658245495,-0.20075616205073862,0.2524546370825925
59.099845,0.4974221102440577,-0.2028238511420892,0.2525113287632677
59.199896,0.4969651666081054,-0.20499697925132523,0.25257055163476216
59.29997,0.49631470256774207,-0.2073860161329296,0.25260388006340456
59.399874,0.4955743657044794,-0.20999982289719973,0.2525977399884245
59.49981,0.4947900124888423,-0.2127699233425954,0.25258233571663674
59.599867,0.494134240230422,-0.2151571881378275,0.2525543366074031
59.699885,0.49379191973302594,-0.21661240291893322,0.2525192019480843
59.799858,0.49372414788246094,-0.21715510909637517,0.2525066776905537
59.899847,0.49366742511069367,-0.21754552915374584,0.2525263535336408
59.999976,0.49359276301371124,-0.2179961279263206,0.2525620435846852
60.099842,0.4935704033074298,-0.21821301376743588,0.2525831570665439
60.199904,0.4935830310625114,-0.21821787224844544,0.25258458546788154
60.299833,0.4935852137032856,-0.21821988488031363,0.2525854107197939
60.400015,0.4935905019067223,-0.21821852046956658,0.2525865655017191
60.499951,0.4936151543654606,-0.21822903054692921,0.252560581505869
60.599951,0.4942386433285576,-0.21849844908568342,0.2523802292735248
60.699815,0.4965520477977907,-0.21939328800492253,0.25231039150449985
60.799859,0.499652470488493,-0.22018542101353872,0.25211534155186854
60.89996,0.5038518462513774,-0.2208423894486664,0.2523081803074843
60.999865,0.5079104022490499,-0.22082966396780868,0.25243255721920993
61.100431,0.5121804684430636,-0.22059035697160673,0.25243237745904806
61.199919,0.5167684030391169,-0.22042513469252795,0.25279146370627054
61.299836,0.5201946655618042,-0.22016323825916884,0.2528150315987696
61.399878,0.5229647978741104,-0.2202505293219871,0.25287723274194474
61.499888,0.5251076641849697,-0.22042104894194717,0.2528213554998431
61.599944,0.5264053831201747,-0.22042795686147024,0.25323464651592853
61.69984,0.5267362703352457,-0.22037333325357147,0.2530829202012602
61.800011,0.5269195458082285,-0.22042078945741356,0.2530725609447147
61.89994,0.5270092513525252,-0.22043168320720502,0.25303976454179705
61.99988,0.5272248843024309,-0.2204890211444521,0.25302692439675084
62.099937,0.5278115629349438,-0.220595192837838,0.25313013457053335
62.200226,0.5288246441650142,-0.22076176688439217,0.2530626889522718
62.299951,0.5304189336231374,-0.22111052402747491,0.2531827458998884
62.399931,0.5319172398225224,-0.2213670103295918,0.25329684459817825
62.50001,0.5332381241337231,-0.22158050044725178,0.25326591016388805
62.599869,0.5353757898329036,-0.2220086175314806,0.2532575671092129
62.699869,0.5368183742655941,-0.22202791416948103,0.25324824816508734
62.79994,0.5375623377669164,-0.2219190154358014,0.25360331261229035
62.899938,0.5379637398617824,-0.22185759073301697,0.2534621666846726
62.999911,0.5386209009985001,-0.22176567102068087,0.25368918136873364
63.099869,0.5389694112688032,-0.2215502811336878,0.2536036116335434
63.199964,0.5390264729053365,-0.22156798502554345,0.2535885368025749
63.299851,0.5390315204833791,-0.22156396216825625,0.2535798750019803
63.399894,0.539036234889579,-0.22155664584072018,0.2535808906162409
63.499896,0.5390470570830876,-0.22153304782523017,0.2535802221795213
63.59995,0.5393430503953444,-0.22104686637230822,0.2536446745964762
63.699959,0.5400250520838829,-0.219742486242772,0.2537145789373721
63.79988,0.540762827428279,-0.21813459617850497,0.2537006409463771
63.899934,0.5415312684625555,-0.21645017698336008,0.2536868823223608
63.999908,0.5423271559405164,-0.21466368551596854,0.25366715250438165
64.099867,0.5431451690331944,-0.21281434490652765,0.2536466461714119
64.199952,0.5440195585623724,-0.2107816566128013,0.25360942880833975
64.299877,0.5449069628100258,-0.2087083573764472,0.2535789726571945
64.399828,0.5458120622890732,-0.2066132767899075,0.2535700024660964
64.499848,0.5465384674570124,-0.20494223595520702,0.2535802739241737
64.599903,0.5469638637695565,-0.20395383488973806,0.253581457217822
64.699891,0.5471265691646283,-0.2035738614094264,0.2535894413241033
64.800182,0.5471271836019145,-0.2035677219151783,0.2535938696960485
64.89984,0.5471252047135285,-0.20355199578795988,0.25360859974599215
64.999823,0.5470511174751433,-0.2035175882889102,0.2536829094782112
65.099868,0.5470440570620715,-0.20351143455288753,0.2537422209433676
65.199878,0.5470320758598718,-0.20332573637782891,0.2538956376037283
65.299835,0.5469840012544679,-0.20325819145608817,0.254055290060282
65.399893,0.5468750243443287,-0.20346331421413344,0.2542266422652191
65.499889,0.5467614018254959,-0.2035951185951834,0.25439006667402914
65.59996,0.5464883159737254,-0.20373846445584548,0.2544471138071702
65.699888,0.546192648728728,-0.20415926771840162,0.2544152660283493
65.79995,0.5458490675428066,-0.20492045923632768,0.25436933235286935
65.899847,0.5455600593878666,-0.20566233664528785,0.2543706443350292
65.999849,0.5453326404298632,-0.2062618994329388,0.2543817934219804
66.099901,0.5451799465440275,-0.20667192003906124,0.25438962926623443
66.199873,0.5451408528103614,-0.20677340069791103,0.25436010520899666
66.299962,0.5451415497830964,-0.20677167760151177,0.25428424951579126
66.399959,0.5451471514110509,-0.2067720139063705,0.25423582006091194
66.499876,0.5451489577588464,-0.20676893679664426,0.2541573814748625
66.599874,0.5451523641845233,-0.20676690240407172,0.2541108154139705
66.699908,0.5452148535011627,-0.20678369916042877,0.25405902964061994
66.799897,0.5454259726651679,-0.20684456474063656,0.25401666969299863
66.899917,0.545775900955005,-0.20695508254150768,0.25401640572023654
66.999982,0.5463721825322444,-0.20719379446793298,0.25393427418031006
67.099904,0.5480681438830669,-0.20786607134478396,0.25395318171197306
67.199836,0.5497633552577725,-0.20839545984682958,0.25379316201220387
67.299986,0.5514913847981194,-0.2089316530210046,0.25388328616575984
67.399945,0.5537924396673429,-0.20959896392162952,0.2539630594664841
67.499969,0.5552874312754466,-0.21002522554985764,0.2543097112804566
67.599972,0.5564120550088735,-0.21032913204739606,0.2544678793359919
67.699924,0.5571867594115195,-0.21056164033852998,0.2541132403728975
67.799837,0.55836791673987,-0.21089249234148036,0.2542389720321233
67.899954,0.5595970417657943,-0.21123792451869838,0.2542255571839907
67.999893,0.56078801882926,-0.21156331415590984,0.2543278571269373
68.099875,0.5622059255582935,-0.21196674428378362,0.2542079087233924
68.199952,0.5645813137100758,-0.21260635227255517,0.25436193292637443
68.299871,0.5664197384530995,-0.21306750967885263,0.25468284083893905
68.399928,0.5686612551245135,-0.21341298742776127,0.25497629150709833
68.499878,0.5712343491901226,-0.2136119405403835,0.2546159224868746
68.599816,0.5742973468441533,-0.21384679522721067,0.2547039155397613
68.69983,0.5775046262470961,-0.21401931246779277,0.25497514323806897
68.799791,0.57996966198704,-0.21390928474689302,0.25543605632062816
68.900009,0.5821493995528423,-0.21366725533070846,0.25496503392593406
68.999906,0.5845696472366393,-0.2133980306712538,0.25532686678340466
69.099842,0.5867906227484272,-0.21290968503337918,0.25506484234251
69.199937,0.5886932826951276,-0.2124811983472585,0.2554031457158302
69.299968,0.5892970619338884,-0.21204652939813684,0.25552977321867254
69.399899,0.5893624602696335,-0.2120647599980303,0.2554866523034536
69.49986,0.5893782591099119,-0.21206780972917455,0.25547902048168725
69.599958,0.5893806088307038,-0.21206849784587242,0.25547815189557055
69.699937,0.589363978275984,-0.21211963099978584,0.2554820919662786
69.799898,0.5893361337555844,-0.21219692432716297,0.2554902484862347
69.899854,0.589323578078626,-0.21223521139428303,0.2555128072995169
69.999934,0.5893117143669121,-0.21228780370185477,0.2555427992264721
70.099917,0.5892981216956673,-0.21233924309624075,0.25557024737673917
70.199897,0.5892806244929841,-0.21241840588713345,0.2555871248775575
70.299853,0.589176553141613,-0.21314665481641046,0.25569519481635017
70.399966,0.5888131590666904,-0.21450840009611735,0.2557606998820703
70.499957,0.588548358414688,-0.21566045512399395,0.25570069859341416
70.599999,0.5884466217343396,-0.21621138037563264,0.2556514733158611
70.69985,0.588477024456933,-0.21675102643380548,0.25560681248399847
70.799954,0.5886698405194019,-0.21764142788142096,0.2556119263640235
70.899932,0.5891074652546235,-0.21891137180431416,0.25556197407196446
70.999903,0.5899309790386327,-0.22054744721788538,0.25551479340013755
71.099901,0.5906883782152192,-0.22190539132755996,0.2555521382919191
71.199846,0.5912083145256528,-0.22275087125774762,0.25562026955866324
71.299869,0.5917644903482245,-0.22351562404035755,0.2555561125511747
71.399855,0.5925586936714914,-0.2241187299412372,0.255369642323295
71.499888,0.5932491787376911,-0.22460322911385697,0.25524402067439567
71.600008,0.5933183965105197,-0.22461597256569651,0.2552233081029368
71.699922,0.5933217597212365,-0.22461790384582947,0.2552113701703048
71.799845,0.593322602563015,-0.22461776893072488,0.2552064247399561
71.899854,0.5933216344319943,-0.22461856656992854,0.25520294405855964
71.999966,0.5933203291230184,-0.22461948412991392,0.2552025729396732
72.099905,0.5933185697569068,-0.22462009058428212,0.25519826494451725
72.199831,0.593320702175553,-0.22461856396331764,0.25520203542267295
72.299937,0.5933240344896361,-0.22461409837929217,0.2551996260048931
72.399876,0.5933227260484313,-0.22461519555379178,0.25519955973550235
72.499913,0.5933259507243654,-0.22461125060245707,0.2552005602013062
72.600049,0.5933318500504531,-0.22459686550307892,0.25519773830059245
72.700006,0.5933534750704147,-0.22455514688554915,0.25520257754488984
72.799884,0.5933911994348681,-0.22445814713818707,0.25519727361454747
72.899916,0.593430792429112,-0.22436692249409282,0.25521473149557816
72.999837,0.5934907261080618,-0.22423517569866683,0.2552465073067345
73.099954,0.5942838891624116,-0.22392819291684887,0.2554024544984338
73.200023,0.5948995321376892,-0.2232332649633567,0.2554258278838966
73.299857,0.5956464763447522,-0.22228028437780722,0.25550863819412806
73.399923,0.596467803420666,-0.22096743258018722,0.2555741518890081
73.499816,0.597231551120161,-0.219524628489682,0.25561599573908245
73.599883,0.5978006067945961,-0.21846945532828663,0.2556474580616022
73.699917,0.5981566972355111,-0.21780464123061255,0.25565208027066916
73.799991,0.5984620879122098,-0.2172093650173422,0.25562743350900496
73.899984,0.5988962650591838,-0.2162771109577642,0.2555710793884213
73.999885,0.5994671775583907,-0.21492717444377976,0.2554756865503071
74.099953,0.6001078864261535,-0.21332483581692763,0.25538950199364807
74.19997,0.6007244467761991,-0.21172276357666422,0.25531384778061655
74.299841,0.601295649070196,-0.2101813475820028,0.2552225669996171
74.399922,0.6017482992005752,-0.20895838545359208,0.2551633629263718
74.499964,0.6020293824017735,-0.20816243074205942,0.25513404904421094
74.599973,0.602135122045,-0.2078590791077406,0.25514241476620614
74.699828,0.6021432567148735,-0.2078290684622026,0.2551567681961208
74.799925,0.602137659591407,-0.20782197819620948,0.2552075023706309
74.899857,0.6019543614125148,-0.20776388491288786,0.25514144642493747
74.999867,0.6016818738423573,-0.20769991918871142,0.2552573873721112
75.099975,0.6010342090525,-0.20726845190172394,0.2552782900144277
75.199857,0.5994868888453785,-0.20594993490162805,0.25549632834131686
75.299905,0.5983921125812048,-0.20505465315530128,0.2554439024982983
75.399931,0.5975343152858146,-0.20468294171786583,0.25535735116556413
75.499872,0.5962795849648395,-0.20438117023266963,0.2554886700252722
75.599992,0.5952184967260433,-0.2041624123960317,0.25550694117306505
75.699927,0.5951276080465534,-0.2041492648523321,0.25551101056160974
75.799878,0.5950854407276905,-0.20415821405394502,0.2555144727821366
75.899999,0.5950651871523367,-0.20419526931755613,0.2555329380865459
75.999952,0.5950466046799633,-0.20425041717593095,0.25554330907391964
76.099831,0.5950303006630285,-0.20430400779530664,0.2555518400673764
76.199934,0.5950196152850591,-0.20433213546857878,0.25555191162707225
76.299986,0.5950123811106711,-0.20435345331154484,0.2555531170196894
76.400001,0.5950085211707744,-0.20436238409310897,0.2555557387708141
76.499826,0.5950070896821281,-0.20436292137539738,0.2555530791307718
76.59984,0.5949989872858114,-0.20436350894754335,0.25554356984874915
76.699865,0.5949981928351664,-0.2043596565763963,0.2555407572754225
76.799865,0.5950009027456545,-0.2043484555991531,0.25553844224862843
76.899939,0.5950034500881489,-0.204342286839377,0.25554110191250007
76.99995,0.5950033736808171,-0.2043385752432254,0.2555390976906987
77.099858,0.5950060940321603,-0.20432611885695104,0.25553781441267354
77.199956,0.5950567280988512,-0.20417053396165574,0.2555185975807416
77.299966,0.5950636519848578,-0.2041526458537401,0.2555195056270725
77.399891,0.5950676888625835,-0.2041352912038467,0.25551239948776566
77.499889,0.5950855751171173,-0.20409726098803171,0.25551806021573187
77.599915,0.5950987046059353,-0.2040626007678876,0.2555141405455168
77.699952,0.5951074674115251,-0.20404076594357226,0.255513524446674
77.799909,0.5951182686165144,-0.20401845554595502,0.2555125607776001
77.899822,0.5951278798573743,-0.2040021239445721,0.255513992184332
78.000007,0.5951344240993156,-0.20399852430096305,0.25551512841641705
78.099926,0.5951449592666691,-0.203992711540619,0.2555212737533343
78.199956,0.5952014147031859,-0.20400564100385007,0.255584169270415
78.299857,0.5952073537378378,-0.20400619443110532,0.25558059831145363
78.399985,0.5954058074871361,-0.20404767283852393,0.25562049265597464
78.499929,0.5954741474142858,-0.2040682315455699,0.25563592048913786
78.599883,0.5956107143040815,-0.20409791689267098,0.2556608931339178
78.699944,0.5960229614385925,-0.20407683475236876,0.25576979785930193
78.799928,0.5969683024435922,-0.20372505443861844,0.25596735617508404
78.899906,0.5977631721865733,-0.20352332921156893,0.2560733596345595
78.999859,0.5983971059521163,-0.20345971492058168,0.25616073800720596
79.099861,0.598836512758223,-0.20348307807725136,0.2561866765895572
79.19995,0.599331061302824,-0.20354898754776748,0.2562611790647621
79.300025,0.5995192032506844,-0.2035783397741865,0.25627294815141355
79.399867,0.5995243608168566,-0.2035750169330761,0.256271246807525
79.499868,0.5995240726693494,-0.20357376968311308,0.25627497925914017
79.599978,0.5994262509514638,-0.20354759850395115,0.25622407227403704
79.699935,0.5989514108547696,-0.20342784261656993,0.25631574834343207
79.799812,0.5973637530029964,-0.20294089617769862,0.25626560322649444
79.899883,0.5938332885087204,-0.20164266306405715,0.25670269517707595
79.999862,0.5880387946902819,-0.1998988981480378,0.25694706687207425
80.099911,0.5826660244039543,-0.19868629645181762,0.2568407625547518
80.199857,0.5762497249226114,-0.19730543365941478,0.25713706899794053
80.299929,0.5697178248581389,-0.19591686087447102,0.2582563554496065
80.39999,0.5636054165726908,-0.19451901957148435,0.2599160148732381
80.499868,0.5576419233167523,-0.19318609096881337,0.2616971215931292
80.599849,0.5520903499338387,-0.19169908628535076,0.2632272801916194
80.699854,0.5471622500723691,-0.19003562217631206,0.2632333506287426
80.799894,0.5429751149094248,-0.18733002148109446,0.2629703993332627
80.899957,0.5402796236189749,-0.18297423897549975,0.26195446360493524
80.999986,0.5392667469226908,-0.17659138812529432,0.2607593501766509
81.099836,0.5387002031106354,-0.16789888218688392,0.2606480279206941
81.199936,0.540197285416551,-0.1582604586744615,0.2628913914645494
81.299853,0.5422266321277641,-0.1473782274531334,0.26572449067170134
81.399931,0.5428400877410743,-0.13507032159100793,0.2687310165199316
81.499899,0.5434925182251927,-0.12215916460805187,0.2710767631126829
81.599842,0.5439793852043151,-0.10898979749790613,0.27299373994742965
81.699912,0.5425769896540166,-0.09590227288653669,0.27355921981931886
81.799879,0.5410389559575395,-0.08389336549779931,0.272223326218375
81.89994,0.5389644313991951,-0.07339774591684423,0.2699804783871733
81.999952,0.5364074311633384,-0.06496293827202784,0.268125385932167
82.099944,0.5359697967310226,-0.058471533331834115,0.26757498952765857
82.199932,0.5364164152893306,-0.05397545886351327,0.2676727480155127
82.299875,0.5370057036168282,-0.05101817886390402,0.26771409727473927
82.399865,0.5379283989828847,-0.049466822953874445,0.2679133923801078
82.499858,0.5394922471112835,-0.0486886180658678,0.26815153463865143
82.599885,0.5413799330431146,-0.04814383815415428,0.26797924885171304
82.699965,0.5426613040241072,-0.04755581264459016,0.2665882900979778
82.799813,0.5440762415218082,-0.04688094613376891,0.264380207571141
82.899816,0.5451902716779223,-0.04597693717298926,0.2612262361358954
82.999881,0.5459634852778925,-0.044939722544285785,0.2585002587686294
83.09985,0.5472301859481467,-0.04367025223451998,0.2576191925732688
83.19999,0.5484361547088823,-0.04240680263198284,0.25791610325418834
83.299921,0.5488821442799146,-0.04127076239132654,0.25801044730143935
83.399936,0.5491989691428345,-0.040551699151017445,0.25803094606418603
83.499828,0.5492864495165235,-0.04036686853356647,0.25788265015023043
83.599868,0.5492801529745562,-0.04035684120741579,0.25772052583637833
83.699878,0.5492837534094819,-0.040352106374536754,0.2575866310543525
83.799941,0.5493827682100081,-0.04035028856940778,0.25745435392564575
83.899939,0.5495151001427476,-0.040351457051609765,0.2572922567096292
83.999871,0.5497143380223662,-0.04035865268188703,0.25707865610057873
84.099859,0.5500273836346035,-0.040359821402968246,0.25691541618609626
84.200177,0.5503091649102392,-0.04036728208098153,0.2568047989630271
84.299879,0.5506671136388173,-0.040389319616150575,0.2568132112042944
84.399992,0.5510831456281883,-0.04041551373414769,0.2567783526563922
84.499949,0.5514758251181651,-0.04043830498811779,0.2566417795613213
84.59993,0.5518128875905305,-0.04045856782288913,0.25656843550631425
84.699878,0.5520283992986198,-0.04047633309852294,0.2565338533240499
84.8,0.5521494033790808,-0.040502852665559724,0.2564884475861904
84.899964,0.5522322686487898,-0.040654211145126504,0.2564847588934241
84.999976,0.5524597568495109,-0.04105969323163085,0.25656970116395905
85.099924,0.5527952354664877,-0.0418705157096626,0.2565829531343579
85.200012,0.5531360563781546,-0.043161853780879375,0.2565716584386205
85.299951,0.55337791701826,-0.04500691010146325,0.25657213502395376
85.399881,0.5534769651102994,-0.04738193473434307,0.2565792404757827
85.499882,0.5535739938849182,-0.05005473785893055,0.2565778373252401
85.599805,0.5536657676810776,-0.05305225506927147,0.2565911592902026
85.699835,0.5536741214916252,-0.05621798470617466,0.256579573149943
85.799871,0.5536545813583265,-0.05929744527940242,0.2565524906832582
85.900031,0.553681980200035,-0.06220925874131748,0.25653203041170264
85.999859,0.553698895794509,-0.06493741230259246,0.25651932344353595
86.099803,0.5536287028875772,-0.06768241229430502,0.25651667856416216
86.199809,0.5533807944111144,-0.07050247531665062,0.25650075800062005
86.299884,0.553111684407998,-0.0729390471243211,0.256500793571946
86.399863,0.5529118711077813,-0.0745369610445194,0.2565076069642106
86.499856,0.5528224234021994,-0.07518647029008062,0.2565074706305647
86.599848,0.5528237369165258,-0.0751821590712609,0.2565143948984963
86.699932,0.5528261216267845,-0.07516184757957037,0.2565409819255412
86.799976,0.5528401838861889,-0.07500896014335635,0.2566065425230033
86.899884,0.552909474671738,-0.07443202055133818,0.25671561236248186
86.999894,0.5529987002943452,-0.0726557626929311,0.2568552231757462
87.09984,0.5531617005077978,-0.06939534171204052,0.25702234551975867
87.19981,0.5533060113205042,-0.06549266475509823,0.25720185087650455
87.299804,0.5534168953612939,-0.06174921567658714,0.2574710157213864
87.399859,0.5536997527431163,-0.0586935410183661,0.2575698205298984
87.499938,0.553941130124721,-0.05646876994757805,0.25757421879980863
87.599901,0.5541143467351889,-0.055351065674159,0.2576242714393969
87.699903,0.5546366079672541,-0.055201939209917124,0.25785861789716774
87.799899,0.5562464971866778,-0.055300323034753296,0.2581074032303392
87.899899,0.557793400999462,-0.055389872758318706,0.25765986721671535
87.999905,0.5596309277695563,-0.05550849313058337,0.2580466952395856
88.099878,0.5617811649279505,-0.05563261228690232,0.25865226907399097
88.199907,0.5633536482126296,-0.05571035768110116,0.2580344165516275
88.299944,0.5642638679173086,-0.05577620103523288,0.25794467880379146
88.399919,0.5651124371589049,-0.055810790538397756,0.2581142049127319
88.499974,0.5654583826062125,-0.05581151723923073,0.25766200655983335
88.599969,0.5657028623257688,-0.05583369760852348,0.2577642081057002
88.699878,0.5657657282352083,-0.055831179520846576,0.2575962200425078
88.799834,0.5658506937003094,-0.05583354209844974,0.25756575477565624
88.899984,0.5659389851126093,-0.05583749866476304,0.25751475457191575
88.999966,0.5661603934485183,-0.055857969902440754,0.25753759875529336
89.099917,0.566590051036987,-0.05589354511748095,0.25762500607494127
89.199886,0.5668485534756438,-0.05591319870622411,0.2575383635645265
89.299908,0.5669071661640441,-0.0559197746831253,0.2575642364598636
89.399959,0.5669047641493123,-0.05591988746436046,0.25756002333737604
89.499914,0.5668663904695451,-0.05591818764105151,0.25751703447749025
89.599931,0.5666504425642307,-0.055895728884725,0.25732572120056996
89.699941,0.5663154408904365,-0.05584541191563792,0.25726371347885835
89.799967,0.5655450977463504,-0.05576299498373599,0.25742740083241916
89.899956,0.5644700028606805,-0.05567377048961623,0.25746546915762686
89.999907,0.5631786452600269,-0.05556972120649141,0.2573459307929528
90.099964,0.5614548407263298,-0.05543704755161149,0.2573070699787948
90.199853,0.5600058520895426,-0.05532401449985622,0.2571172266895382
90.299903,0.5593217865099731,-0.055272795537525815,0.25713169272130537
90.39992,0.5576919029547899,-0.055153687767377634,0.2569914041109567
90.499882,0.5552261811560267,-0.05496769234802049,0.2573315467568897
90.599934,0.5521853773296493,-0.05473607276570223,0.2570511689623915
90.699825,0.549161839326962,-0.054511305121168696,0.2570869108417356
90.799821,0.5460833252676287,-0.05433173487074512,0.2565448652952739
90.899949,0.54184579461417,-0.054239588242665865,0.25666784189452857
90.999794,0.5378218035226006,-0.05400399993766224,0.25646444057940987
91.099898,0.5350555070991864,-0.0537853459226401,0.25586103757135015
91.199801,0.5322606024125193,-0.05356874977194094,0.25638804531293274
91.299838,0.5299770133798792,-0.05336422275842012,0.25634439546842236
91.399931,0.528966616130987,-0.05327761077179896,0.25643647970438765
91.499989,0.5280985998806501,-0.053220105209042384,0.25652982110788014
91.599915,0.5277031726596272,-0.05333330026680016,0.25663524021911677
91.699825,0.5276378287503459,-0.05347193185721755,0.2569729575731944
91.799932,0.5271135760308066,-0.0547504183226837,0.257260376652621
91.899888,0.5265280854345306,-0.058707521471511474,0.25790155469174536
91.999937,0.5259587221909094,-0.06551515717634926,0.259708203111488
92.099933,0.525367238224559,-0.07433293256872457,0.2639966259375649
92.199845,0.5245810945033816,-0.08408019852483009,0.2690697351221675
92.299958,0.523909440068953,-0.09355891597945241,0.27197571642022556
92.399847,0.5228122240653904,-0.10161934319128954,0.27242653408854256
92.499911,0.5220447499093892,-0.10812042026105649,0.27270770167401914
92.599882,0.5233556600871297,-0.11295403796161733,0.2736534747611269
92.700127,0.5253985303707934,-0.11637188066118145,0.2739740753448157
92.799791,0.5278091552164161,-0.11832484356566975,0.2725693770884475
92.899859,0.5302321721192599,-0.11900466453573737,0.2693822826332
93.000015,0.5315270622087154,-0.11932993805986435,0.2636568720080588
93.099953,0.532001657138827,-0.11951384043829856,0.25760062916829024
93.199815,0.5344250179038843,-0.11971938738318268,0.2562823452781422
93.299953,0.5361248248757013,-0.1200725357986305,0.25716259671264846
93.39989,0.5373944766710748,-0.12022658641382897,0.2558242196663519
93.500031,0.5390186361759371,-0.1205014023669982,0.25627973795095166
93.599863,0.5391724833543268,-0.12052588781651126,0.25620580480419175
93.699852,0.539387519612196,-0.12057031492392192,0.25623185743304144
93.799842,0.539562561882799,-0.1206093089071604,0.2562297415647206
93.899802,0.5398664778363037,-0.12067858095476063,0.25636498979718214
94.000028,0.5399978701851255,-0.12070704751481162,0.2563107284131587
94.099918,0.5401269179295981,-0.1207397823249798,0.2563365580438604
94.20006,0.5403746156783374,-0.12101281021162605,0.2563611994058531
94.299917,0.5409176932195788,-0.12167063349927915,0.2563549961215087
94.399909,0.5416445926748068,-0.12299824242707655,0.25616949896745533
94.499893,0.5421947752175612,-0.12486997425891451,0.25611706416938645
94.599964,0.5426775534570886,-0.12718050643318252,0.256038460049124
94.699969,0.5434035770405437,-0.12986945099871228,0.25604128299797946
94.799798,0.5446490448922908,-0.13278661931991773,0.2558651017333722
94.899891,0.545603177105274,-0.1352625158001515,0.2561309064102923
94.999851,0.5458586537700665,-0.13726620224534203,0.2563138339012082
95.099898,0.5459015145284553,-0.13914161120940408,0.25642707160515776
95.199937,0.5455777695578128,-0.14135266768277696,0.2564679775450422
95.29981,0.5449424596100162,-0.14416198182574547,0.2564681448128164
95.399786,0.5440700885438124,-0.14745891956892912,0.2564557450217682
95.499814,0.5431845638199645,-0.1508739954144015,0.2564391821643568
95.599795,0.5424657155009361,-0.15374258866064602,0.2563690410792149
95.699919,0.5418880554743534,-0.15614079728657032,0.25627869338230286
95.799846,0.5413728792712098,-0.15836752128594256,0.2561874399988284
95.89984,0.5409323928854454,-0.16052504077308216,0.25613493051821495
95.999917,0.5405844337396496,-0.16245413712102075,0.25612039328287345
96.099988,0.5403701708346823,-0.16359806001298308,0.25615354433472093
96.199955,0.5403382686407127,-0.1637348166376391,0.2561643177890486
96.299961,0.54033881126368,-0.16372835291370144,0.25623099728076637
96.399957,0.5399930848478446,-0.163615623926968,0.2564682181451496
96.499871,0.5380457883249233,-0.16293979021690924,0.25663539146264774
96.599862,0.5343045039104848,-0.16102105091354213,0.25656843301749405
96.699961,0.5287742664061881,-0.1571227057345824,0.2572552354389471
96.799845,0.5233601145400589,-0.15156631380404004,0.25882155676036395
96.899865,0.5186144321117269,-0.14428621520592874,0.2610865477971149
96.999957,0.5140786935706696,-0.1354895772866747,0.2639755689653916
97.099859,0.5099803338919178,-0.12516838482210732,0.26604018558059095
97.199829,0.5065453048477464,-0.11448389458139238,0.26738915933124935
97.299894,0.5038575134587818,-0.10381701266665222,0.2667985514210982
97.399904,0.5014358478836851,-0.09394414394271963,0.26534499264515515
97.499985,0.5008442119769547,-0.08532921975748427,0.26408389962047474
97.599937,0.5010295300918386,-0.07808866903308821,0.26323077648771176
97.699909,0.5011188196236418,-0.07221888937279927,0.2623730051325057
97.799812,0.5015504789717055,-0.06812521983480113,0.26220240412000445
97.900027,0.501857719489832,-0.06575104182039891,0.2620571595994417
97.999878,0.5018461348899023,-0.0650648842291565,0.26123579496069116
98.099967,0.5016122543195797,-0.06507055569799325,0.2591040981071825
98.19979,0.5011981600615354,-0.0650480460319469,0.2562511664497997
98.299886,0.501878350011947,-0.06513256736627325,0.255891855921422
98.399879,0.5024308355340091,-0.0652348256442521,0.25609457842773364
98.499945,0.5031774984149295,-0.06533040879444015,0.2557720288757504
98.599874,0.5043141649501307,-0.06550005646119939,0.2561268900368577
98.699945,0.5046524851499394,-0.06554115769539201,0.2561201671498829
98.800009,0.5050960201887081,-0.06559926078553067,0.2562277176956035
98.899917,0.5055876716573641,-0.06563184816313675,0.256292870312398
98.999863,0.5059207380490607,-0.06557487122786564,0.25625447149400316
99.09983,0.5062437268996044,-0.06545958140574405,0.25622103590139167
99.199853,0.5065425851232283,-0.06535252932977702,0.25605656278369066
99.299896,0.5068920149567839,-0.06524963476679378,0.2559262249356632
99.399942,0.5074243405707317,-0.06507961909115234,0.2558978977368009
99.499951,0.5079195835861565,-0.06492168665871983,0.25573675934705964
99.599879,0.5081807911939246,-0.06490696296882953,0.2555594900812185
99.69987,0.5082325881491728,-0.06490853585711452,0.2555549976317292
99.79989,0.508234376321077,-0.06490885399083897,0.2555559777951675
99.899897,0.5082320462589649,-0.06490573117898643,0.25555009618034
99.999815,0.5082184667955387,-0.0649119778645366,0.25553672436493957
100.099933,0.5081309790621388,-0.06490220255687895,0.2554664460320151
100.199903,0.5080354008352871,-0.06495250134530722,0.2554201713405917
100.299867,0.5078418753497042,-0.06504793866893732,0.2554851228872752
100.399908,0.5074455866634318,-0.0650955790703499,0.2555873997939919
100.49989,0.5069432682696786,-0.06521696231073827,0.2557210666610299
100.59985,0.5065013650779987,-0.06543450470756959,0.2556679208764989
100.69989,0.5062798242294629,-0.0656052130101544,0.2556977336803409
100.79988,0.5061591794747032,-0.06561583020343698,0.2556904306508908
100.899906,0.5060109379223529,-0.06566010078478698,0.25569839703009084
100.999873,0.5056713468441081,-0.0658778766145459,0.2555891749124277
101.09985,0.505304498480144,-0.06623723012862942,0.2555462221101936
101.199902,0.504903489487204,-0.06658680335003582,0.2554511777105161
101.299901,0.504380020249413,-0.06711798700800481,0.25535107724093037
101.399843,0.5036916949543697,-0.06785813343441348,0.2552281084370862
101.499867,0.5027621931205326,-0.06901259043872249,0.25509997201709406
101.599867,0.5014347618978997,-0.07057033431214497,0.25486669632813086
101.69993,0.49981644990418217,-0.07255649370785207,0.254954889483807
101.799832,0.4980681499184949,-0.07502925309696301,0.25499208903121673
101.899834,0.4970528213871776,-0.07768335521641515,0.25492990904911395
101.999828,0.4962542713747916,-0.08031729030129821,0.2548930857286291
102.099893,0.49548122213798074,-0.08265826009904906,0.2549004883281081
102.199829,0.49487614443013334,-0.08470795959688582,0.2548990979187359
102.299924,0.49442413434926674,-0.08666196728395337,0.2548609936511683
102.399889,0.49400654565848257,-0.08879024049984599,0.2548476578221472
102.499812,0.49346158145140095,-0.09125065402676372,0.25481459011902746
102.599813,0.4929577114280371,-0.09386114751996333,0.25480975880031415
102.699945,0.4925011782002131,-0.09615011952931989,0.2547984660489008
102.799875,0.49209424844377225,-0.09814367337218247,0.2547877781359736
102.899909,0.49159766333265875,-0.100400776201947,0.254748707681136
102.999835,0.4909907285964767,-0.10304916283416796,0.2546898188766302
103.0998,0.49030451662969865,-0.10608988344286388,0.2546518541186477
103.199812,0.4896404173088538,-0.10890307199140346,0.2546074404730486
103.299979,0.48913344633019296,-0.11111305740830162,0.25459981505847395
103.399874,0.4886802325477087,-0.11305899534899073,0.25459437996928785
103.499937,0.48819380182451744,-0.11512603861297024,0.2545907358351536
103.59992,0.4876390563815576,-0.11744550043948954,0.2545912441432997
103.69993,0.48707700572231716,-0.11974881147289015,0.2545867995037856
103.800114,0.4866128231489245,-0.12162212822976522,0.2545862922556431
103.899942,0.48625541081112317,-0.12303085365035035,0.25457704319141916
103.999913,0.48583860401601137,-0.12464478689106932,0.2545621480948166
104.099896,0.4853752846278407,-0.1266724159292974,0.25452334642572005
104.199841,0.48489750156756645,-0.12890747730443802,0.2545398164486971
104.299849,0.48456100999004437,-0.13119842829209727,0.2545181510613195
104.399843,0.48446565800734337,-0.13317692428995645,0.2545235460504385
104.499919,0.4849132890560253,-0.13479586909376548,0.2544980317121754
104.599905,0.48596557716585365,-0.13622247657979247,0.2544922559841314
104.699854,0.48731728279778286,-0.13773623389503423,0.25426971897731854
104.799846,0.4890963464058251,-0.13903077101850286,0.2543087596945609
104.899921,0.4906122662793898,-0.14010344857325063,0.2546816148160921
104.999935,0.49118269476174675,-0.14058203802275374,0.25464919366320726
105.09999,0.491737503281131,-0.140857892567582,0.2546161681313368
105.199859,0.49234379277656903,-0.14107170847253162,0.25444449423074544
105.2999,0.49301691816218773,-0.14130769956699762,0.2543359354497286
105.399819,0.4937549439493719,-0.14157002352187922,0.25441830186635245
105.499902,0.49452196548924615,-0.1419254501993246,0.25440131198671956
105.599927,0.49508718365252113,-0.14213407222442015,0.25450661881118514
105.699848,0.4957903861319459,-0.14236232962491582,0.2545109018921192
105.799914,0.4968509555872363,-0.14268752354682498,0.25439247095726575
105.899834,0.49824395702209034,-0.1430942624984024,0.2545182461231128
105.999953,0.49882984850874657,-0.14326594760966027,0.25454534808767737
106.099865,0.49894634661129045,-0.14329878282696612,0.25452345954614997
106.199849,0.4990574168208034,-0.1433306317309184,0.25449389616423357
106.299865,0.49917125480685515,-0.14336332864139922,0.25447134481227496
106.399802,0.499244952279558,-0.1433841817566249,0.25448731946670894
106.499892,0.4992619672393362,-0.14338911345852215,0.25450573739197146
106.59991,0.4992663679051592,-0.14338620971346028,0.2545137632248661
106.69984,0.49924783396480205,-0.1433811050457534,0.2545873367297543
106.799884,0.49868787655406943,-0.14321836205726438,0.2546845966834673
106.900555,0.4968093715591577,-0.14265580731961788,0.2548442668255016
106.999908,0.4920850934535429,-0.14123606570004538,0.2551935547988364
107.099974,0.48697213109057763,-0.13967745099867807,0.25506972941459904
107.199992,0.4814309962312113,-0.137952249243347,0.2553364105672492
107.299896,0.4760588662266964,-0.13592745050199959,0.25575104145606814
107.399883,0.4714152648030688,-0.1329639184150813,0.25708673493132117
107.499869,0.46844426406864836,-0.12845952656311602,0.2608988115083861
107.59985,0.4676749894052109,-0.12235177563970231,0.26727388556993376
107.699917,0.467731623038364,-0.11490499826712827,0.27548859769158573
107.799848,0.46840661307508946,-0.10740463052030595,0.28512619092316294
107.899929,0.4697823850653001,-0.10032668172790578,0.2961447577074996
107.999906,0.4707048460344115,-0.09392419020432602,0.30803945001650745
108.099884,0.4701512234772568,-0.08759422455690617,0.31974277643045457
108.199938,0.46934087134753233,-0.08135974608542365,0.3318999587954813
108.299962,0.4683444228957578,-0.07543661868564329,0.3452033901667214
108.399895,0.46706443465757125,-0.06983030717985445,0.3592268571144934
108.499935,0.4647592766014691,-0.06456364612315033,0.3727997708814772
108.59995,0.46133753842080577,-0.05941875576578879,0.38528259313043406
108.699897,0.45811910026667546,-0.05450721399375175,0.3962311345284535
108.799836,0.4553868158101522,-0.04967796075602244,0.40552910006125387
108.899905,0.4522804752845361,-0.04490683713997096,0.41218481284963926
108.99988,0.4490012757284688,-0.04081448212696936,0.41545902371776355
109.099845,0.44635472641336255,-0.03749892210788489,0.417126970278885
109.199793,0.4448166676761533,-0.03474432396627676,0.41730700222213735
109.299881,0.444036457492762,-0.03243317501640721,0.416869234837933
109.401161,0.4436145712562648,-0.030962279584465284,0.41628814097335953
109.49997,0.4435138610763159,-0.03005366312012553,0.4161054830827886
109.599829,0.4435801860975638,-0.029594329579826408,0.41613513591632756
109.699854,0.4442324489098818,-0.029493118347355074,0.4165726187909186
109.799902,0.44587463908134695,-0.02941137987677394,0.41773307041073865
109.899885,0.44901384026140473,-0.029269423898497984,0.4200968197597814
109.999862,0.45354146936004264,-0.02907377137913415,0.423960184711378
110.099979,0.4591920008553622,-0.028711436741551882,0.4296663053535178
110.199867,0.46575570032560076,-0.02772313869599328,0.43703436913972493
110.299872,0.47330558649177346,-0.026124849695642934,0.4467846119281952
110.399892,0.481231191205609,-0.024162889038574754,0.45814173098287103
110.499882,0.489189459880231,-0.021742121332788404,0.47079377604764994
110.599923,0.496582386609254,-0.01922483751255916,0.48350396872612456
110.699833,0.5035003166007109,-0.017290929312584732,0.4967336304815966
110.79986,0.5099665011153288,-0.015716182554018254,0.5105530099783537
110.89994,0.5158799628808676,-0.01426779700229156,0.5246739671629455
110.999952,0.5212577851467235,-0.013028163123791868,0.539226616811747
111.09989,0.5260115331465743,-0.011960084629328033,0.5535001726672903
111.1999,0.5302465229921132,-0.011030970969306563,0.5681637810008723
111.299865,0.5340165933868124,-0.010100779022104215,0.583941546509806
111.399913,0.5371942098783304,-0.009093464165456075,0.6006327082583219
111.499927,0.5396326631070154,-0.008013047960839044,0.6182866291545821
111.600081,0.5411678747860491,-0.006891885019435252,0.6366517075569583
111.699866,0.5417166589283552,-0.005722179453737652,0.6544262853031929
111.799876,0.5413075865951528,-0.0045807066875209156,0.6713220082712634
111.899897,0.5400998174509334,-0.003483324995594539,0.6867514065687068
111.999985,0.5382574212945386,-0.0024752508718367,0.7011010760647246
112.09996,0.5361339731300189,-0.0015892709735322646,0.7128929223765951
112.199924,0.5341245349422433,-0.0008563115683147408,0.7214208849052867
112.299884,0.532375681602667,-0.0002858191592375974,0.727763717954071
112.399942,0.5310466808228342,0.00011705847731667985,0.7321383380739259
112.499875,0.5301190515072105,0.00038375227219808765,0.7350152075409857
112.599833,0.5296414192273914,0.0005212851510914855,0.7364520232553127
112.699844,0.5295638180227682,0.0005712849800966399,0.7366800084071325
112.799917,0.5295664126844882,0.0009081701332158297,0.7366745166976288
112.899905,0.5295993861681126,0.001319831368733111,0.7365788120988778
112.999887,0.5297236910716345,0.0017002487978724189,0.7362135763647891
113.099859,0.5298735123672444,0.0018802672905731189,0.7357669072191572
113.199841,0.5299655474411983,0.0019051312255496384,0.7354916547595239
113.299923,0.5300046634806093,0.001907889431463243,0.735375990622516
113.400014,0.5300104452401575,0.0019077676545565109,0.7353584584076301
113.499882,0.5300087015582619,0.0019126901460679879,0.7353618126396214
113.599864,0.530003366410178,0.0019184084321491129,0.735378390624535
113.699904,0.5299764922597658,0.001929523251658594,0.7354597771329026
113.799934,0.5299456340879509,0.001933522353357841,0.7355532418581959
113.89991,0.529930250947198,0.001945692477928696,0.7355992273487182
113.999974,0.5299223381701844,0.0019437572148498722,0.7356240671969987
114.099843,0.5299208760912016,0.0019469876235889449,0.7356279869095717
114.19998,0.5299215389419025,0.0019461109363844572,0.7356245361682856
114.299961,0.5299223447776831,0.0019433627093848828,0.7356230335928715
114.399981,0.5299247181716799,0.0019467720390631792,0.7356162811360158
114.499888,0.5299253142795861,0.0019475217121793136,0.7356157275775255
114.599919,0.5299259241910913,0.0019485839036686818,0.7356112422478878
114.699924,0.5299251963396368,0.0019454458289037556,0.7356122035012472
114.799943,0.5299256109478521,0.0019508539941710873,0.7356136458006494
114.899899,0.5299259762901497,0.0019465090196350862,0.7356130130984738
114.999986,0.5299261705249771,0.0019472151949841456,0.7356135585156174
115.099862,0.5299263814001407,0.0019487774276910584,0.7356092739580052
115.199922,0.5299236970062757,0.001950162584471959,0.7356178958309475
115.299971,0.5299224445278308,0.0019483106928601197,0.7356216424130061
115.399896,0.5299245218561258,0.0019495272292529414,0.7356165166473546
115.499856,0.5299249299316577,0.0019490636392485274,0.7356132146131712
115.599915,0.5299247324166396,0.0019511551611287288,0.7356161449542662
115.699994,0.5299245955751765,0.001951258494739613,0.7356151672911795
115.800025,0.5299231194410123,0.0019469845812724578,0.7356184632461779
115.899932,0.5299251865323433,0.0019496490973523219,0.7356136345031207
115.999917,0.5299251100197842,0.0019520330028131561,0.7356142389570016
116.099874,0.5299253905221389,0.0019526736011329278,0.7356136523559369
116.199914,0.529925765576717,0.0019492184527611354,0.7356112487637193
116.299903,0.5299249933219523,0.0019501298325890553,0.7356121597635581
116.399878,0.5299240131585378,0.0019529394379838136,0.7356161796023254
116.499886,0.5299250322328259,0.001954661474770976,0.7356151342629059
116.599878,0.5299240275465555,0.0019549938057754337,0.7356174877304256
116.699842,0.5299226711755576,0.0019526712995581973,0.7356173412892656
116.799846,0.5299236753738518,0.0019523475379969674,0.7356176443505104
116.899873,0.5299228373564507,0.0019566381768191003,0.735618611206494
116.999848,0.5299241912143163,0.0019531494836258186,0.7356152903008149
117.099879,0.5299240042386424,0.0019519772442049233,0.735616709688456
117.19993,0.5299255651850893,0.001953980796423717,0.7356147433956421
117.299925,0.5299261229954075,0.0019553526118878534,0.7356118976463811
117.399871,0.5299268418891235,0.0019544508660380025,0.7356099152268611
117.499916,0.5299253826314334,0.001948657003868138,0.7356133786605905
117.599977,0.529924317894317,0.0019528540460710556,0.7356148187599676
117.699917,0.5299260332858982,0.0019519715068744272,0.7356123965960952
117.800058,0.5299259651021234,0.0019514662695078817,0.7356113631939873
117.899968,0.5299229018907706,0.0019543736368751456,0.7356170262478762
117.999938,0.5299246426252421,0.0019542434815366595,0.7356154224784703
118.099831,0.529924791632364,0.0019554098662685707,0.7356172795753844
118.200075,0.5299247563529859,0.0019550045108696684,0.7356154699941556
118.299958,0.5299247036253811,0.0019535418862782696,0.7356146987042346
118.400038,0.5299249380289579,0.00195842539132001,0.7356155032451521
118.499977,0.5299248301653117,0.001955843575567702,0.7356164611815217
118.599918,0.5299250517516285,0.001955701629982187,0.735614980204357
118.699867,0.5299250145666623,0.0019564056064857475,0.7356160312652191
118.799955,0.529925215815828,0.001956983698486575,0.7356137895304459
118.899853,0.5299236751285152,0.001958624304072699,0.7356182295969389
119.000054,0.5299255512799077,0.0019535292922361015,0.7356142756394048
119.09985,0.5299234158424151,0.0019556671812462007,0.7356164963164149
119.199995,0.529923766259528,0.0019531292182538825,0.7356150368331861
119.299839,0.5299244709903943,0.0019588507121114413,0.7356136927461007
119.399844,0.5299249541896232,0.0019544165063989302,0.7356141786840125
119.499853,0.5299238290150455,0.0019554769102557304,0.7356171271384759
119.599927,0.5299235283351076,0.001954661391649077,0.735619030080696
119.699858,0.5299247080762322,0.001956593803939794,0.7356169982622093
119.799857,0.5299261382407576,0.0019520424401421477,0.7356110311679815
119.899941,0.5299245156826407,0.001957411714836471,0.7356148559978963
119.999864,0.5299251906069503,0.001957442749938788,0.7356151883533117
120.099884,0.5299248302325873,0.0019579298742596406,0.7356166258726814
120.199844,0.5299261637556777,0.00195781069880468,0.7356136464244118
120.299864,0.5299246918647942,0.0019592899584669255,0.7356149043972874
120.400008,0.52992510268711,0.001956297356885161,0.735615119597053
120.499869,0.5299243873234398,0.0019609707266979946,0.7356152754723825
120.59984,0.5299234002694861,0.0019556220574638156,0.7356162195796174
