0.001,0.00240087,-0.780629,-0.00106614,-2.35455,-0.000938828,1.5753,0.797101,-1.10474e-07,-0.78541,6.07315e-13,-2.35623,-2.73894e-06,1.57082,0.785398
0.002,0.00240089,-0.780629,-0.00106612,-2.35455,-0.000938804,1.5753,0.797101,0.000239988,-0.785277,-0.000106614,-2.35606,-9.63479e-05,1.57075,0.786568
0.003,0.00240091,-0.780629,-0.0010661,-2.35455,-0.00093878,1.5753,0.797101,0.000456078,-0.78509,-0.000202564,-2.35591,-0.000180593,1.57095,0.787622
0.004,0.00240092,-0.780629,-0.00106608,-2.35455,-0.000938755,1.5753,0.797101,0.000650561,-0.784848,-0.000288918,-2.35577,-0.000256412,1.57139,0.78857
0.005,0.00240094,-0.780629,-0.00106606,-2.35455,-0.000938731,1.5753,0.797101,0.000825597,-0.784559,-0.000366634,-2.35565,-0.000324646,1.57178,0.789423
0.006,0.00240096,-0.780629,-0.00106605,-2.35455,-0.000938707,1.5753,0.797101,0.000983132,-0.784221,-0.000436577,-2.35554,-0.000386055,1.57213,0.790191
0.007,0.00240098,-0.780629,-0.00106603,-2.35455,-0.000938682,1.5753,0.797101,0.00112491,-0.783862,-0.000499524,-2.35544,-0.00044132,1.57245,0.790882
0.008,0.00240099,-0.780629,-0.00106601,-2.35455,-0.000938658,1.5753,0.797101,0.00125252,-0.783538,-0.000556174,-2.35535,-0.000491056,1.57273,0.791503
0.009,0.00240101,-0.780629,-0.00106599,-2.35455,-0.000938634,1.5753,0.797101,0.00136737,-0.783247,-0.000607158,-2.35527,-0.000535816,1.57299,0.792063
0.01,0.00240103,-0.780629,-0.00106597,-2.35455,-0.000938609,1.5753,0.797101,0.00147073,-0.782985,-0.000653041,-2.3552,-0.000576098,1.57322,0.792567
0.011,0.00240104,-0.780629,-0.00106596,-2.35455,-0.000938585,1.5753,0.7971,0.00156376,-0.78275,-0.000694335,-2.35514,-0.000612349,1.57343,0.79302
0.012,0.00240106,-0.780629,-0.00106594,-2.35455,-0.000938561,1.5753,0.7971,0.00164749,-0.782538,-0.000731497,-2.35508,-0.000644973,1.57361,0.793428
0.013,0.00240108,-0.780629,-0.00106592,-2.35455,-0.000938536,1.5753,0.7971,0.00172285,-0.782347,-0.000764941,-2.35503,-0.000674332,1.57378,0.793796
0.014,0.0024011,-0.780629,-0.0010659,-2.35455,-0.000938512,1.5753,0.7971,0.00179067,-0.782175,-0.000795039,-2.35498,-0.000700752,1.57393,0.794126
0.015,0.00240111,-0.780629,-0.00106589,-2.35455,-0.000938488,1.5753,0.7971,0.00185171,-0.78202,-0.000822126,-2.35494,-0.000724528,1.57407,0.794423
0.016,0.00240113,-0.780629,-0.00106587,-2.35455,-0.000938463,1.5753,0.7971,0.00190665,-0.781881,-0.000846502,-2.3549,-0.000745924,1.57419,0.794691
0.017,0.00240115,-0.780629,-0.00106585,-2.35455,-0.000938439,1.5753,0.7971,0.0019561,-0.781756,-0.000868438,-2.35486,-0.000765178,1.5743,0.794932
0.018,0.00240116,-0.780629,-0.00106583,-2.35455,-0.000938415,1.5753,0.7971,0.0020006,-0.781643,-0.000888179,-2.35483,-0.000782504,1.5744,0.795149
0.019,0.00240118,-0.780629,-0.00106581,-2.35455,-0.00093839,1.5753,0.7971,0.00204066,-0.781542,-0.000905945,-2.3548,-0.000798095,1.57449,0.795344
0.02,0.0024012,-0.780629,-0.0010658,-2.35455,-0.000938366,1.5753,0.7971,0.00207671,-0.78145,-0.000921932,-2.35478,-0.000812125,1.57457,0.79552
0.02,0.0024012,-0.780629,-0.0010658,-2.35455,-0.000938366,1.5753,0.7971,0.00210916,-0.781368,-0.000936318,-2.35476,-0.000824749,1.57464,0.795678
0.022,0.00240123,-0.780629,-0.00106576,-2.35455,-0.000938317,1.5753,0.7971,0.00213837,-0.781294,-0.000949266,-2.35474,-0.00083611,1.57471,0.79582
0.023,0.00240125,-0.780629,-0.00106574,-2.35455,-0.000938293,1.5753,0.7971,0.00216465,-0.781228,-0.000960916,-2.35472,-0.000846331,1.57477,0.795948
0.024,0.00240127,-0.780629,-0.00106573,-2.35455,-0.000938268,1.5753,0.7971,0.00218831,-0.781168,-0.000971398,-2.3547,-0.000855527,1.57482,0.796063
0.025,0.00240128,-0.780629,-0.00106571,-2.35455,-0.000938244,1.5753,0.7971,0.00220961,-0.781114,-0.000980831,-2.35469,-0.000863801,1.57487,0.796167
0.026,0.0024013,-0.780629,-0.00106569,-2.35455,-0.00093822,1.5753,0.7971,0.00222877,-0.781065,-0.000989319,-2.35467,-0.000871246,1.57491,0.79626
0.027,0.00240132,-0.780629,-0.00106567,-2.35455,-0.000938195,1.5753,0.7971,0.00224603,-0.781022,-0.000996956,-2.35466,-0.000877943,1.57495,0.796344
0.028,0.00240134,-0.780629,-0.00106565,-2.35455,-0.000938171,1.5753,0.7971,0.00226156,-0.780982,-0.00100383,-2.35465,-0.000883968,1.57498,0.79642
0.029,0.00240135,-0.780629,-0.00106564,-2.35455,-0.000938147,1.5753,0.797099,0.00227553,-0.780947,-0.00101001,-2.35464,-0.000889389,1.57501,0.796488
0.029,0.00240135,-0.780629,-0.00106564,-2.35455,-0.000938147,1.5753,0.797099,0.00228812,-0.780915,-0.00101557,-2.35463,-0.000894264,1.57504,0.796549
0.031,0.00240139,-0.780629,-0.0010656,-2.35455,-0.000938098,1.5753,0.797099,0.00229944,-0.780887,-0.00102058,-2.35462,-0.000898653,1.57507,0.796604
0.032,0.0024014,-0.780629,-0.00106558,-2.35455,-0.000938074,1.5753,0.797099,0.00230963,-0.780861,-0.00102508,-2.35462,-0.000902597,1.57509,0.796653
0.033,0.00240142,-0.780629,-0.00106556,-2.35455,-0.000938049,1.5753,0.797099,0.00231881,-0.780838,-0.00102913,-2.35461,-0.000906145,1.57511,0.796698
0.034,0.00240144,-0.780629,-0.00106555,-2.35455,-0.000938025,1.5753,0.797099,0.00232707,-0.780817,-0.00103277,-2.35461,-0.000909335,1.57513,0.796738
0.035,0.00240146,-0.780629,-0.00106553,-2.35455,-0.000938001,1.5753,0.797099,0.00233451,-0.780798,-0.00103605,-2.3546,-0.000912204,1.57515,0.796774
0.036,0.00240147,-0.780629,-0.00106551,-2.35455,-0.000937976,1.5753,0.797099,0.0023412,-0.780781,-0.001039,-2.3546,-0.000914784,1.57516,0.796807
0.037,0.00240149,-0.780629,-0.00106549,-2.35455,-0.000937952,1.5753,0.797099,0.00234723,-0.780766,-0.00104165,-2.35459,-0.000917103,1.57517,0.796836
0.038,0.00240151,-0.780629,-0.00106548,-2.35455,-0.000937928,1.5753,0.797099,0.00235266,-0.780752,-0.00104403,-2.35459,-0.000919188,1.57519,0.796862
0.039,0.00240152,-0.780629,-0.00106546,-2.35455,-0.000937903,1.5753,0.797099,0.00235754,-0.78074,-0.00104618,-2.35458,-0.000921062,1.5752,0.796886
0.04,0.00240154,-0.780629,-0.00106544,-2.35455,-0.000937879,1.57529,0.797099,0.00236194,-0.780729,-0.00104811,-2.35458,-0.000922746,1.57521,0.796907
0.041,0.00240156,-0.780629,-0.00106542,-2.35455,-0.000937855,1.57529,0.797099,0.0023659,-0.780719,-0.00104984,-2.35458,-0.000924259,1.57522,0.796926
0.042,0.00240158,-0.780629,-0.0010654,-2.35455,-0.00093783,1.57529,0.797099,0.00236947,-0.78071,-0.0010514,-2.35458,-0.000925619,1.57522,0.796944
0.043,0.00240159,-0.780629,-0.00106539,-2.35455,-0.000937806,1.57529,0.797099,0.00237268,-0.780702,-0.0010528,-2.35457,-0.00092684,1.57523,0.796959
0.044,0.00240161,-0.780629,-0.00106537,-2.35455,-0.000937782,1.57529,0.797099,0.00237557,-0.780694,-0.00105406,-2.35457,-0.000927937,1.57524,0.796973
0.045,0.00240163,-0.780629,-0.00106535,-2.35455,-0.000937757,1.57529,0.797099,0.00237817,-0.780688,-0.00105519,-2.35457,-0.000928921,1.57524,0.796986
0.046,0.00240164,-0.780629,-0.00106533,-2.35455,-0.000937733,1.57529,0.797099,0.00238052,-0.780682,-0.0010562,-2.35457,-0.000929805,1.57525,0.796997
0.047,0.00240166,-0.780629,-0.00106532,-2.35455,-0.000937709,1.57529,0.797099,0.00238263,-0.780677,-0.00105712,-2.35457,-0.000930598,1.57525,0.797007
0.048,0.00240168,-0.780629,-0.0010653,-2.35455,-0.000937684,1.57529,0.797098,0.00238453,-0.780672,-0.00105794,-2.35457,-0.000931309,1.57526,0.797016
0.049,0.0024017,-0.780629,-0.00106528,-2.35456,-0.00093766,1.57529,0.797098,0.00238625,-0.780668,-0.00105867,-2.35457,-0.000931946,1.57526,0.797024
0.05,0.00240171,-0.780629,-0.00106526,-2.35456,-0.000937636,1.57529,0.797098,0.00238779,-0.780664,-0.00105933,-2.35456,-0.000932518,1.57526,0.797032
0.051,0.00240173,-0.780629,-0.00106524,-2.35456,-0.000937611,1.57529,0.797098,0.00238918,-0.78066,-0.00105993,-2.35456,-0.000933029,1.57527,0.797039
0.052,0.00240175,-0.780629,-0.00106523,-2.35456,-0.000937587,1.57529,0.797098,0.00239044,-0.780657,-0.00106046,-2.35456,-0.000933488,1.57527,0.797044
0.053,0.00240176,-0.780629,-0.00106521,-2.35456,-0.000937563,1.57529,0.797098,0.00239157,-0.780654,-0.00106094,-2.35456,-0.000933898,1.57527,0.79705
0.054,0.00240178,-0.780629,-0.00106519,-2.35456,-0.000937538,1.57529,0.797098,0.00239259,-0.780652,-0.00106136,-2.35456,-0.000934264,1.57527,0.797055
0.055,0.0024018,-0.780629,-0.00106517,-2.35456,-0.000937514,1.57529,0.797098,0.00239351,-0.780649,-0.00106175,-2.35456,-0.000934591,1.57528,0.797059
0.056,0.00240182,-0.780629,-0.00106515,-2.35456,-0.00093749,1.57529,0.797098,0.00239434,-0.780647,-0.00106209,-2.35456,-0.000934884,1.57528,0.797063
0.057,0.00240183,-0.780629,-0.00106514,-2.35456,-0.000937465,1.57529,0.797098,0.00239509,-0.780646,-0.00106239,-2.35456,-0.000935144,1.57528,0.797066
0.058,0.00240185,-0.780629,-0.00106512,-2.35456,-0.000937441,1.57529,0.797098,0.00239576,-0.780644,-0.00106267,-2.35456,-0.000935376,1.57528,0.79707
0.059,0.00240187,-0.780629,-0.0010651,-2.35456,-0.000937417,1.57529,0.797098,0.00239637,-0.780642,-0.00106291,-2.35456,-0.000935583,1.57528,0.797072
0.06,0.00240188,-0.780629,-0.00106508,-2.35456,-0.000937392,1.57529,0.797098,0.00239692,-0.780641,-0.00106313,-2.35456,-0.000935766,1.57528,0.797075
0.061,0.0024019,-0.780629,-0.00106507,-2.35456,-0.000937368,1.57529,0.797098,0.00239742,-0.78064,-0.00106333,-2.35456,-0.000935929,1.57529,0.797077
0.062,0.00240192,-0.780629,-0.00106505,-2.35456,-0.000937343,1.57529,0.797098,0.00239786,-0.780639,-0.0010635,-2.35456,-0.000936073,1.57529,0.797079
0.063,0.00240193,-0.780629,-0.00106503,-2.35456,-0.000937319,1.57529,0.797098,0.00239827,-0.780638,-0.00106366,-2.35456,-0.0009362,1.57529,0.797081
0.064,0.00240195,-0.780629,-0.00106501,-2.35456,-0.000937295,1.57529,0.797098,0.00239864,-0.780637,-0.00106379,-2.35456,-0.000936312,1.57529,0.797083
0.065,0.00240197,-0.780629,-0.00106499,-2.35456,-0.00093727,1.57529,0.797098,0.00239897,-0.780636,-0.00106392,-2.35456,-0.00093641,1.57529,0.797084
0.066,0.00240199,-0.780629,-0.00106498,-2.35456,-0.000937246,1.57529,0.797097,0.00239927,-0.780635,-0.00106402,-2.35456,-0.000936496,1.57529,0.797086
0.067,0.002402,-0.780629,-0.00106496,-2.35456,-0.000937222,1.57529,0.797097,0.00239954,-0.780635,-0.00106412,-2.35456,-0.000936571,1.57529,0.797087
0.068,0.00240202,-0.780629,-0.00106494,-2.35456,-0.000937197,1.57529,0.797097,0.00239979,-0.780634,-0.0010642,-2.35456,-0.000936636,1.57529,0.797088
0.069,0.00240204,-0.780629,-0.00106492,-2.35456,-0.000937173,1.57529,0.797097,0.00240001,-0.780634,-0.00106428,-2.35456,-0.000936692,1.57529,0.797089
0.07,0.00240205,-0.780629,-0.0010649,-2.35456,-0.000937149,1.57529,0.797097,0.00240021,-0.780633,-0.00106434,-2.35456,-0.00093674,1.57529,0.79709
0.071,0.00240207,-0.780629,-0.00106489,-2.35456,-0.000937124,1.57529,0.797097,0.0024004,-0.780633,-0.0010644,-2.35456,-0.000936781,1.57529,0.79709
0.072,0.00240209,-0.780629,-0.00106487,-2.35456,-0.0009371,1.57529,0.797097,0.00240056,-0.780632,-0.00106445,-2.35456,-0.000936816,1.57529,0.797091
0.073,0.00240211,-0.780629,-0.00106485,-2.35456,-0.000937076,1.57529,0.797097,0.00240072,-0.780632,-0.00106449,-2.35456,-0.000936844,1.57529,0.797092
0.074,0.00240212,-0.780629,-0.00106483,-2.35456,-0.000937051,1.57529,0.797097,0.00240086,-0.780632,-0.00106452,-2.35456,-0.000936867,1.57529,0.797092
0.075,0.00240214,-0.780629,-0.00106482,-2.35456,-0.000937027,1.57529,0.797097,0.00240098,-0.780632,-0.00106456,-2.35456,-0.000936886,1.57529,0.797093
0.076,0.00240216,-0.780629,-0.0010648,-2.35456,-0.000937003,1.57529,0.797097,0.0024011,-0.780631,-0.00106458,-2.35456,-0.0009369,1.57529,0.797093
0.077,0.00240217,-0.780629,-0.00106478,-2.35456,-0.000936978,1.57529,0.797097,0.0024012,-0.780631,-0.0010646,-2.35456,-0.00093691,1.57529,0.797094
0.078,0.00240219,-0.780629,-0.00106476,-2.35456,-0.000936954,1.57529,0.797097,0.0024013,-0.780631,-0.00106462,-2.35456,-0.000936917,1.57529,0.797094
0.079,0.00240221,-0.780629,-0.00106474,-2.35456,-0.00093693,1.57529,0.797097,0.00240139,-0.780631,-0.00106464,-2.35456,-0.000936921,1.57529,0.797094
0.08,0.00240223,-0.780629,-0.00106473,-2.35456,-0.000936905,1.57529,0.797097,0.00240147,-0.780631,-0.00106465,-2.35456,-0.000936921,1.57529,0.797094
0.081,0.00240224,-0.780629,-0.00106471,-2.35456,-0.000936881,1.57529,0.797097,0.00240155,-0.78063,-0.00106465,-2.35456,-0.00093692,1.57529,0.797095
0.082,0.00240226,-0.780629,-0.00106469,-2.35456,-0.000936857,1.57529,0.797097,0.00240162,-0.78063,-0.00106466,-2.35456,-0.000936916,1.57529,0.797095
0.083,0.00240228,-0.780629,-0.00106467,-2.35456,-0.000936832,1.57529,0.797097,0.00240168,-0.78063,-0.00106466,-2.35456,-0.00093691,1.57529,0.797095
0.084,0.00240229,-0.780629,-0.00106466,-2.35456,-0.000936808,1.57529,0.797097,0.00240174,-0.78063,-0.00106466,-2.35456,-0.000936902,1.57529,0.797095
0.085,0.00240231,-0.780629,-0.00106464,-2.35456,-0.000936784,1.57529,0.797096,0.0024018,-0.78063,-0.00106466,-2.35456,-0.000936893,1.57529,0.797095
0.086,0.00240233,-0.780629,-0.00106462,-2.35456,-0.000936759,1.57529,0.797096,0.00240185,-0.78063,-0.00106466,-2.35456,-0.000936882,1.57529,0.797095
0.087,0.00240235,-0.780629,-0.0010646,-2.35456,-0.000936735,1.57529,0.797096,0.0024019,-0.78063,-0.00106466,-2.35456,-0.00093687,1.57529,0.797096
0.088,0.00240236,-0.780629,-0.00106458,-2.35456,-0.000936711,1.57529,0.797096,0.00240194,-0.78063,-0.00106465,-2.35456,-0.000936856,1.57529,0.797096
0.089,0.00240238,-0.780629,-0.00106457,-2.35456,-0.000936686,1.57529,0.797096,0.00240198,-0.78063,-0.00106464,-2.35456,-0.000936842,1.57529,0.797096
0.09,0.0024024,-0.780629,-0.00106455,-2.35456,-0.000936662,1.57529,0.797096,0.00240202,-0.78063,-0.00106464,-2.35456,-0.000936826,1.57529,0.797096
0.091,0.00240241,-0.780629,-0.00106453,-2.35456,-0.000936638,1.57529,0.797096,0.00240206,-0.78063,-0.00106463,-2.35456,-0.00093681,1.57529,0.797096
0.092,0.00240243,-0.780629,-0.00106451,-2.35456,-0.000936613,1.57529,0.797096,0.0024021,-0.78063,-0.00106462,-2.35456,-0.000936792,1.57529,0.797096
0.093,0.00240245,-0.780629,-0.00106449,-2.35456,-0.000936589,1.57529,0.797096,0.00240213,-0.78063,-0.00106461,-2.35456,-0.000936775,1.57529,0.797096
0.094,0.00240247,-0.780629,-0.00106448,-2.35456,-0.000936565,1.57529,0.797096,0.00240216,-0.78063,-0.0010646,-2.35456,-0.000936756,1.57529,0.797096
0.095,0.00240248,-0.780629,-0.00106446,-2.35456,-0.00093654,1.57529,0.797096,0.00240219,-0.78063,-0.00106458,-2.35456,-0.000936737,1.57529,0.797096
0.096,0.0024025,-0.780629,-0.00106444,-2.35456,-0.000936516,1.57529,0.797096,0.00240222,-0.78063,-0.00106457,-2.35456,-0.000936717,1.57529,0.797096
0.097,0.00240252,-0.780629,-0.00106442,-2.35456,-0.000936492,1.57529,0.797096,0.00240225,-0.78063,-0.00106456,-2.35456,-0.000936697,1.57529,0.797096
0.098,0.00240253,-0.780629,-0.00106441,-2.35456,-0.000936467,1.57529,0.797096,0.00240228,-0.78063,-0.00106454,-2.35456,-0.000936676,1.57529,0.797096
0.099,0.00240255,-0.780629,-0.00106439,-2.35456,-0.000936443,1.57529,0.797096,0.0024023,-0.78063,-0.00106453,-2.35456,-0.000936656,1.57529,0.797096
0.1,0.00240257,-0.780629,-0.00106437,-2.35456,-0.000936418,1.57529,0.797096,0.00240233,-0.780629,-0.00106452,-2.35456,-0.000936634,1.57529,0.797096
0.101,0.00240255,-0.780629,-0.00106441,-2.35456,-0.000936388,1.57529,0.797096,0.00240235,-0.780629,-0.0010645,-2.35456,-0.000936613,1.57529,0.797096
0.102,0.00240253,-0.780629,-0.00106444,-2.35456,-0.000936358,1.57529,0.797096,0.00240237,-0.780629,-0.00106449,-2.35456,-0.00093659,1.57529,0.797096
0.103,0.00240252,-0.780629,-0.00106448,-2.35456,-0.000936328,1.57529,0.797096,0.00240239,-0.780629,-0.00106449,-2.35456,-0.000936567,1.57529,0.797096
0.104,0.0024025,-0.780629,-0.00106452,-2.35456,-0.000936298,1.57529,0.797096,0.0024024,-0.780629,-0.00106449,-2.35456,-0.000936543,1.57529,0.797096
0.105,0.00240248,-0.780629,-0.00106455,-2.35456,-0.000936268,1.57529,0.797096,0.00240241,-0.780629,-0.00106449,-2.35456,-0.000936519,1.57529,0.797096
0.106,0.00240246,-0.780629,-0.00106459,-2.35456,-0.000936238,1.57529,0.797096,0.00240242,-0.780629,-0.0010645,-2.35456,-0.000936494,1.57529,0.797096
0.107,0.00240245,-0.780629,-0.00106462,-2.35456,-0.000936208,1.57529,0.797096,0.00240242,-0.780629,-0.00106451,-2.35456,-0.000936468,1.57529,0.797096
0.108,0.00240243,-0.780629,-0.00106466,-2.35456,-0.000936178,1.57529,0.797096,0.00240242,-0.780629,-0.00106452,-2.35456,-0.000936442,1.57529,0.797096
0.109,0.00240241,-0.780629,-0.0010647,-2.35456,-0.000936148,1.57529,0.797096,0.00240243,-0.780629,-0.00106453,-2.35456,-0.000936416,1.57529,0.797096
0.11,0.0024024,-0.780629,-0.00106473,-2.35456,-0.000936118,1.57529,0.797097,0.00240242,-0.780629,-0.00106455,-2.35456,-0.000936389,1.57529,0.797096
0.111,0.00240238,-0.780629,-0.00106477,-2.35456,-0.000936088,1.57529,0.797097,0.00240242,-0.780629,-0.00106457,-2.35456,-0.000936362,1.57529,0.797096
0.112,0.00240236,-0.780629,-0.0010648,-2.35456,-0.000936058,1.57529,0.797097,0.00240242,-0.780629,-0.00106459,-2.35456,-0.000936334,1.57529,0.797096
0.113,0.00240235,-0.780629,-0.00106484,-2.35456,-0.000936028,1.57529,0.797097,0.00240241,-0.780629,-0.00106461,-2.35456,-0.000936307,1.57529,0.797096
0.114,0.00240233,-0.780629,-0.00106488,-2.35456,-0.000935998,1.57529,0.797097,0.0024024,-0.780629,-0.00106463,-2.35456,-0.000936279,1.57529,0.797096
0.115,0.00240231,-0.780629,-0.00106491,-2.35456,-0.000935968,1.57529,0.797097,0.0024024,-0.780629,-0.00106466,-2.35456,-0.000936251,1.57529,0.797096
0.116,0.00240229,-0.780629,-0.00106495,-2.35456,-0.000935938,1.57529,0.797097,0.00240239,-0.780629,-0.00106468,-2.35456,-0.000936223,1.57529,0.797096
0.117,0.00240228,-0.780629,-0.00106498,-2.35456,-0.000935908,1.57529,0.797097,0.00240238,-0.780629,-0.00106471,-2.35456,-0.000936194,1.57529,0.797096
0.118,0.00240226,-0.780629,-0.00106502,-2.35456,-0.000935878,1.57529,0.797097,0.00240237,-0.780629,-0.00106474,-2.35456,-0.000936165,1.57529,0.797097
0.119,0.00240224,-0.780629,-0.00106506,-2.35456,-0.000935848,1.57529,0.797097,0.00240236,-0.780629,-0.00106476,-2.35456,-0.000936137,1.57529,0.797097
0.12,0.00240223,-0.780629,-0.00106509,-2.35456,-0.000935818,1.57529,0.797097,0.00240235,-0.780629,-0.00106479,-2.35456,-0.000936108,1.57529,0.797097
0.121,0.00240221,-0.780629,-0.00106513,-2.35456,-0.000935788,1.57529,0.797098,0.00240233,-0.780629,-0.00106482,-2.35456,-0.000936079,1.57529,0.797097
0.122,0.00240219,-0.780629,-0.00106516,-2.35456,-0.000935758,1.57529,0.797098,0.00240232,-0.780629,-0.00106485,-2.35456,-0.00093605,1.57529,0.797097
0.123,0.00240217,-0.780629,-0.0010652,-2.35456,-0.000935728,1.57529,0.797098,0.00240231,-0.780629,-0.00106488,-2.35456,-0.000936021,1.57529,0.797097
0.124,0.00240216,-0.780629,-0.00106523,-2.35456,-0.000935698,1.57529,0.797098,0.0024023,-0.780629,-0.00106492,-2.35456,-0.000935991,1.57529,0.797097
0.125,0.00240214,-0.780629,-0.00106527,-2.35456,-0.000935668,1.57529,0.797098,0.00240228,-0.780629,-0.00106495,-2.35456,-0.000935962,1.57529,0.797097
0.126,0.00240212,-0.780629,-0.00106531,-2.35456,-0.000935638,1.57529,0.797098,0.00240227,-0.780629,-0.00106498,-2.35456,-0.000935933,1.57529,0.797097
0.127,0.00240211,-0.780629,-0.00106534,-2.35456,-0.000935608,1.57529,0.797098,0.00240225,-0.780629,-0.00106501,-2.35456,-0.000935903,1.57529,0.797097
0.128,0.00240209,-0.780629,-0.00106538,-2.35456,-0.000935578,1.57529,0.797098,0.00240224,-0.780629,-0.00106505,-2.35456,-0.000935874,1.57529,0.797097
0.129,0.00240207,-0.780629,-0.00106541,-2.35456,-0.000935548,1.57529,0.797098,0.00240222,-0.780629,-0.00106508,-2.35456,-0.000935844,1.57529,0.797097
0.13,0.00240205,-0.780629,-0.00106545,-2.35456,-0.000935518,1.57529,0.797098,0.00240221,-0.780629,-0.00106511,-2.35456,-0.000935814,1.57529,0.797098
0.131,0.00240204,-0.780629,-0.00106549,-2.35456,-0.000935488,1.57529,0.797099,0.00240219,-0.780629,-0.00106515,-2.35456,-0.000935785,1.57529,0.797098
0.132,0.00240202,-0.780629,-0.00106552,-2.35456,-0.000935458,1.57529,0.797099,0.00240218,-0.780629,-0.00106518,-2.35456,-0.000935755,1.57529,0.797098
0.133,0.002402,-0.780629,-0.00106556,-2.35456,-0.000935428,1.57529,0.797099,0.00240216,-0.780629,-0.00106521,-2.35456,-0.000935725,1.57529,0.797098
0.134,0.00240199,-0.780629,-0.00106559,-2.35456,-0.000935398,1.57529,0.797099,0.00240215,-0.780629,-0.00106525,-2.35456,-0.000935695,1.57529,0.797098
0.135,0.00240197,-0.780629,-0.00106563,-2.35456,-0.000935368,1.57529,0.797099,0.00240213,-0.780629,-0.00106528,-2.35456,-0.000935666,1.57529,0.797098
0.136,0.00240195,-0.780629,-0.00106567,-2.35456,-0.000935338,1.57529,0.797099,0.00240211,-0.780629,-0.00106532,-2.35456,-0.000935636,1.57529,0.797098
0.137,0.00240193,-0.780629,-0.0010657,-2.35456,-0.000935308,1.57529,0.797099,0.0024021,-0.780629,-0.00106535,-2.35456,-0.000935606,1.57529,0.797098
0.138,0.00240192,-0.780629,-0.00106574,-2.35456,-0.000935278,1.57529,0.797099,0.00240208,-0.780629,-0.00106539,-2.35456,-0.000935576,1.57529,0.797098
0.139,0.0024019,-0.780629,-0.00106577,-2.35456,-0.000935247,1.57529,0.797099,0.00240206,-0.780629,-0.00106542,-2.35456,-0.000935546,1.57529,0.797098
0.14,0.00240188,-0.780629,-0.00106581,-2.35456,-0.000935217,1.57529,0.797099,0.00240205,-0.780629,-0.00106546,-2.35456,-0.000935516,1.57529,0.797098
0.141,0.00240187,-0.780629,-0.00106585,-2.35456,-0.000935187,1.57529,0.797099,0.00240203,-0.780629,-0.00106549,-2.35456,-0.000935487,1.57529,0.797099
0.142,0.00240185,-0.780629,-0.00106588,-2.35456,-0.000935157,1.57529,0.7971,0.00240202,-0.780629,-0.00106553,-2.35456,-0.000935457,1.57529,0.797099
0.143,0.00240183,-0.780629,-0.00106592,-2.35456,-0.000935127,1.57529,0.7971,0.002402,-0.780629,-0.00106556,-2.35456,-0.000935427,1.57529,0.797099
0.144,0.00240182,-0.780629,-0.00106595,-2.35456,-0.000935097,1.57529,0.7971,0.00240198,-0.780629,-0.0010656,-2.35456,-0.000935397,1.57529,0.797099
0.145,0.0024018,-0.780629,-0.00106599,-2.35456,-0.000935067,1.57529,0.7971,0.00240197,-0.780629,-0.00106563,-2.35456,-0.000935367,1.57529,0.797099
0.146,0.00240178,-0.780629,-0.00106603,-2.35456,-0.000935037,1.57529,0.7971,0.00240195,-0.780629,-0.00106567,-2.35456,-0.000935337,1.57529,0.797099
0.147,0.00240176,-0.780629,-0.00106606,-2.35456,-0.000935007,1.57529,0.7971,0.00240193,-0.780629,-0.00106571,-2.35456,-0.000935307,1.57529,0.797099
0.148,0.00240175,-0.780629,-0.0010661,-2.35456,-0.000934977,1.57529,0.7971,0.00240192,-0.780629,-0.00106574,-2.35456,-0.000935277,1.57529,0.797099
0.149,0.00240173,-0.780629,-0.00106613,-2.35456,-0.000934947,1.57529,0.7971,0.0024019,-0.780629,-0.00106578,-2.35456,-0.000935247,1.57529,0.797099
0.15,0.00240171,-0.780629,-0.00106617,-2.35456,-0.000934917,1.57529,0.7971,0.00240188,-0.780629,-0.00106581,-2.35456,-0.000935217,1.57529,0.797099
0.151,0.0024017,-0.780629,-0.00106621,-2.35456,-0.000934887,1.57529,0.7971,0.00240186,-0.780629,-0.00106585,-2.35456,-0.000935187,1.57529,0.797099
0.151,0.0024017,-0.780629,-0.00106621,-2.35456,-0.000934887,1.57529,0.7971,0.00240185,-0.780629,-0.00106588,-2.35456,-0.000935157,1.57529,0.7971
0.153,0.00240166,-0.780629,-0.00106628,-2.35456,-0.000934827,1.57529,0.797101,0.00240183,-0.780629,-0.00106592,-2.35456,-0.00093513,1.57529,0.7971
0.154,0.00240164,-0.780629,-0.00106631,-2.35456,-0.000934797,1.57529,0.797101,0.00240182,-0.780629,-0.00106595,-2.35456,-0.0009351,1.57529,0.7971
0.155,0.00240163,-0.780629,-0.00106635,-2.35456,-0.000934767,1.57529,0.797101,0.0024018,-0.780629,-0.00106599,-2.35456,-0.00093507,1.57529,0.7971
0.156,0.00240161,-0.780629,-0.00106639,-2.35456,-0.000934737,1.57529,0.797101,0.00240178,-0.780629,-0.00106602,-2.35456,-0.000935039,1.57529,0.7971
0.157,0.00240159,-0.780629,-0.00106642,-2.35456,-0.000934707,1.57529,0.797101,0.00240176,-0.780629,-0.00106606,-2.35456,-0.000935009,1.57529,0.7971
0.158,0.00240158,-0.780629,-0.00106646,-2.35456,-0.000934677,1.57529,0.797101,0.00240175,-0.780629,-0.0010661,-2.35456,-0.000934979,1.57529,0.7971
0.159,0.00240156,-0.780629,-0.00106649,-2.35456,-0.000934647,1.57529,0.797101,0.00240173,-0.780629,-0.00106613,-2.35456,-0.000934949,1.57529,0.7971
0.16,0.00240154,-0.780629,-0.00106653,-2.35456,-0.000934617,1.57529,0.797101,0.00240171,-0.780629,-0.00106617,-2.35456,-0.000934919,1.57529,0.7971
0.161,0.00240152,-0.780629,-0.00106657,-2.35456,-0.000934587,1.57529,0.797101,0.0024017,-0.780629,-0.0010662,-2.35456,-0.000934888,1.57529,0.7971
0.161,0.00240152,-0.780629,-0.00106657,-2.35456,-0.000934587,1.57529,0.797101,0.00240168,-0.780629,-0.00106624,-2.35456,-0.000934858,1.57529,0.7971
0.163,0.00240149,-0.780629,-0.00106664,-2.35456,-0.000934527,1.57529,0.797101,0.00240166,-0.780629,-0.00106627,-2.35456,-0.000934831,1.57529,0.797101
0.164,0.00240147,-0.780629,-0.00106667,-2.35456,-0.000934497,1.57529,0.797102,0.00240165,-0.780629,-0.00106631,-2.35456,-0.000934801,1.57529,0.797101
0.165,0.00240146,-0.780629,-0.00106671,-2.35456,-0.000934467,1.57529,0.797102,0.00240163,-0.780629,-0.00106635,-2.35456,-0.00093477,1.57529,0.797101
0.166,0.00240144,-0.780629,-0.00106674,-2.35456,-0.000934437,1.57529,0.797102,0.00240161,-0.780629,-0.00106638,-2.35456,-0.00093474,1.57529,0.797101
0.167,0.00240142,-0.780629,-0.00106678,-2.35456,-0.000934407,1.57529,0.797102,0.00240159,-0.780629,-0.00106642,-2.35456,-0.00093471,1.57529,0.797101
0.168,0.0024014,-0.780629,-0.00106682,-2.35456,-0.000934377,1.57529,0.797102,0.00240158,-0.780629,-0.00106645,-2.35456,-0.000934679,1.57529,0.797101
0.169,0.00240139,-0.780629,-0.00106685,-2.35456,-0.000934347,1.57529,0.797102,0.00240156,-0.780629,-0.00106649,-2.35456,-0.000934649,1.57529,0.797101
0.17,0.00240137,-0.780629,-0.00106689,-2.35456,-0.000934317,1.57529,0.797102,0.00240154,-0.780629,-0.00106653,-2.35456,-0.000934619,1.57529,0.797101
0.171,0.00240135,-0.780629,-0.00106692,-2.35456,-0.000934287,1.57529,0.797102,0.00240153,-0.780629,-0.00106656,-2.35456,-0.000934589,1.57529,0.797101
0.172,0.00240134,-0.780629,-0.00106696,-2.35456,-0.000934257,1.57529,0.797102,0.00240151,-0.780629,-0.0010666,-2.35456,-0.000934559,1.57529,0.797101
0.173,0.00240132,-0.780629,-0.001067,-2.35456,-0.000934227,1.57529,0.797102,0.00240149,-0.780629,-0.00106664,-2.35456,-0.000934528,1.57529,0.797101
0.174,0.0024013,-0.780629,-0.00106703,-2.35456,-0.000934197,1.57529,0.797103,0.00240147,-0.780629,-0.00106667,-2.35456,-0.000934498,1.57529,0.797102
0.175,0.00240129,-0.780629,-0.00106707,-2.35456,-0.000934167,1.5753,0.797103,0.00240146,-0.780629,-0.00106671,-2.35456,-0.000934468,1.57529,0.797102
0.176,0.00240127,-0.780629,-0.0010671,-2.35456,-0.000934137,1.5753,0.797103,0.00240144,-0.780629,-0.00106674,-2.35456,-0.000934438,1.57529,0.797102
0.177,0.00240125,-0.780629,-0.00106714,-2.35456,-0.000934107,1.5753,0.797103,0.00240142,-0.780629,-0.00106678,-2.35456,-0.000934408,1.57529,0.797102
0.178,0.00240123,-0.780629,-0.00106718,-2.35456,-0.000934077,1.5753,0.797103,0.00240141,-0.780629,-0.00106682,-2.35456,-0.000934378,1.57529,0.797102
0.179,0.00240122,-0.780629,-0.00106721,-2.35456,-0.000934047,1.5753,0.797103,0.00240139,-0.780629,-0.00106685,-2.35456,-0.000934348,1.57529,0.797102
0.18,0.0024012,-0.780629,-0.00106725,-2.35456,-0.000934017,1.5753,0.797103,0.00240137,-0.780629,-0.00106689,-2.35456,-0.000934318,1.57529,0.797102
0.181,0.00240118,-0.780629,-0.00106728,-2.35456,-0.000933987,1.5753,0.797103,0.00240135,-0.780629,-0.00106692,-2.35456,-0.000934287,1.57529,0.797102
0.182,0.00240117,-0.780629,-0.00106732,-2.35456,-0.000933957,1.5753,0.797103,0.00240134,-0.780629,-0.00106696,-2.35456,-0.000934257,1.57529,0.797102
0.183,0.00240115,-0.780629,-0.00106736,-2.35456,-0.000933927,1.5753,0.797103,0.00240132,-0.780629,-0.001067,-2.35456,-0.000934227,1.57529,0.797102
0.184,0.00240113,-0.780629,-0.00106739,-2.35456,-0.000933897,1.5753,0.797103,0.0024013,-0.780629,-0.00106703,-2.35456,-0.000934197,1.57529,0.797103
0.185,0.00240111,-0.780629,-0.00106743,-2.35456,-0.000933867,1.5753,0.797104,0.00240129,-0.780629,-0.00106707,-2.35456,-0.000934167,1.5753,0.797103
0.186,0.0024011,-0.780629,-0.00106746,-2.35456,-0.000933837,1.5753,0.797104,0.00240127,-0.780629,-0.0010671,-2.35456,-0.000934137,1.5753,0.797103
0.187,0.00240108,-0.780629,-0.0010675,-2.35456,-0.000933807,1.5753,0.797104,0.00240125,-0.780629,-0.00106714,-2.35456,-0.000934107,1.5753,0.797103
0.188,0.00240106,-0.780629,-0.00106754,-2.35456,-0.000933777,1.5753,0.797104,0.00240123,-0.780629,-0.00106718,-2.35456,-0.000934077,1.5753,0.797103
0.189,0.00240105,-0.780629,-0.00106757,-2.35456,-0.000933746,1.5753,0.797104,0.00240122,-0.780629,-0.00106721,-2.35456,-0.000934047,1.5753,0.797103
0.19,0.00240103,-0.780629,-0.00106761,-2.35456,-0.000933716,1.5753,0.797104,0.0024012,-0.780629,-0.00106725,-2.35456,-0.000934017,1.5753,0.797103
0.191,0.00240101,-0.780629,-0.00106764,-2.35456,-0.000933686,1.5753,0.797104,0.00240118,-0.780629,-0.00106728,-2.35456,-0.000933987,1.5753,0.797103
0.192,0.00240099,-0.780629,-0.00106768,-2.35456,-0.000933656,1.5753,0.797104,0.00240117,-0.780629,-0.00106732,-2.35456,-0.000933957,1.5753,0.797103
0.193,0.00240098,-0.780629,-0.00106772,-2.35456,-0.000933626,1.5753,0.797104,0.00240115,-0.780629,-0.00106736,-2.35456,-0.000933927,1.5753,0.797103
0.194,0.00240096,-0.780629,-0.00106775,-2.35456,-0.000933596,1.5753,0.797104,0.00240113,-0.780629,-0.00106739,-2.35456,-0.000933897,1.5753,0.797103
0.195,0.00240094,-0.780629,-0.00106779,-2.35456,-0.000933566,1.5753,0.797104,0.00240111,-0.780629,-0.00106743,-2.35456,-0.000933867,1.5753,0.797104
0.196,0.00240093,-0.780629,-0.00106782,-2.35456,-0.000933536,1.5753,0.797105,0.0024011,-0.780629,-0.00106746,-2.35456,-0.000933837,1.5753,0.797104
0.197,0.00240091,-0.780629,-0.00106786,-2.35456,-0.000933506,1.5753,0.797105,0.00240108,-0.780629,-0.0010675,-2.35456,-0.000933807,1.5753,0.797104
0.198,0.00240089,-0.780629,-0.0010679,-2.35456,-0.000933476,1.5753,0.797105,0.00240106,-0.780629,-0.00106754,-2.35456,-0.000933777,1.5753,0.797104
0.199,0.00240087,-0.780629,-0.00106793,-2.35456,-0.000933446,1.5753,0.797105,0.00240105,-0.780629,-0.00106757,-2.35456,-0.000933747,1.5753,0.797104
0.2,0.00240086,-0.780629,-0.00106797,-2.35456,-0.000933416,1.5753,0.797105,0.00240103,-0.780629,-0.00106761,-2.35456,-0.000933717,1.5753,0.797104
0.201,0.00240086,-0.780629,-0.00106792,-2.35456,-0.000933455,1.5753,0.797105,0.00240101,-0.780629,-0.00106764,-2.35456,-0.000933687,1.5753,0.797104
0.202,0.00240086,-0.780629,-0.00106787,-2.35456,-0.000933503,1.5753,0.797105,0.002401,-0.780629,-0.00106767,-2.35456,-0.000933663,1.5753,0.797104
0.203,0.00240086,-0.780629,-0.00106782,-2.35456,-0.000933551,1.5753,0.797105,0.00240098,-0.780629,-0.00106769,-2.35456,-0.000933647,1.5753,0.797104
0.204,0.00240086,-0.780629,-0.00106777,-2.35456,-0.000933598,1.5753,0.797105,0.00240097,-0.780629,-0.0010677,-2.35456,-0.000933638,1.5753,0.797104
0.205,0.00240086,-0.780629,-0.00106772,-2.35456,-0.000933646,1.5753,0.797105,0.00240096,-0.780629,-0.00106771,-2.35456,-0.000933634,1.5753,0.797104
0.205,0.00240086,-0.780629,-0.00106772,-2.35456,-0.000933646,1.5753,0.797105,0.00240095,-0.780629,-0.00106771,-2.35456,-0.000933635,1.5753,0.797104
0.206,0.00240086,-0.780629,-0.00106766,-2.35456,-0.000933694,1.5753,0.797104,0.00240094,-0.780629,-0.00106771,-2.35456,-0.000933636,1.5753,0.797104
0.208,0.00240086,-0.780629,-0.00106756,-2.35456,-0.000933789,1.57529,0.797104,0.00240093,-0.780629,-0.00106771,-2.35456,-0.000933642,1.5753,0.797104
0.209,0.00240086,-0.780629,-0.00106751,-2.35456,-0.000933837,1.57529,0.797104,0.00240092,-0.780629,-0.00106769,-2.35456,-0.000933657,1.5753,0.797104
0.21,0.00240086,-0.780629,-0.00106746,-2.35456,-0.000933884,1.57529,0.797104,0.00240092,-0.780629,-0.00106767,-2.35456,-0.000933675,1.5753,0.797104
0.211,0.00240086,-0.780629,-0.0010674,-2.35456,-0.000933932,1.57529,0.797104,0.00240091,-0.780629,-0.00106765,-2.35456,-0.000933696,1.5753,0.797104
0.212,0.00240086,-0.780629,-0.00106735,-2.35456,-0.00093398,1.57529,0.797104,0.0024009,-0.780629,-0.00106763,-2.35456,-0.000933719,1.5753,0.797104
0.213,0.00240086,-0.780629,-0.0010673,-2.35456,-0.000934027,1.57529,0.797104,0.0024009,-0.780629,-0.0010676,-2.35456,-0.000933745,1.57529,0.797104
0.214,0.00240086,-0.780629,-0.00106725,-2.35456,-0.000934075,1.57529,0.797104,0.0024009,-0.780629,-0.00106757,-2.35456,-0.000933773,1.57529,0.797104
0.215,0.00240086,-0.780629,-0.00106719,-2.35456,-0.000934123,1.57529,0.797104,0.00240089,-0.780629,-0.00106754,-2.35456,-0.000933804,1.57529,0.797104
0.216,0.00240086,-0.780629,-0.00106714,-2.35456,-0.00093417,1.57529,0.797104,0.00240089,-0.780629,-0.0010675,-2.35456,-0.000933835,1.57529,0.797104
0.217,0.00240086,-0.780629,-0.00106709,-2.35456,-0.000934218,1.57529,0.797104,0.00240088,-0.780629,-0.00106747,-2.35456,-0.000933869,1.57529,0.797104
0.218,0.00240086,-0.780629,-0.00106704,-2.35456,-0.000934265,1.57529,0.797104,0.00240088,-0.780629,-0.00106743,-2.35456,-0.000933904,1.57529,0.797104
0.219,0.00240086,-0.780629,-0.00106699,-2.35456,-0.000934313,1.57529,0.797103,0.00240088,-0.780629,-0.00106739,-2.35456,-0.00093394,1.57529,0.797104
0.22,0.00240086,-0.780629,-0.00106693,-2.35456,-0.000934361,1.57529,0.797103,0.00240088,-0.780629,-0.00106735,-2.35456,-0.000933977,1.57529,0.797104
0.221,0.00240086,-0.780629,-0.00106688,-2.35456,-0.000934408,1.57529,0.797103,0.00240087,-0.780629,-0.00106731,-2.35456,-0.000934016,1.57529,0.797104
0.222,0.00240086,-0.780629,-0.00106683,-2.35456,-0.000934456,1.57529,0.797103,0.00240087,-0.780629,-0.00106727,-2.35456,-0.000934055,1.57529,0.797104
0.223,0.00240086,-0.780629,-0.00106678,-2.35456,-0.000934504,1.57529,0.797103,0.00240087,-0.780629,-0.00106722,-2.35456,-0.000934095,1.57529,0.797104
0.224,0.00240086,-0.780629,-0.00106672,-2.35456,-0.000934551,1.57529,0.797103,0.00240087,-0.780629,-0.00106718,-2.35456,-0.000934136,1.57529,0.797104
0.225,0.00240086,-0.780629,-0.00106667,-2.35456,-0.000934599,1.57529,0.797103,0.00240087,-0.780629,-0.00106713,-2.35456,-0.000934177,1.57529,0.797104
0.226,0.00240086,-0.780629,-0.00106662,-2.35456,-0.000934647,1.57529,0.797103,0.00240087,-0.780629,-0.00106709,-2.35456,-0.00093422,1.57529,0.797104
0.227,0.00240086,-0.780629,-0.00106657,-2.35456,-0.000934694,1.57529,0.797103,0.00240087,-0.780629,-0.00106704,-2.35456,-0.000934262,1.57529,0.797104
0.228,0.00240086,-0.780629,-0.00106652,-2.35456,-0.000934742,1.57529,0.797103,0.00240086,-0.780629,-0.00106699,-2.35456,-0.000934305,1.57529,0.797103
0.229,0.00240086,-0.780629,-0.00106646,-2.35456,-0.00093479,1.57529,0.797103,0.00240086,-0.780629,-0.00106694,-2.35456,-0.000934349,1.57529,0.797103
0.23,0.00240086,-0.780629,-0.00106641,-2.35456,-0.000934837,1.57529,0.797103,0.00240086,-0.780629,-0.0010669,-2.35456,-0.000934393,1.57529,0.797103
0.231,0.00240086,-0.780629,-0.00106636,-2.35456,-0.000934885,1.57529,0.797103,0.00240086,-0.780629,-0.00106685,-2.35456,-0.000934438,1.57529,0.797103
0.232,0.00240086,-0.780629,-0.00106631,-2.35456,-0.000934933,1.57529,0.797102,0.00240086,-0.780629,-0.0010668,-2.35456,-0.000934482,1.57529,0.797103
0.233,0.00240086,-0.780629,-0.00106626,-2.35456,-0.00093498,1.57529,0.797102,0.00240086,-0.780629,-0.00106675,-2.35456,-0.000934527,1.57529,0.797103
0.234,0.00240086,-0.780629,-0.0010662,-2.35456,-0.000935028,1.57529,0.797102,0.00240086,-0.780629,-0.0010667,-2.35456,-0.000934573,1.57529,0.797103
0.235,0.00240086,-0.780629,-0.00106615,-2.35456,-0.000935075,1.57529,0.797102,0.00240086,-0.780629,-0.00106665,-2.35456,-0.000934618,1.57529,0.797103
0.236,0.00240086,-0.780629,-0.0010661,-2.35456,-0.000935123,1.57529,0.797102,0.00240086,-0.780629,-0.0010666,-2.35456,-0.000934664,1.57529,0.797103
0.237,0.00240086,-0.780629,-0.00106605,-2.35456,-0.000935171,1.57529,0.797102,0.00240086,-0.780629,-0.00106655,-2.35456,-0.00093471,1.57529,0.797103
0.238,0.00240086,-0.780629,-0.00106599,-2.35456,-0.000935218,1.57529,0.797102,0.00240086,-0.780629,-0.0010665,-2.35456,-0.000934756,1.57529,0.797103
0.239,0.00240086,-0.780628,-0.00106594,-2.35456,-0.000935266,1.57529,0.797102,0.00240086,-0.780629,-0.00106645,-2.35456,-0.000934802,1.57529,0.797103
0.24,0.00240086,-0.780628,-0.00106589,-2.35456,-0.000935314,1.57529,0.797102,0.00240086,-0.780629,-0.0010664,-2.35456,-0.000934849,1.57529,0.797103
0.241,0.00240086,-0.780628,-0.00106584,-2.35456,-0.000935361,1.57529,0.797102,0.00240086,-0.780629,-0.00106635,-2.35456,-0.000934895,1.57529,0.797103
0.242,0.00240086,-0.780628,-0.00106579,-2.35456,-0.000935409,1.57529,0.797102,0.00240086,-0.780629,-0.0010663,-2.35456,-0.000934942,1.57529,0.797102
0.243,0.00240086,-0.780628,-0.00106573,-2.35456,-0.000935457,1.57529,0.797102,0.00240086,-0.780629,-0.00106625,-2.35456,-0.000934988,1.57529,0.797102
0.244,0.00240086,-0.780628,-0.00106568,-2.35456,-0.000935504,1.57529,0.797102,0.00240086,-0.780629,-0.00106619,-2.35456,-0.000935035,1.57529,0.797102
0.245,0.00240086,-0.780628,-0.00106563,-2.35456,-0.000935552,1.57529,0.797101,0.00240086,-0.780629,-0.00106614,-2.35456,-0.000935082,1.57529,0.797102
0.246,0.00240086,-0.780628,-0.00106558,-2.35456,-0.0009356,1.57529,0.797101,0.00240086,-0.780629,-0.00106609,-2.35456,-0.000935129,1.57529,0.797102
0.247,0.00240086,-0.780628,-0.00106552,-2.35456,-0.000935647,1.57529,0.797101,0.00240086,-0.780629,-0.00106604,-2.35456,-0.000935176,1.57529,0.797102
0.248,0.00240086,-0.780628,-0.00106547,-2.35456,-0.000935695,1.57529,0.797101,0.00240086,-0.780629,-0.00106599,-2.35456,-0.000935223,1.57529,0.797102
0.249,0.00240086,-0.780628,-0.00106542,-2.35456,-0.000935743,1.57529,0.797101,0.00240086,-0.780628,-0.00106594,-2.35456,-0.00093527,1.57529,0.797102
0.25,0.00240086,-0.780628,-0.00106537,-2.35456,-0.00093579,1.57529,0.797101,0.00240086,-0.780628,-0.00106589,-2.35456,-0.000935318,1.57529,0.797102
0.251,0.00240086,-0.780628,-0.00106532,-2.35456,-0.000935838,1.57529,0.797101,0.00240086,-0.780628,-0.00106583,-2.35456,-0.000935365,1.57529,0.797102
0.252,0.00240086,-0.780628,-0.00106526,-2.35456,-0.000935885,1.57529,0.797101,0.00240086,-0.780628,-0.00106578,-2.35456,-0.000935412,1.57529,0.797102
0.253,0.00240086,-0.780628,-0.00106521,-2.35456,-0.000935933,1.57529,0.797101,0.00240086,-0.780628,-0.00106573,-2.35456,-0.00093546,1.57529,0.797102
0.254,0.00240086,-0.780628,-0.00106516,-2.35456,-0.000935981,1.57529,0.797101,0.00240086,-0.780628,-0.00106568,-2.35456,-0.000935507,1.57529,0.797102
0.255,0.00240086,-0.780628,-0.00106511,-2.35456,-0.000936028,1.57529,0.797101,0.00240086,-0.780628,-0.00106563,-2.35456,-0.000935554,1.57529,0.797101
0.256,0.00240086,-0.780628,-0.00106506,-2.35456,-0.000936076,1.57529,0.797101,0.00240086,-0.780628,-0.00106557,-2.35456,-0.000935602,1.57529,0.797101
0.257,0.00240086,-0.780628,-0.001065,-2.35456,-0.000936124,1.57529,0.797101,0.00240086,-0.780628,-0.00106552,-2.35456,-0.000935649,1.57529,0.797101
0.258,0.00240086,-0.780628,-0.00106495,-2.35456,-0.000936171,1.57529,0.7971,0.00240086,-0.780628,-0.00106547,-2.35456,-0.000935697,1.57529,0.797101
0.259,0.00240086,-0.780628,-0.0010649,-2.35456,-0.000936219,1.57529,0.7971,0.00240086,-0.780628,-0.00106542,-2.35456,-0.000935744,1.57529,0.797101
0.26,0.00240086,-0.780628,-0.00106485,-2.35456,-0.000936267,1.57529,0.7971,0.00240086,-0.780628,-0.00106537,-2.35456,-0.000935792,1.57529,0.797101
0.261,0.00240086,-0.780628,-0.00106479,-2.35456,-0.000936314,1.57529,0.7971,0.00240086,-0.780628,-0.00106531,-2.35456,-0.000935839,1.57529,0.797101
0.262,0.00240086,-0.780628,-0.00106474,-2.35456,-0.000936362,1.57529,0.7971,0.00240086,-0.780628,-0.00106526,-2.35456,-0.000935887,1.57529,0.797101
0.263,0.00240086,-0.780628,-0.00106469,-2.35456,-0.00093641,1.57529,0.7971,0.00240086,-0.780628,-0.00106521,-2.35456,-0.000935934,1.57529,0.797101
0.264,0.00240086,-0.780628,-0.00106464,-2.35456,-0.000936457,1.57529,0.7971,0.00240086,-0.780628,-0.00106516,-2.35456,-0.000935982,1.57529,0.797101
0.265,0.00240086,-0.780628,-0.00106459,-2.35456,-0.000936505,1.57529,0.7971,0.00240086,-0.780628,-0.00106511,-2.35456,-0.000936029,1.57529,0.797101
0.266,0.00240086,-0.780628,-0.00106453,-2.35456,-0.000936553,1.57529,0.7971,0.00240086,-0.780628,-0.00106505,-2.35456,-0.000936077,1.57529,0.797101
0.267,0.00240086,-0.780628,-0.00106448,-2.35456,-0.0009366,1.57529,0.7971,0.00240086,-0.780628,-0.001065,-2.35456,-0.000936124,1.57529,0.797101
0.268,0.00240086,-0.780628,-0.00106443,-2.35456,-0.000936648,1.57529,0.7971,0.00240086,-0.780628,-0.00106495,-2.35456,-0.000936172,1.57529,0.7971
0.269,0.00240086,-0.780628,-0.00106438,-2.35456,-0.000936695,1.57529,0.7971,0.00240086,-0.780628,-0.0010649,-2.35456,-0.00093622,1.57529,0.7971
0.27,0.00240086,-0.780628,-0.00106432,-2.35456,-0.000936743,1.57529,0.7971,0.00240086,-0.780628,-0.00106485,-2.35456,-0.000936267,1.57529,0.7971
0.271,0.00240086,-0.780628,-0.00106427,-2.35456,-0.000936791,1.57529,0.797099,0.00240086,-0.780628,-0.00106479,-2.35456,-0.000936315,1.57529,0.7971
0.272,0.00240086,-0.780628,-0.00106422,-2.35456,-0.000936838,1.57529,0.797099,0.00240086,-0.780628,-0.00106474,-2.35456,-0.000936362,1.57529,0.7971
0.273,0.00240086,-0.780628,-0.00106417,-2.35456,-0.000936886,1.57529,0.797099,0.00240086,-0.780628,-0.00106469,-2.35456,-0.00093641,1.57529,0.7971
0.274,0.00240086,-0.780628,-0.00106412,-2.35456,-0.000936934,1.57529,0.797099,0.00240086,-0.780628,-0.00106464,-2.35456,-0.000936458,1.57529,0.7971
0.275,0.00240086,-0.780628,-0.00106406,-2.35456,-0.000936981,1.57529,0.797099,0.00240086,-0.780628,-0.00106459,-2.35456,-0.000936505,1.57529,0.7971
0.276,0.00240086,-0.780628,-0.00106401,-2.35456,-0.000937029,1.57529,0.797099,0.00240086,-0.780628,-0.00106453,-2.35456,-0.000936553,1.57529,0.7971
0.277,0.00240086,-0.780628,-0.00106396,-2.35456,-0.000937077,1.57529,0.797099,0.00240086,-0.780628,-0.00106448,-2.35456,-0.0009366,1.57529,0.7971
0.278,0.00240086,-0.780628,-0.00106391,-2.35456,-0.000937124,1.57529,0.797099,0.00240086,-0.780628,-0.00106443,-2.35456,-0.000936648,1.57529,0.7971
0.279,0.00240086,-0.780628,-0.00106386,-2.35456,-0.000937172,1.57529,0.797099,0.00240086,-0.780628,-0.00106438,-2.35456,-0.000936696,1.57529,0.7971
0.28,0.00240086,-0.780628,-0.0010638,-2.35456,-0.00093722,1.57529,0.797099,0.00240086,-0.780628,-0.00106432,-2.35456,-0.000936743,1.57529,0.7971
0.281,0.00240086,-0.780628,-0.00106375,-2.35456,-0.000937267,1.57529,0.797099,0.00240086,-0.780628,-0.00106427,-2.35456,-0.000936791,1.57529,0.797099
0.282,0.00240086,-0.780628,-0.0010637,-2.35456,-0.000937315,1.57529,0.797099,0.00240086,-0.780628,-0.00106422,-2.35456,-0.000936839,1.57529,0.797099
0.283,0.00240086,-0.780628,-0.00106365,-2.35456,-0.000937363,1.57529,0.797099,0.00240086,-0.780628,-0.00106417,-2.35456,-0.000936886,1.57529,0.797099
0.284,0.00240086,-0.780628,-0.00106359,-2.35456,-0.00093741,1.57529,0.797098,0.00240086,-0.780628,-0.00106412,-2.35456,-0.000936934,1.57529,0.797099
0.285,0.00240086,-0.780628,-0.00106354,-2.35456,-0.000937458,1.57529,0.797098,0.00240086,-0.780628,-0.00106406,-2.35456,-0.000936981,1.57529,0.797099
0.286,0.00240086,-0.780628,-0.00106349,-2.35456,-0.000937505,1.57529,0.797098,0.00240086,-0.780628,-0.00106401,-2.35456,-0.000937029,1.57529,0.797099
0.287,0.00240086,-0.780628,-0.00106344,-2.35456,-0.000937553,1.57529,0.797098,0.00240086,-0.780628,-0.00106396,-2.35456,-0.000937077,1.57529,0.797099
0.287,0.00240086,-0.780628,-0.00106344,-2.35456,-0.000937553,1.57529,0.797098,0.00240086,-0.780628,-0.00106391,-2.35456,-0.000937124,1.57529,0.797099
0.289,0.00240086,-0.780628,-0.00106333,-2.35456,-0.000937648,1.57529,0.797098,0.00240086,-0.780628,-0.00106386,-2.35456,-0.000937167,1.57529,0.797099
0.29,0.00240086,-0.780628,-0.00106328,-2.35456,-0.000937696,1.57529,0.797098,0.00240086,-0.780628,-0.00106381,-2.35456,-0.000937215,1.57529,0.797099
0.291,0.00240086,-0.780628,-0.00106323,-2.35456,-0.000937744,1.57529,0.797098,0.00240086,-0.780628,-0.00106376,-2.35456,-0.000937263,1.57529,0.797099
0.292,0.00240086,-0.780628,-0.00106318,-2.35456,-0.000937791,1.57529,0.797098,0.00240086,-0.780628,-0.0010637,-2.35456,-0.000937311,1.57529,0.797099
0.293,0.00240086,-0.780628,-0.00106313,-2.35456,-0.000937839,1.57529,0.797098,0.00240086,-0.780628,-0.00106365,-2.35456,-0.000937359,1.57529,0.797099
0.294,0.00240086,-0.780627,-0.00106307,-2.35456,-0.000937887,1.57529,0.797098,0.00240086,-0.780628,-0.0010636,-2.35456,-0.000937407,1.57529,0.797098
0.295,0.00240086,-0.780627,-0.00106302,-2.35456,-0.000937934,1.57529,0.797098,0.00240086,-0.780628,-0.00106355,-2.35456,-0.000937455,1.57529,0.797098
0.296,0.00240086,-0.780627,-0.00106297,-2.35456,-0.000937982,1.57529,0.797098,0.00240086,-0.780628,-0.00106349,-2.35456,-0.000937503,1.57529,0.797098
0.297,0.00240086,-0.780627,-0.00106292,-2.35456,-0.00093803,1.57529,0.797097,0.00240086,-0.780628,-0.00106344,-2.35456,-0.000937551,1.57529,0.797098
0.298,0.00240086,-0.780627,-0.00106286,-2.35456,-0.000938077,1.57529,0.797097,0.00240086,-0.780628,-0.00106339,-2.35456,-0.000937599,1.57529,0.797098
0.299,0.00240086,-0.780627,-0.00106281,-2.35456,-0.000938125,1.57529,0.797097,0.00240086,-0.780628,-0.00106334,-2.35456,-0.000937647,1.57529,0.797098
0.3,0.00240086,-0.780627,-0.00106276,-2.35456,-0.000938173,1.57529,0.797097,0.00240086,-0.780628,-0.00106328,-2.35456,-0.000937695,1.57529,0.797098
0.301,0.00240091,-0.780627,-0.00106279,-2.35456,-0.000938165,1.57529,0.797097,0.00240086,-0.780628,-0.00106323,-2.35456,-0.000937742,1.57529,0.797098
0.302,0.00240096,-0.780627,-0.00106282,-2.35456,-0.000938154,1.57529,0.797097,0.00240086,-0.780628,-0.00106319,-2.35456,-0.000937785,1.57529,0.797098
0.303,0.00240102,-0.780627,-0.00106286,-2.35456,-0.000938143,1.57529,0.797097,0.00240087,-0.780628,-0.00106315,-2.35456,-0.000937821,1.57529,0.797098
0.304,0.00240107,-0.780627,-0.00106289,-2.35456,-0.000938131,1.57529,0.797098,0.00240089,-0.780628,-0.00106312,-2.35456,-0.000937854,1.57529,0.797098
0.305,0.00240112,-0.780627,-0.00106293,-2.35456,-0.00093812,1.57529,0.797098,0.0024009,-0.780627,-0.0010631,-2.35456,-0.000937881,1.57529,0.797098
0.306,0.00240118,-0.780627,-0.00106296,-2.35456,-0.000938109,1.57529,0.797098,0.00240093,-0.780627,-0.00106308,-2.35456,-0.000937905,1.57529,0.797098
0.307,0.00240123,-0.780627,-0.00106299,-2.35456,-0.000938098,1.57529,0.797098,0.00240095,-0.780627,-0.00106307,-2.35456,-0.000937926,1.57529,0.797098
0.308,0.00240129,-0.780628,-0.00106303,-2.35456,-0.000938087,1.57529,0.797098,0.00240098,-0.780627,-0.00106306,-2.35456,-0.000937943,1.57529,0.797098
0.309,0.00240134,-0.780628,-0.00106306,-2.35456,-0.000938076,1.57529,0.797098,0.00240101,-0.780627,-0.00106306,-2.35456,-0.000937957,1.57529,0.797098
0.31,0.00240139,-0.780628,-0.0010631,-2.35456,-0.000938065,1.57529,0.797098,0.00240104,-0.780628,-0.00106306,-2.35456,-0.000937969,1.57529,0.797098
0.311,0.00240145,-0.780628,-0.00106313,-2.35456,-0.000938054,1.57529,0.797098,0.00240108,-0.780628,-0.00106306,-2.35456,-0.000937979,1.57529,0.797098
0.312,0.0024015,-0.780628,-0.00106317,-2.35456,-0.000938043,1.57529,0.797098,0.00240111,-0.780628,-0.00106307,-2.35456,-0.000937986,1.57529,0.797098
0.313,0.00240156,-0.780628,-0.0010632,-2.35456,-0.000938032,1.57529,0.797098,0.00240115,-0.780628,-0.00106308,-2.35456,-0.000937992,1.57529,0.797098
0.314,0.00240161,-0.780628,-0.00106323,-2.35456,-0.00093802,1.57529,0.797098,0.00240119,-0.780628,-0.00106309,-2.35456,-0.000937996,1.57529,0.797098
0.315,0.00240167,-0.780628,-0.00106327,-2.35456,-0.000938009,1.57529,0.797098,0.00240124,-0.780628,-0.00106311,-2.35456,-0.000937998,1.57529,0.797098
0.316,0.00240172,-0.780628,-0.0010633,-2.35455,-0.000937998,1.57529,0.797098,0.00240128,-0.780628,-0.00106312,-2.35456,-0.000937999,1.57529,0.797098
0.317,0.00240177,-0.780628,-0.00106334,-2.35455,-0.000937987,1.57529,0.797098,0.00240132,-0.780628,-0.00106314,-2.35456,-0.000937999,1.57529,0.797098
0.318,0.00240183,-0.780628,-0.00106337,-2.35455,-0.000937976,1.57529,0.797098,0.00240137,-0.780628,-0.00106316,-2.35456,-0.000937998,1.57529,0.797098
0.319,0.00240188,-0.780628,-0.00106341,-2.35455,-0.000937965,1.57529,0.797098,0.00240141,-0.780628,-0.00106318,-2.35456,-0.000937996,1.57529,0.797098
0.32,0.00240194,-0.780628,-0.00106344,-2.35455,-0.000937954,1.57529,0.797098,0.00240146,-0.780628,-0.0010632,-2.35456,-0.000937993,1.57529,0.797098
0.321,0.00240199,-0.780628,-0.00106347,-2.35455,-0.000937943,1.57529,0.797099,0.00240151,-0.780628,-0.00106323,-2.35456,-0.000937989,1.57529,0.797098
0.322,0.00240204,-0.780628,-0.00106351,-2.35455,-0.000937932,1.57529,0.797099,0.00240156,-0.780628,-0.00106325,-2.35456,-0.000937984,1.57529,0.797098
0.323,0.0024021,-0.780628,-0.00106354,-2.35455,-0.000937921,1.57529,0.797099,0.0024016,-0.780628,-0.00106328,-2.35456,-0.000937979,1.57529,0.797098
0.324,0.00240215,-0.780628,-0.00106358,-2.35455,-0.000937909,1.57529,0.797099,0.00240165,-0.780628,-0.0010633,-2.35456,-0.000937973,1.57529,0.797098
0.325,0.00240221,-0.780628,-0.00106361,-2.35455,-0.000937898,1.57529,0.797099,0.0024017,-0.780628,-0.00106333,-2.35455,-0.000937967,1.57529,0.797098
0.326,0.00240226,-0.780628,-0.00106365,-2.35455,-0.000937887,1.57529,0.797099,0.00240175,-0.780628,-0.00106336,-2.35455,-0.00093796,1.57529,0.797098
0.327,0.00240231,-0.780628,-0.00106368,-2.35455,-0.000937876,1.57529,0.797099,0.00240181,-0.780628,-0.00106339,-2.35455,-0.000937953,1.57529,0.797098
0.328,0.00240237,-0.780628,-0.00106371,-2.35455,-0.000937865,1.57529,0.797099,0.00240186,-0.780628,-0.00106342,-2.35455,-0.000937945,1.57529,0.797098
0.329,0.00240242,-0.780628,-0.00106375,-2.35455,-0.000937854,1.57529,0.797099,0.00240191,-0.780628,-0.00106345,-2.35455,-0.000937937,1.57529,0.797098
0.33,0.00240248,-0.780628,-0.00106378,-2.35455,-0.000937843,1.57529,0.797099,0.00240196,-0.780628,-0.00106348,-2.35455,-0.000937929,1.57529,0.797099
0.331,0.00240253,-0.780628,-0.00106382,-2.35455,-0.000937832,1.57529,0.797099,0.00240201,-0.780628,-0.00106351,-2.35455,-0.00093792,1.57529,0.797099
0.332,0.00240259,-0.780628,-0.00106385,-2.35455,-0.000937821,1.57529,0.797099,0.00240206,-0.780628,-0.00106354,-2.35455,-0.000937911,1.57529,0.797099
0.333,0.00240264,-0.780628,-0.00106389,-2.35455,-0.00093781,1.57529,0.797099,0.00240212,-0.780628,-0.00106357,-2.35455,-0.000937902,1.57529,0.797099
0.334,0.00240269,-0.780628,-0.00106392,-2.35455,-0.000937798,1.57529,0.797099,0.00240217,-0.780628,-0.0010636,-2.35455,-0.000937893,1.57529,0.797099
0.335,0.00240275,-0.780628,-0.00106395,-2.35455,-0.000937787,1.57529,0.797099,0.00240222,-0.780628,-0.00106363,-2.35455,-0.000937884,1.57529,0.797099
0.336,0.0024028,-0.780628,-0.00106399,-2.35455,-0.000937776,1.57529,0.797099,0.00240227,-0.780628,-0.00106367,-2.35455,-0.000937874,1.57529,0.797099
0.337,0.00240286,-0.780628,-0.00106402,-2.35455,-0.000937765,1.57529,0.7971,0.00240233,-0.780628,-0.0010637,-2.35455,-0.000937864,1.57529,0.797099
0.338,0.00240291,-0.780628,-0.00106406,-2.35455,-0.000937754,1.57529,0.7971,0.00240238,-0.780628,-0.00106373,-2.35455,-0.000937854,1.57529,0.797099
0.339,0.00240296,-0.780628,-0.00106409,-2.35455,-0.000937743,1.57529,0.7971,0.00240243,-0.780628,-0.00106376,-2.35455,-0.000937844,1.57529,0.797099
0.34,0.00240302,-0.780628,-0.00106413,-2.35455,-0.000937732,1.57529,0.7971,0.00240249,-0.780628,-0.0010638,-2.35455,-0.000937834,1.57529,0.797099
0.341,0.00240307,-0.780628,-0.00106416,-2.35455,-0.000937721,1.57529,0.7971,0.00240254,-0.780628,-0.00106383,-2.35455,-0.000937824,1.57529,0.797099
0.342,0.00240313,-0.780628,-0.00106419,-2.35455,-0.00093771,1.57529,0.7971,0.00240259,-0.780628,-0.00106386,-2.35455,-0.000937814,1.57529,0.797099
0.343,0.00240318,-0.780628,-0.00106423,-2.35455,-0.000937699,1.57529,0.7971,0.00240265,-0.780628,-0.0010639,-2.35455,-0.000937803,1.57529,0.797099
0.344,0.00240324,-0.780628,-0.00106426,-2.35455,-0.000937687,1.57529,0.7971,0.0024027,-0.780628,-0.00106393,-2.35455,-0.000937793,1.57529,0.797099
0.345,0.00240329,-0.780628,-0.0010643,-2.35455,-0.000937676,1.57529,0.7971,0.00240275,-0.780628,-0.00106396,-2.35455,-0.000937782,1.57529,0.797099
0.346,0.00240334,-0.780628,-0.00106433,-2.35455,-0.000937665,1.57529,0.7971,0.00240281,-0.780628,-0.001064,-2.35455,-0.000937772,1.57529,0.797099
0.347,0.0024034,-0.780628,-0.00106437,-2.35455,-0.000937654,1.57529,0.7971,0.00240286,-0.780628,-0.00106403,-2.35455,-0.000937761,1.57529,0.7971
0.348,0.00240345,-0.780628,-0.0010644,-2.35455,-0.000937643,1.57529,0.7971,0.00240291,-0.780628,-0.00106406,-2.35455,-0.00093775,1.57529,0.7971
0.349,0.00240351,-0.780628,-0.00106443,-2.35455,-0.000937632,1.57529,0.7971,0.00240297,-0.780628,-0.0010641,-2.35455,-0.00093774,1.57529,0.7971
0.35,0.00240356,-0.780628,-0.00106447,-2.35455,-0.000937621,1.57529,0.7971,0.00240302,-0.780628,-0.00106413,-2.35455,-0.000937729,1.57529,0.7971
0.351,0.00240361,-0.780628,-0.0010645,-2.35455,-0.00093761,1.57529,0.7971,0.00240308,-0.780628,-0.00106416,-2.35455,-0.000937718,1.57529,0.7971
0.352,0.00240367,-0.780628,-0.00106454,-2.35455,-0.000937599,1.57529,0.7971,0.00240313,-0.780628,-0.0010642,-2.35455,-0.000937707,1.57529,0.7971
0.353,0.00240372,-0.780628,-0.00106457,-2.35455,-0.000937588,1.57529,0.797101,0.00240318,-0.780628,-0.00106423,-2.35455,-0.000937696,1.57529,0.7971
0.354,0.00240378,-0.780628,-0.00106461,-2.35455,-0.000937577,1.57529,0.797101,0.00240324,-0.780628,-0.00106427,-2.35455,-0.000937685,1.57529,0.7971
0.355,0.00240383,-0.780628,-0.00106464,-2.35455,-0.000937565,1.57529,0.797101,0.00240329,-0.780628,-0.0010643,-2.35455,-0.000937675,1.57529,0.7971
0.356,0.00240389,-0.780628,-0.00106467,-2.35455,-0.000937554,1.57529,0.797101,0.00240335,-0.780628,-0.00106433,-2.35455,-0.000937664,1.57529,0.7971
0.357,0.00240394,-0.780628,-0.00106471,-2.35455,-0.000937543,1.57529,0.797101,0.0024034,-0.780628,-0.00106437,-2.35455,-0.000937653,1.57529,0.7971
0.358,0.00240399,-0.780628,-0.00106474,-2.35455,-0.000937532,1.57529,0.797101,0.00240345,-0.780628,-0.0010644,-2.35455,-0.000937642,1.57529,0.7971
0.359,0.00240405,-0.780628,-0.00106478,-2.35455,-0.000937521,1.57529,0.797101,0.00240351,-0.780628,-0.00106444,-2.35455,-0.000937631,1.57529,0.7971
0.36,0.0024041,-0.780628,-0.00106481,-2.35455,-0.00093751,1.5753,0.797101,0.00240356,-0.780628,-0.00106447,-2.35455,-0.00093762,1.57529,0.7971
0.361,0.00240416,-0.780628,-0.00106485,-2.35455,-0.000937499,1.5753,0.797101,0.00240362,-0.780628,-0.0010645,-2.35455,-0.000937609,1.57529,0.7971
0.362,0.00240421,-0.780628,-0.00106488,-2.35455,-0.000937488,1.5753,0.797101,0.00240367,-0.780628,-0.00106454,-2.35455,-0.000937598,1.57529,0.7971
0.363,0.00240426,-0.780629,-0.00106491,-2.35455,-0.000937477,1.5753,0.797101,0.00240372,-0.780628,-0.00106457,-2.35455,-0.000937587,1.57529,0.797101
0.364,0.00240432,-0.780629,-0.00106495,-2.35455,-0.000937466,1.5753,0.797101,0.00240378,-0.780628,-0.00106461,-2.35455,-0.000937576,1.57529,0.797101
0.365,0.00240437,-0.780629,-0.00106498,-2.35455,-0.000937454,1.5753,0.797101,0.00240383,-0.780628,-0.00106464,-2.35455,-0.000937565,1.57529,0.797101
0.366,0.00240443,-0.780629,-0.00106502,-2.35455,-0.000937443,1.5753,0.797101,0.00240389,-0.780628,-0.00106467,-2.35455,-0.000937554,1.57529,0.797101
0.367,0.00240448,-0.780629,-0.00106505,-2.35455,-0.000937432,1.5753,0.797101,0.00240394,-0.780628,-0.00106471,-2.35455,-0.000937543,1.57529,0.797101
0.368,0.00240454,-0.780629,-0.00106509,-2.35455,-0.000937421,1.5753,0.797101,0.00240399,-0.780628,-0.00106474,-2.35455,-0.000937532,1.57529,0.797101
0.369,0.00240459,-0.780629,-0.00106512,-2.35455,-0.00093741,1.5753,0.797102,0.00240405,-0.780628,-0.00106478,-2.35455,-0.000937521,1.57529,0.797101
0.37,0.00240464,-0.780629,-0.00106515,-2.35455,-0.000937399,1.5753,0.797102,0.0024041,-0.780628,-0.00106481,-2.35455,-0.00093751,1.5753,0.797101
0.371,0.0024047,-0.780629,-0.00106519,-2.35455,-0.000937388,1.5753,0.797102,0.00240416,-0.780628,-0.00106485,-2.35455,-0.000937498,1.5753,0.797101
0.372,0.00240475,-0.780629,-0.00106522,-2.35455,-0.000937377,1.5753,0.797102,0.00240421,-0.780628,-0.00106488,-2.35455,-0.000937487,1.5753,0.797101
0.372,0.00240475,-0.780629,-0.00106522,-2.35455,-0.000937377,1.5753,0.797102,0.00240426,-0.780629,-0.00106491,-2.35455,-0.000937476,1.5753,0.797101
0.374,0.00240486,-0.780629,-0.00106529,-2.35455,-0.000937355,1.5753,0.797102,0.00240431,-0.780629,-0.00106495,-2.35455,-0.000937466,1.5753,0.797101
0.375,0.00240491,-0.780629,-0.00106533,-2.35455,-0.000937343,1.5753,0.797102,0.00240437,-0.780629,-0.00106498,-2.35455,-0.000937455,1.5753,0.797101
0.376,0.00240497,-0.780629,-0.00106536,-2.35455,-0.000937332,1.5753,0.797102,0.00240442,-0.780629,-0.00106501,-2.35455,-0.000937444,1.5753,0.797101
0.377,0.00240502,-0.780629,-0.00106539,-2.35455,-0.000937321,1.5753,0.797102,0.00240448,-0.780629,-0.00106505,-2.35455,-0.000937433,1.5753,0.797101
0.378,0.00240508,-0.780629,-0.00106543,-2.35455,-0.00093731,1.5753,0.797102,0.00240453,-0.780629,-0.00106508,-2.35455,-0.000937422,1.5753,0.797101
0.379,0.00240513,-0.780629,-0.00106546,-2.35455,-0.000937299,1.5753,0.797102,0.00240459,-0.780629,-0.00106512,-2.35455,-0.000937411,1.5753,0.797102
0.38,0.00240519,-0.780629,-0.0010655,-2.35455,-0.000937288,1.5753,0.797102,0.00240464,-0.780629,-0.00106515,-2.35455,-0.000937399,1.5753,0.797102
0.381,0.00240524,-0.780629,-0.00106553,-2.35455,-0.000937277,1.5753,0.797102,0.0024047,-0.780629,-0.00106519,-2.35455,-0.000937388,1.5753,0.797102
0.382,0.00240529,-0.780629,-0.00106557,-2.35455,-0.000937266,1.5753,0.797102,0.00240475,-0.780629,-0.00106522,-2.35455,-0.000937377,1.5753,0.797102
0.383,0.00240535,-0.780629,-0.0010656,-2.35455,-0.000937255,1.5753,0.797102,0.0024048,-0.780629,-0.00106526,-2.35455,-0.000937366,1.5753,0.797102
0.384,0.0024054,-0.780629,-0.00106563,-2.35455,-0.000937244,1.5753,0.797102,0.00240486,-0.780629,-0.00106529,-2.35455,-0.000937355,1.5753,0.797102
0.385,0.00240546,-0.780629,-0.00106567,-2.35455,-0.000937232,1.5753,0.797102,0.00240491,-0.780629,-0.00106532,-2.35455,-0.000937344,1.5753,0.797102
0.386,0.00240551,-0.780629,-0.0010657,-2.35455,-0.000937221,1.5753,0.797103,0.00240497,-0.780629,-0.00106536,-2.35455,-0.000937333,1.5753,0.797102
0.387,0.00240556,-0.780629,-0.00106574,-2.35455,-0.00093721,1.5753,0.797103,0.00240502,-0.780629,-0.00106539,-2.35455,-0.000937321,1.5753,0.797102
0.388,0.00240562,-0.780629,-0.00106577,-2.35455,-0.000937199,1.5753,0.797103,0.00240508,-0.780629,-0.00106543,-2.35455,-0.00093731,1.5753,0.797102
0.389,0.00240567,-0.780629,-0.0010658,-2.35455,-0.000937188,1.5753,0.797103,0.00240513,-0.780629,-0.00106546,-2.35455,-0.000937299,1.5753,0.797102
0.39,0.00240573,-0.780629,-0.00106584,-2.35455,-0.000937177,1.5753,0.797103,0.00240518,-0.780629,-0.0010655,-2.35455,-0.000937288,1.5753,0.797102
0.391,0.00240578,-0.780629,-0.00106587,-2.35455,-0.000937166,1.5753,0.797103,0.00240524,-0.780629,-0.00106553,-2.35455,-0.000937277,1.5753,0.797102
0.392,0.00240584,-0.780629,-0.00106591,-2.35455,-0.000937155,1.5753,0.797103,0.00240529,-0.780629,-0.00106556,-2.35455,-0.000937266,1.5753,0.797102
0.393,0.00240589,-0.780629,-0.00106594,-2.35455,-0.000937144,1.5753,0.797103,0.00240535,-0.780629,-0.0010656,-2.35455,-0.000937255,1.5753,0.797102
0.394,0.00240594,-0.780629,-0.00106598,-2.35455,-0.000937133,1.5753,0.797103,0.0024054,-0.780629,-0.00106563,-2.35455,-0.000937244,1.5753,0.797102
0.395,0.002406,-0.780629,-0.00106601,-2.35455,-0.000937121,1.5753,0.797103,0.00240546,-0.780629,-0.00106567,-2.35455,-0.000937233,1.5753,0.797102
0.396,0.00240605,-0.780629,-0.00106604,-2.35455,-0.00093711,1.5753,0.797103,0.00240551,-0.780629,-0.0010657,-2.35455,-0.000937221,1.5753,0.797103
0.397,0.00240611,-0.780629,-0.00106608,-2.35455,-0.000937099,1.5753,0.797103,0.00240556,-0.780629,-0.00106574,-2.35455,-0.00093721,1.5753,0.797103
0.398,0.00240616,-0.780629,-0.00106611,-2.35455,-0.000937088,1.5753,0.797103,0.00240562,-0.780629,-0.00106577,-2.35455,-0.000937199,1.5753,0.797103
0.399,0.00240621,-0.780629,-0.00106615,-2.35455,-0.000937077,1.5753,0.797103,0.00240567,-0.780629,-0.0010658,-2.35455,-0.000937188,1.5753,0.797103
0.4,0.00240627,-0.780629,-0.00106618,-2.35455,-0.000937066,1.5753,0.797103,0.00240573,-0.780629,-0.00106584,-2.35455,-0.000937177,1.5753,0.797103
0.401,0.00240623,-0.780629,-0.00106621,-2.35455,-0.000937061,1.5753,0.797103,0.00240578,-0.780629,-0.00106587,-2.35455,-0.000937166,1.5753,0.797103
0.402,0.00240618,-0.780629,-0.00106623,-2.35455,-0.000937057,1.5753,0.797103,0.00240583,-0.780629,-0.00106591,-2.35455,-0.000937155,1.5753,0.797103
0.403,0.00240613,-0.780629,-0.00106626,-2.35455,-0.000937052,1.5753,0.797103,0.00240586,-0.780629,-0.00106594,-2.35455,-0.000937146,1.5753,0.797103
0.404,0.00240607,-0.780629,-0.00106628,-2.35455,-0.000937048,1.5753,0.797103,0.00240589,-0.780629,-0.00106597,-2.35455,-0.000937136,1.5753,0.797103
0.405,0.00240602,-0.780629,-0.00106631,-2.35455,-0.000937044,1.5753,0.797103,0.00240591,-0.780629,-0.001066,-2.35455,-0.000937127,1.5753,0.797103
0.406,0.00240596,-0.780629,-0.00106633,-2.35455,-0.00093704,1.5753,0.797103,0.00240592,-0.780629,-0.00106603,-2.35455,-0.000937119,1.5753,0.797103
0.407,0.00240591,-0.780629,-0.00106636,-2.35455,-0.000937036,1.5753,0.797103,0.00240592,-0.780629,-0.00106606,-2.35455,-0.000937111,1.5753,0.797103
0.408,0.00240585,-0.780629,-0.00106638,-2.35455,-0.000937032,1.5753,0.797103,0.00240592,-0.780629,-0.00106609,-2.35455,-0.000937104,1.5753,0.797103
0.409,0.0024058,-0.780629,-0.00106641,-2.35455,-0.000937028,1.5753,0.797103,0.00240591,-0.780629,-0.00106612,-2.35455,-0.000937097,1.5753,0.797103
0.41,0.00240575,-0.780629,-0.00106643,-2.35455,-0.000937024,1.5753,0.797103,0.0024059,-0.780629,-0.00106615,-2.35455,-0.00093709,1.5753,0.797103
0.411,0.00240569,-0.780629,-0.00106645,-2.35455,-0.00093702,1.5753,0.797103,0.00240589,-0.780629,-0.00106618,-2.35455,-0.000937083,1.5753,0.797103
0.412,0.00240564,-0.780629,-0.00106648,-2.35455,-0.000937016,1.5753,0.797103,0.00240587,-0.780629,-0.00106621,-2.35455,-0.000937077,1.5753,0.797103
0.413,0.00240558,-0.780629,-0.0010665,-2.35455,-0.000937011,1.5753,0.797103,0.00240584,-0.780629,-0.00106623,-2.35455,-0.000937071,1.5753,0.797103
0.414,0.00240553,-0.780629,-0.00106653,-2.35455,-0.000937007,1.5753,0.797103,0.00240582,-0.780629,-0.00106626,-2.35455,-0.000937065,1.5753,0.797103
0.415,0.00240547,-0.780629,-0.00106655,-2.35455,-0.000937003,1.5753,0.797103,0.00240579,-0.780629,-0.00106629,-2.35455,-0.000937059,1.5753,0.797103
0.416,0.00240542,-0.780629,-0.00106658,-2.35455,-0.000936999,1.5753,0.797103,0.00240576,-0.780629,-0.00106631,-2.35455,-0.000937053,1.5753,0.797103
0.417,0.00240536,-0.78063,-0.0010666,-2.35455,-0.000936995,1.5753,0.797103,0.00240572,-0.780629,-0.00106634,-2.35455,-0.000937048,1.5753,0.797103
0.418,0.00240531,-0.78063,-0.00106663,-2.35455,-0.000936991,1.5753,0.797102,0.00240569,-0.780629,-0.00106637,-2.35455,-0.000937043,1.5753,0.797103
0.419,0.00240526,-0.78063,-0.00106665,-2.35455,-0.000936987,1.5753,0.797102,0.00240565,-0.780629,-0.00106639,-2.35455,-0.000937037,1.5753,0.797103
0.42,0.0024052,-0.78063,-0.00106668,-2.35455,-0.000936983,1.5753,0.797102,0.00240561,-0.780629,-0.00106642,-2.35455,-0.000937032,1.5753,0.797103
0.421,0.00240515,-0.78063,-0.0010667,-2.35455,-0.000936979,1.5753,0.797102,0.00240557,-0.780629,-0.00106644,-2.35455,-0.000937027,1.5753,0.797103
0.422,0.00240509,-0.78063,-0.00106673,-2.35455,-0.000936975,1.5753,0.797102,0.00240553,-0.780629,-0.00106647,-2.35455,-0.000937023,1.5753,0.797103
0.423,0.00240504,-0.78063,-0.00106675,-2.35455,-0.00093697,1.5753,0.797102,0.00240548,-0.780629,-0.0010665,-2.35455,-0.000937018,1.5753,0.797103
0.424,0.00240498,-0.78063,-0.00106677,-2.35455,-0.000936966,1.5753,0.797102,0.00240544,-0.780629,-0.00106652,-2.35455,-0.000937013,1.5753,0.797103
0.425,0.00240493,-0.78063,-0.0010668,-2.35455,-0.000936962,1.5753,0.797102,0.00240539,-0.780629,-0.00106655,-2.35455,-0.000937008,1.5753,0.797103
0.426,0.00240488,-0.78063,-0.00106682,-2.35455,-0.000936958,1.5753,0.797102,0.00240535,-0.780629,-0.00106657,-2.35455,-0.000937004,1.5753,0.797102
0.427,0.00240482,-0.78063,-0.00106685,-2.35455,-0.000936954,1.5753,0.797102,0.0024053,-0.78063,-0.0010666,-2.35455,-0.000936999,1.5753,0.797102
0.428,0.00240477,-0.78063,-0.00106687,-2.35455,-0.00093695,1.5753,0.797102,0.00240525,-0.78063,-0.00106662,-2.35455,-0.000936995,1.5753,0.797102
0.429,0.00240471,-0.78063,-0.0010669,-2.35455,-0.000936946,1.5753,0.797102,0.0024052,-0.78063,-0.00106665,-2.35455,-0.00093699,1.5753,0.797102
0.43,0.00240466,-0.78063,-0.00106692,-2.35455,-0.000936942,1.5753,0.797102,0.00240515,-0.78063,-0.00106667,-2.35455,-0.000936986,1.5753,0.797102
0.431,0.0024046,-0.78063,-0.00106695,-2.35455,-0.000936938,1.5753,0.797102,0.00240511,-0.78063,-0.0010667,-2.35455,-0.000936981,1.5753,0.797102
0.432,0.00240455,-0.78063,-0.00106697,-2.35455,-0.000936934,1.5753,0.797102,0.00240506,-0.78063,-0.00106672,-2.35455,-0.000936977,1.5753,0.797102
0.433,0.0024045,-0.78063,-0.001067,-2.35455,-0.000936929,1.5753,0.797102,0.002405,-0.78063,-0.00106675,-2.35455,-0.000936973,1.5753,0.797102
0.434,0.00240444,-0.78063,-0.00106702,-2.35455,-0.000936925,1.5753,0.797102,0.00240495,-0.78063,-0.00106677,-2.35455,-0.000936968,1.5753,0.797102
0.435,0.00240439,-0.78063,-0.00106705,-2.35455,-0.000936921,1.5753,0.797102,0.0024049,-0.78063,-0.0010668,-2.35455,-0.000936964,1.5753,0.797102
0.436,0.00240433,-0.78063,-0.00106707,-2.35455,-0.000936917,1.5753,0.797101,0.00240485,-0.78063,-0.00106682,-2.35455,-0.00093696,1.5753,0.797102
0.437,0.00240428,-0.78063,-0.0010671,-2.35455,-0.000936913,1.5753,0.797101,0.0024048,-0.78063,-0.00106685,-2.35455,-0.000936956,1.5753,0.797102
0.438,0.00240422,-0.78063,-0.00106712,-2.35455,-0.000936909,1.5753,0.797101,0.00240475,-0.78063,-0.00106687,-2.35455,-0.000936951,1.5753,0.797102
0.439,0.00240417,-0.78063,-0.00106714,-2.35455,-0.000936905,1.5753,0.797101,0.00240469,-0.78063,-0.0010669,-2.35455,-0.000936947,1.5753,0.797102
0.44,0.00240411,-0.78063,-0.00106717,-2.35455,-0.000936901,1.5753,0.797101,0.00240464,-0.78063,-0.00106692,-2.35455,-0.000936943,1.5753,0.797102
0.441,0.00240406,-0.78063,-0.00106719,-2.35455,-0.000936897,1.5753,0.797101,0.00240459,-0.78063,-0.00106695,-2.35455,-0.000936939,1.5753,0.797102
0.442,0.00240401,-0.78063,-0.00106722,-2.35455,-0.000936893,1.5753,0.797101,0.00240454,-0.78063,-0.00106697,-2.35455,-0.000936934,1.5753,0.797102
0.443,0.00240395,-0.78063,-0.00106724,-2.35455,-0.000936889,1.5753,0.797101,0.00240448,-0.78063,-0.001067,-2.35455,-0.00093693,1.5753,0.797102
0.444,0.0024039,-0.78063,-0.00106727,-2.35455,-0.000936884,1.5753,0.797101,0.00240443,-0.78063,-0.00106702,-2.35455,-0.000936926,1.5753,0.797102
0.445,0.00240384,-0.78063,-0.00106729,-2.35455,-0.00093688,1.5753,0.797101,0.00240438,-0.78063,-0.00106704,-2.35455,-0.000936922,1.5753,0.797102
0.446,0.00240379,-0.78063,-0.00106732,-2.35455,-0.000936876,1.5753,0.797101,0.00240432,-0.78063,-0.00106707,-2.35455,-0.000936918,1.5753,0.797101
0.447,0.00240373,-0.78063,-0.00106734,-2.35455,-0.000936872,1.5753,0.797101,0.00240427,-0.78063,-0.00106709,-2.35455,-0.000936914,1.5753,0.797101
0.448,0.00240368,-0.78063,-0.00106737,-2.35455,-0.000936868,1.5753,0.797101,0.00240422,-0.78063,-0.00106712,-2.35455,-0.000936909,1.5753,0.797101
0.449,0.00240363,-0.78063,-0.00106739,-2.35455,-0.000936864,1.5753,0.797101,0.00240416,-0.78063,-0.00106714,-2.35455,-0.000936905,1.5753,0.797101
0.45,0.00240357,-0.78063,-0.00106742,-2.35455,-0.00093686,1.5753,0.797101,0.00240411,-0.78063,-0.00106717,-2.35455,-0.000936901,1.5753,0.797101
0.451,0.00240352,-0.78063,-0.00106744,-2.35455,-0.000936856,1.5753,0.797101,0.00240406,-0.78063,-0.00106719,-2.35455,-0.000936897,1.5753,0.797101
0.452,0.00240346,-0.78063,-0.00106746,-2.35455,-0.000936852,1.5753,0.797101,0.002404,-0.78063,-0.00106722,-2.35455,-0.000936893,1.5753,0.797101
0.453,0.00240341,-0.78063,-0.00106749,-2.35455,-0.000936848,1.5753,0.797101,0.00240395,-0.78063,-0.00106724,-2.35455,-0.000936889,1.5753,0.797101
0.454,0.00240335,-0.78063,-0.00106751,-2.35455,-0.000936843,1.5753,0.797101,0.00240389,-0.78063,-0.00106727,-2.35455,-0.000936885,1.5753,0.797101
0.455,0.0024033,-0.78063,-0.00106754,-2.35455,-0.000936839,1.5753,0.7971,0.00240384,-0.78063,-0.00106729,-2.35455,-0.000936881,1.5753,0.797101
0.456,0.00240325,-0.78063,-0.00106756,-2.35455,-0.000936835,1.5753,0.7971,0.00240379,-0.78063,-0.00106732,-2.35455,-0.000936876,1.5753,0.797101
0.457,0.00240319,-0.78063,-0.00106759,-2.35455,-0.000936831,1.5753,0.7971,0.00240373,-0.78063,-0.00106734,-2.35455,-0.000936872,1.5753,0.797101
0.458,0.00240314,-0.78063,-0.00106761,-2.35455,-0.000936827,1.5753,0.7971,0.00240368,-0.78063,-0.00106737,-2.35455,-0.000936868,1.5753,0.797101
0.459,0.00240308,-0.78063,-0.00106764,-2.35455,-0.000936823,1.5753,0.7971,0.00240362,-0.78063,-0.00106739,-2.35455,-0.000936864,1.5753,0.797101
0.46,0.00240303,-0.78063,-0.00106766,-2.35455,-0.000936819,1.5753,0.7971,0.00240357,-0.78063,-0.00106742,-2.35455,-0.00093686,1.5753,0.797101
0.461,0.00240297,-0.78063,-0.00106769,-2.35455,-0.000936815,1.5753,0.7971,0.00240352,-0.78063,-0.00106744,-2.35455,-0.000936856,1.5753,0.797101
0.462,0.00240292,-0.78063,-0.00106771,-2.35455,-0.000936811,1.5753,0.7971,0.00240346,-0.78063,-0.00106746,-2.35455,-0.000936852,1.5753,0.797101
0.463,0.00240286,-0.78063,-0.00106774,-2.35455,-0.000936807,1.5753,0.7971,0.00240341,-0.78063,-0.00106749,-2.35455,-0.000936848,1.5753,0.797101
0.464,0.00240281,-0.78063,-0.00106776,-2.35455,-0.000936802,1.5753,0.7971,0.00240335,-0.78063,-0.00106751,-2.35455,-0.000936844,1.5753,0.797101
0.465,0.00240276,-0.78063,-0.00106778,-2.35455,-0.000936798,1.5753,0.7971,0.0024033,-0.78063,-0.00106754,-2.35455,-0.000936839,1.5753,0.7971
0.466,0.0024027,-0.78063,-0.00106781,-2.35455,-0.000936794,1.5753,0.7971,0.00240324,-0.78063,-0.00106756,-2.35455,-0.000936835,1.5753,0.7971
0.467,0.00240265,-0.780631,-0.00106783,-2.35455,-0.00093679,1.5753,0.7971,0.00240319,-0.78063,-0.00106759,-2.35455,-0.000936831,1.5753,0.7971
0.468,0.00240259,-0.780631,-0.00106786,-2.35455,-0.000936786,1.5753,0.7971,0.00240314,-0.78063,-0.00106761,-2.35455,-0.000936827,1.5753,0.7971
0.469,0.00240254,-0.780631,-0.00106788,-2.35455,-0.000936782,1.5753,0.7971,0.00240308,-0.78063,-0.00106764,-2.35455,-0.000936823,1.5753,0.7971
0.47,0.00240248,-0.780631,-0.00106791,-2.35455,-0.000936778,1.5753,0.7971,0.00240303,-0.78063,-0.00106766,-2.35455,-0.000936819,1.5753,0.7971
0.471,0.00240243,-0.780631,-0.00106793,-2.35455,-0.000936774,1.5753,0.7971,0.00240297,-0.78063,-0.00106769,-2.35455,-0.000936815,1.5753,0.7971
0.472,0.00240238,-0.780631,-0.00106796,-2.35455,-0.00093677,1.5753,0.7971,0.00240292,-0.78063,-0.00106771,-2.35455,-0.000936811,1.5753,0.7971
0.473,0.00240232,-0.780631,-0.00106798,-2.35455,-0.000936766,1.5753,0.797099,0.00240286,-0.78063,-0.00106774,-2.35455,-0.000936807,1.5753,0.7971
0.474,0.00240227,-0.780631,-0.00106801,-2.35455,-0.000936761,1.5753,0.797099,0.00240281,-0.78063,-0.00106776,-2.35455,-0.000936802,1.5753,0.7971
0.475,0.00240221,-0.780631,-0.00106803,-2.35455,-0.000936757,1.5753,0.797099,0.00240276,-0.78063,-0.00106778,-2.35455,-0.000936798,1.5753,0.7971
0.476,0.00240216,-0.780631,-0.00106806,-2.35455,-0.000936753,1.5753,0.797099,0.0024027,-0.78063,-0.00106781,-2.35455,-0.000936794,1.5753,0.7971
0.477,0.0024021,-0.780631,-0.00106808,-2.35455,-0.000936749,1.5753,0.797099,0.00240265,-0.780631,-0.00106783,-2.35455,-0.00093679,1.5753,0.7971
0.478,0.00240205,-0.780631,-0.0010681,-2.35455,-0.000936745,1.5753,0.797099,0.00240259,-0.780631,-0.00106786,-2.35455,-0.000936786,1.5753,0.7971
0.479,0.002402,-0.780631,-0.00106813,-2.35455,-0.000936741,1.5753,0.797099,0.00240254,-0.780631,-0.00106788,-2.35455,-0.000936782,1.5753,0.7971
0.48,0.00240194,-0.780631,-0.00106815,-2.35456,-0.000936737,1.5753,0.797099,0.00240248,-0.780631,-0.00106791,-2.35455,-0.000936778,1.5753,0.7971
0.481,0.00240189,-0.780631,-0.00106818,-2.35456,-0.000936733,1.5753,0.797099,0.00240243,-0.780631,-0.00106793,-2.35455,-0.000936774,1.5753,0.7971
0.482,0.00240183,-0.780631,-0.0010682,-2.35456,-0.000936729,1.5753,0.797099,0.00240238,-0.780631,-0.00106796,-2.35455,-0.00093677,1.5753,0.7971
0.483,0.00240178,-0.780631,-0.00106823,-2.35456,-0.000936725,1.5753,0.797099,0.00240232,-0.780631,-0.00106798,-2.35455,-0.000936766,1.5753,0.797099
0.484,0.00240172,-0.780631,-0.00106825,-2.35456,-0.000936721,1.5753,0.797099,0.00240227,-0.780631,-0.00106801,-2.35455,-0.000936761,1.5753,0.797099
0.485,0.00240167,-0.780631,-0.00106828,-2.35456,-0.000936716,1.5753,0.797099,0.00240221,-0.780631,-0.00106803,-2.35455,-0.000936757,1.5753,0.797099
0.486,0.00240161,-0.780631,-0.0010683,-2.35456,-0.000936712,1.5753,0.797099,0.00240216,-0.780631,-0.00106806,-2.35455,-0.000936753,1.5753,0.797099
0.487,0.00240156,-0.780631,-0.00106833,-2.35456,-0.000936708,1.5753,0.797099,0.0024021,-0.780631,-0.00106808,-2.35455,-0.000936749,1.5753,0.797099
0.488,0.00240151,-0.780631,-0.00106835,-2.35456,-0.000936704,1.5753,0.797099,0.00240205,-0.780631,-0.0010681,-2.35455,-0.000936745,1.5753,0.797099
0.489,0.00240145,-0.780631,-0.00106838,-2.35456,-0.0009367,1.5753,0.797099,0.002402,-0.780631,-0.00106813,-2.35455,-0.000936741,1.5753,0.797099
0.49,0.0024014,-0.780631,-0.0010684,-2.35456,-0.000936696,1.5753,0.797099,0.00240194,-0.780631,-0.00106815,-2.35456,-0.000936737,1.5753,0.797099
0.491,0.00240134,-0.780631,-0.00106843,-2.35456,-0.000936692,1.5753,0.797099,0.00240189,-0.780631,-0.00106818,-2.35456,-0.000936733,1.5753,0.797099
0.492,0.00240129,-0.780631,-0.00106845,-2.35456,-0.000936688,1.5753,0.797098,0.00240183,-0.780631,-0.0010682,-2.35456,-0.000936729,1.5753,0.797099
0.493,0.00240123,-0.780631,-0.00106847,-2.35456,-0.000936684,1.5753,0.797098,0.00240178,-0.780631,-0.00106823,-2.35456,-0.000936725,1.5753,0.797099
0.494,0.00240118,-0.780631,-0.0010685,-2.35456,-0.00093668,1.5753,0.797098,0.00240172,-0.780631,-0.00106825,-2.35456,-0.000936721,1.5753,0.797099
0.495,0.00240113,-0.780631,-0.00106852,-2.35456,-0.000936675,1.5753,0.797098,0.00240167,-0.780631,-0.00106828,-2.35456,-0.000936716,1.5753,0.797099
0.496,0.00240107,-0.780631,-0.00106855,-2.35456,-0.000936671,1.5753,0.797098,0.00240161,-0.780631,-0.0010683,-2.35456,-0.000936712,1.5753,0.797099
0.497,0.00240102,-0.780631,-0.00106857,-2.35456,-0.000936667,1.5753,0.797098,0.00240156,-0.780631,-0.00106833,-2.35456,-0.000936708,1.5753,0.797099
0.498,0.00240096,-0.780631,-0.0010686,-2.35456,-0.000936663,1.5753,0.797098,0.00240151,-0.780631,-0.00106835,-2.35456,-0.000936704,1.5753,0.797099
0.499,0.00240091,-0.780631,-0.00106862,-2.35456,-0.000936659,1.5753,0.797098,0.00240145,-0.780631,-0.00106838,-2.35456,-0.0009367,1.5753,0.797099
0.5,0.00240086,-0.780631,-0.00106865,-2.35456,-0.000936655,1.5753,0.797098,0.0024014,-0.780631,-0.0010684,-2.35456,-0.000936696,1.5753,0.797099
0.501,0.00240086,-0.780631,-0.00106864,-2.35456,-0.000936656,1.5753,0.797098,0.00240134,-0.780631,-0.00106842,-2.35456,-0.000936692,1.5753,0.797099
0.502,0.00240086,-0.780631,-0.00106863,-2.35456,-0.000936657,1.5753,0.797098,0.00240129,-0.780631,-0.00106845,-2.35456,-0.000936688,1.5753,0.797098
0.503,0.00240086,-0.780631,-0.00106862,-2.35456,-0.000936657,1.5753,0.797098,0.00240125,-0.780631,-0.00106846,-2.35456,-0.000936685,1.5753,0.797098
0.504,0.00240086,-0.780631,-0.00106862,-2.35456,-0.000936658,1.5753,0.797098,0.00240121,-0.780631,-0.00106848,-2.35456,-0.000936682,1.5753,0.797098
0.505,0.00240086,-0.780631,-0.00106861,-2.35456,-0.000936659,1.5753,0.797098,0.00240118,-0.780631,-0.00106849,-2.35456,-0.00093668,1.5753,0.797098
0.506,0.00240086,-0.780631,-0.0010686,-2.35456,-0.000936659,1.5753,0.797098,0.00240114,-0.780631,-0.00106851,-2.35456,-0.000936678,1.5753,0.797098
0.507,0.00240086,-0.780631,-0.0010686,-2.35456,-0.00093666,1.5753,0.797098,0.00240112,-0.780631,-0.00106852,-2.35456,-0.000936676,1.5753,0.797098
0.508,0.00240086,-0.780631,-0.00106859,-2.35456,-0.000936661,1.5753,0.797098,0.00240109,-0.780631,-0.00106852,-2.35456,-0.000936674,1.5753,0.797098
0.509,0.00240086,-0.780631,-0.00106858,-2.35456,-0.000936661,1.5753,0.797098,0.00240107,-0.780631,-0.00106853,-2.35456,-0.000936673,1.5753,0.797098
0.51,0.00240086,-0.780631,-0.00106858,-2.35456,-0.000936662,1.5753,0.797098,0.00240105,-0.780631,-0.00106854,-2.35456,-0.000936672,1.5753,0.797098
0.511,0.00240086,-0.780631,-0.00106857,-2.35456,-0.000936663,1.5753,0.797098,0.00240103,-0.780631,-0.00106854,-2.35456,-0.000936671,1.5753,0.797098
0.512,0.00240086,-0.780631,-0.00106856,-2.35456,-0.000936664,1.5753,0.797098,0.00240101,-0.780631,-0.00106854,-2.35456,-0.00093667,1.5753,0.797098
0.513,0.00240086,-0.780631,-0.00106855,-2.35456,-0.000936664,1.5753,0.797098,0.002401,-0.780631,-0.00106854,-2.35456,-0.000936669,1.5753,0.797098
0.514,0.00240086,-0.780631,-0.00106855,-2.35456,-0.000936665,1.5753,0.797098,0.00240098,-0.780631,-0.00106855,-2.35456,-0.000936669,1.5753,0.797098
0.515,0.00240086,-0.780631,-0.00106854,-2.35456,-0.000936666,1.5753,0.797098,0.00240097,-0.780631,-0.00106855,-2.35456,-0.000936668,1.5753,0.797098
0.515,0.00240086,-0.780631,-0.00106854,-2.35456,-0.000936666,1.5753,0.797098,0.00240096,-0.780631,-0.00106854,-2.35456,-0.000936668,1.5753,0.797098
0.516,0.00240086,-0.780631,-0.00106853,-2.35456,-0.000936666,1.5753,0.797099,0.00240095,-0.780631,-0.00106854,-2.35456,-0.000936668,1.5753,0.797098
0.517,0.00240086,-0.780631,-0.00106853,-2.35456,-0.000936667,1.5753,0.797099,0.00240094,-0.780631,-0.00106854,-2.35456,-0.000936668,1.5753,0.797098
0.519,0.00240086,-0.780631,-0.00106851,-2.35456,-0.000936668,1.5753,0.797099,0.00240093,-0.780631,-0.00106854,-2.35456,-0.000936668,1.5753,0.797098
0.52,0.00240086,-0.780631,-0.0010685,-2.35456,-0.000936669,1.5753,0.797099,0.00240093,-0.780631,-0.00106854,-2.35456,-0.000936668,1.5753,0.797098
0.521,0.00240086,-0.780631,-0.0010685,-2.35456,-0.00093667,1.5753,0.797099,0.00240092,-0.780631,-0.00106854,-2.35456,-0.000936668,1.5753,0.797098
0.522,0.00240086,-0.780631,-0.00106849,-2.35456,-0.000936671,1.5753,0.797099,0.00240091,-0.780631,-0.00106853,-2.35456,-0.000936668,1.5753,0.797098
0.523,0.00240086,-0.780631,-0.00106848,-2.35456,-0.000936671,1.5753,0.797099,0.00240091,-0.780631,-0.00106853,-2.35456,-0.000936668,1.5753,0.797098
0.524,0.00240086,-0.780631,-0.00106848,-2.35456,-0.000936672,1.5753,0.797099,0.0024009,-0.780631,-0.00106852,-2.35456,-0.000936669,1.5753,0.797099
0.525,0.00240086,-0.780631,-0.00106847,-2.35456,-0.000936673,1.5753,0.797099,0.0024009,-0.780631,-0.00106852,-2.35456,-0.000936669,1.5753,0.797099
0.526,0.00240086,-0.780631,-0.00106846,-2.35456,-0.000936673,1.5753,0.797099,0.0024009,-0.780631,-0.00106851,-2.35456,-0.000936669,1.5753,0.797099
0.527,0.00240087,-0.780631,-0.00106846,-2.35456,-0.000936674,1.5753,0.797099,0.00240089,-0.780631,-0.00106851,-2.35456,-0.00093667,1.5753,0.797099
0.528,0.00240087,-0.780631,-0.00106845,-2.35456,-0.000936675,1.57529,0.797099,0.00240089,-0.780631,-0.0010685,-2.35456,-0.00093667,1.5753,0.797099
0.529,0.00240087,-0.780631,-0.00106844,-2.35456,-0.000936676,1.57529,0.797099,0.00240089,-0.780631,-0.0010685,-2.35456,-0.000936671,1.5753,0.797099
0.53,0.00240087,-0.780631,-0.00106843,-2.35456,-0.000936676,1.57529,0.797099,0.00240089,-0.780631,-0.00106849,-2.35456,-0.000936671,1.5753,0.797099
0.531,0.00240087,-0.780631,-0.00106843,-2.35456,-0.000936677,1.57529,0.797099,0.00240088,-0.780631,-0.00106849,-2.35456,-0.000936672,1.5753,0.797099
0.532,0.00240087,-0.780631,-0.00106842,-2.35456,-0.000936678,1.57529,0.797099,0.00240088,-0.780631,-0.00106848,-2.35456,-0.000936672,1.5753,0.797099
0.533,0.00240087,-0.780631,-0.00106841,-2.35456,-0.000936678,1.57529,0.797099,0.00240088,-0.780631,-0.00106847,-2.35456,-0.000936673,1.5753,0.797099
0.534,0.00240087,-0.78063,-0.00106841,-2.35456,-0.000936679,1.57529,0.797099,0.00240088,-0.780631,-0.00106847,-2.35456,-0.000936673,1.5753,0.797099
0.535,0.00240087,-0.78063,-0.0010684,-2.35456,-0.00093668,1.57529,0.797099,0.00240088,-0.780631,-0.00106846,-2.35456,-0.000936674,1.5753,0.797099
0.536,0.00240087,-0.78063,-0.00106839,-2.35456,-0.00093668,1.57529,0.797099,0.00240088,-0.780631,-0.00106846,-2.35456,-0.000936674,1.5753,0.797099
0.537,0.00240087,-0.78063,-0.00106838,-2.35456,-0.000936681,1.57529,0.797099,0.00240088,-0.780631,-0.00106845,-2.35456,-0.000936675,1.5753,0.797099
0.538,0.00240087,-0.78063,-0.00106838,-2.35456,-0.000936682,1.57529,0.797099,0.00240088,-0.780631,-0.00106844,-2.35456,-0.000936676,1.57529,0.797099
0.539,0.00240087,-0.78063,-0.00106837,-2.35456,-0.000936683,1.57529,0.797099,0.00240087,-0.780631,-0.00106844,-2.35456,-0.000936676,1.57529,0.797099
0.54,0.00240087,-0.78063,-0.00106836,-2.35456,-0.000936683,1.57529,0.797099,0.00240087,-0.780631,-0.00106843,-2.35456,-0.000936677,1.57529,0.797099
0.541,0.00240087,-0.78063,-0.00106836,-2.35456,-0.000936684,1.57529,0.797099,0.00240087,-0.780631,-0.00106842,-2.35456,-0.000936678,1.57529,0.797099
0.542,0.00240087,-0.78063,-0.00106835,-2.35456,-0.000936685,1.57529,0.797099,0.00240087,-0.780631,-0.00106842,-2.35456,-0.000936678,1.57529,0.797099
0.543,0.00240087,-0.78063,-0.00106834,-2.35456,-0.000936685,1.57529,0.797099,0.00240087,-0.78063,-0.00106841,-2.35456,-0.000936679,1.57529,0.797099
0.544,0.00240087,-0.78063,-0.00106833,-2.35456,-0.000936686,1.57529,0.797099,0.00240087,-0.78063,-0.0010684,-2.35456,-0.00093668,1.57529,0.797099
0.545,0.00240087,-0.78063,-0.00106833,-2.35456,-0.000936687,1.57529,0.797099,0.00240087,-0.78063,-0.0010684,-2.35456,-0.00093668,1.57529,0.797099
0.546,0.00240087,-0.78063,-0.00106832,-2.35456,-0.000936688,1.57529,0.797099,0.00240087,-0.78063,-0.00106839,-2.35456,-0.000936681,1.57529,0.797099
0.547,0.00240087,-0.78063,-0.00106831,-2.35456,-0.000936688,1.57529,0.797099,0.00240087,-0.78063,-0.00106838,-2.35456,-0.000936682,1.57529,0.797099
0.548,0.00240087,-0.78063,-0.00106831,-2.35456,-0.000936689,1.57529,0.797099,0.00240087,-0.78063,-0.00106838,-2.35456,-0.000936682,1.57529,0.797099
0.549,0.00240087,-0.78063,-0.0010683,-2.35456,-0.00093669,1.57529,0.7971,0.00240087,-0.78063,-0.00106837,-2.35456,-0.000936683,1.57529,0.797099
0.55,0.00240087,-0.78063,-0.00106829,-2.35456,-0.00093669,1.57529,0.7971,0.00240087,-0.78063,-0.00106836,-2.35456,-0.000936684,1.57529,0.797099
0.551,0.00240087,-0.78063,-0.00106829,-2.35456,-0.000936691,1.57529,0.7971,0.00240087,-0.78063,-0.00106835,-2.35456,-0.000936684,1.57529,0.797099
0.552,0.00240087,-0.78063,-0.00106828,-2.35456,-0.000936692,1.57529,0.7971,0.00240087,-0.78063,-0.00106835,-2.35456,-0.000936685,1.57529,0.797099
0.553,0.00240087,-0.78063,-0.00106827,-2.35456,-0.000936692,1.57529,0.7971,0.00240087,-0.78063,-0.00106834,-2.35456,-0.000936686,1.57529,0.797099
0.554,0.00240087,-0.78063,-0.00106826,-2.35456,-0.000936693,1.57529,0.7971,0.00240087,-0.78063,-0.00106833,-2.35456,-0.000936686,1.57529,0.797099
0.555,0.00240087,-0.78063,-0.00106826,-2.35456,-0.000936694,1.57529,0.7971,0.00240087,-0.78063,-0.00106833,-2.35456,-0.000936687,1.57529,0.797099
0.556,0.00240088,-0.78063,-0.00106825,-2.35456,-0.000936695,1.57529,0.7971,0.00240087,-0.78063,-0.00106832,-2.35456,-0.000936688,1.57529,0.797099
0.557,0.00240088,-0.78063,-0.00106824,-2.35456,-0.000936695,1.57529,0.7971,0.00240087,-0.78063,-0.00106831,-2.35456,-0.000936688,1.57529,0.797099
0.558,0.00240088,-0.78063,-0.00106824,-2.35456,-0.000936696,1.57529,0.7971,0.00240087,-0.78063,-0.00106831,-2.35456,-0.000936689,1.57529,0.797099
0.559,0.00240088,-0.78063,-0.00106823,-2.35456,-0.000936697,1.57529,0.7971,0.00240087,-0.78063,-0.0010683,-2.35456,-0.00093669,1.57529,0.7971
0.56,0.00240088,-0.78063,-0.00106822,-2.35456,-0.000936697,1.57529,0.7971,0.00240087,-0.78063,-0.00106829,-2.35456,-0.00093669,1.57529,0.7971
0.561,0.00240088,-0.78063,-0.00106821,-2.35456,-0.000936698,1.57529,0.7971,0.00240087,-0.78063,-0.00106828,-2.35456,-0.000936691,1.57529,0.7971
0.562,0.00240088,-0.78063,-0.00106821,-2.35456,-0.000936699,1.57529,0.7971,0.00240087,-0.78063,-0.00106828,-2.35456,-0.000936692,1.57529,0.7971
0.563,0.00240088,-0.78063,-0.0010682,-2.35456,-0.0009367,1.57529,0.7971,0.00240087,-0.78063,-0.00106827,-2.35456,-0.000936693,1.57529,0.7971
0.564,0.00240088,-0.78063,-0.00106819,-2.35456,-0.0009367,1.57529,0.7971,0.00240088,-0.78063,-0.00106826,-2.35456,-0.000936693,1.57529,0.7971
0.565,0.00240088,-0.78063,-0.00106819,-2.35456,-0.000936701,1.57529,0.7971,0.00240088,-0.78063,-0.00106826,-2.35456,-0.000936694,1.57529,0.7971
0.566,0.00240088,-0.78063,-0.00106818,-2.35456,-0.000936702,1.57529,0.7971,0.00240088,-0.78063,-0.00106825,-2.35456,-0.000936695,1.57529,0.7971
0.567,0.00240088,-0.78063,-0.00106817,-2.35456,-0.000936702,1.57529,0.7971,0.00240088,-0.78063,-0.00106824,-2.35456,-0.000936695,1.57529,0.7971
0.568,0.00240088,-0.78063,-0.00106817,-2.35456,-0.000936703,1.57529,0.7971,0.00240088,-0.78063,-0.00106824,-2.35456,-0.000936696,1.57529,0.7971
0.569,0.00240088,-0.78063,-0.00106816,-2.35456,-0.000936704,1.57529,0.7971,0.00240088,-0.78063,-0.00106823,-2.35456,-0.000936697,1.57529,0.7971
0.57,0.00240088,-0.78063,-0.00106815,-2.35456,-0.000936704,1.57529,0.7971,0.00240088,-0.78063,-0.00106822,-2.35456,-0.000936697,1.57529,0.7971
0.571,0.00240088,-0.78063,-0.00106814,-2.35456,-0.000936705,1.57529,0.7971,0.00240088,-0.78063,-0.00106821,-2.35456,-0.000936698,1.57529,0.7971
0.572,0.00240088,-0.78063,-0.00106814,-2.35456,-0.000936706,1.57529,0.7971,0.00240088,-0.78063,-0.00106821,-2.35456,-0.000936699,1.57529,0.7971
0.573,0.00240088,-0.78063,-0.00106813,-2.35456,-0.000936707,1.57529,0.7971,0.00240088,-0.78063,-0.0010682,-2.35456,-0.0009367,1.57529,0.7971
0.574,0.00240088,-0.78063,-0.00106812,-2.35456,-0.000936707,1.57529,0.7971,0.00240088,-0.78063,-0.00106819,-2.35456,-0.0009367,1.57529,0.7971
0.575,0.00240088,-0.78063,-0.00106812,-2.35456,-0.000936708,1.57529,0.7971,0.00240088,-0.78063,-0.00106819,-2.35456,-0.000936701,1.57529,0.7971
0.576,0.00240088,-0.78063,-0.00106811,-2.35456,-0.000936709,1.57529,0.7971,0.00240088,-0.78063,-0.00106818,-2.35456,-0.000936702,1.57529,0.7971
0.577,0.00240088,-0.78063,-0.0010681,-2.35456,-0.000936709,1.57529,0.7971,0.00240088,-0.78063,-0.00106817,-2.35456,-0.000936702,1.57529,0.7971
0.578,0.00240088,-0.78063,-0.00106809,-2.35456,-0.00093671,1.57529,0.7971,0.00240088,-0.78063,-0.00106817,-2.35456,-0.000936703,1.57529,0.7971
0.579,0.00240088,-0.78063,-0.00106809,-2.35456,-0.000936711,1.57529,0.7971,0.00240088,-0.78063,-0.00106816,-2.35456,-0.000936704,1.57529,0.7971
0.58,0.00240088,-0.78063,-0.00106808,-2.35456,-0.000936712,1.57529,0.7971,0.00240088,-0.78063,-0.00106815,-2.35456,-0.000936704,1.57529,0.7971
0.581,0.00240088,-0.78063,-0.00106807,-2.35456,-0.000936712,1.57529,0.7971,0.00240088,-0.78063,-0.00106814,-2.35456,-0.000936705,1.57529,0.7971
0.582,0.00240088,-0.78063,-0.00106807,-2.35456,-0.000936713,1.57529,0.797101,0.00240088,-0.78063,-0.00106814,-2.35456,-0.000936706,1.57529,0.7971
0.583,0.00240088,-0.78063,-0.00106806,-2.35456,-0.000936714,1.57529,0.797101,0.00240088,-0.78063,-0.00106813,-2.35456,-0.000936707,1.57529,0.7971
0.584,0.00240089,-0.780629,-0.00106805,-2.35456,-0.000936714,1.57529,0.797101,0.00240088,-0.78063,-0.00106812,-2.35456,-0.000936707,1.57529,0.7971
0.585,0.00240089,-0.780629,-0.00106805,-2.35456,-0.000936715,1.57529,0.797101,0.00240088,-0.78063,-0.00106812,-2.35456,-0.000936708,1.57529,0.7971
0.586,0.00240089,-0.780629,-0.00106804,-2.35456,-0.000936716,1.57529,0.797101,0.00240088,-0.78063,-0.00106811,-2.35456,-0.000936709,1.57529,0.7971
0.587,0.00240089,-0.780629,-0.00106803,-2.35456,-0.000936716,1.57529,0.797101,0.00240088,-0.78063,-0.0010681,-2.35456,-0.000936709,1.57529,0.7971
0.588,0.00240089,-0.780629,-0.00106802,-2.35456,-0.000936717,1.57529,0.797101,0.00240088,-0.78063,-0.00106809,-2.35456,-0.00093671,1.57529,0.7971
0.589,0.00240089,-0.780629,-0.00106802,-2.35456,-0.000936718,1.57529,0.797101,0.00240088,-0.78063,-0.00106809,-2.35456,-0.000936711,1.57529,0.7971
0.59,0.00240089,-0.780629,-0.00106801,-2.35456,-0.000936719,1.57529,0.797101,0.00240088,-0.78063,-0.00106808,-2.35456,-0.000936712,1.57529,0.7971
0.591,0.00240089,-0.780629,-0.001068,-2.35456,-0.000936719,1.57529,0.797101,0.00240088,-0.78063,-0.00106807,-2.35456,-0.000936712,1.57529,0.7971
0.592,0.00240089,-0.780629,-0.001068,-2.35456,-0.00093672,1.57529,0.797101,0.00240088,-0.78063,-0.00106807,-2.35456,-0.000936713,1.57529,0.797101
0.593,0.00240089,-0.780629,-0.00106799,-2.35456,-0.000936721,1.57529,0.797101,0.00240088,-0.78063,-0.00106806,-2.35456,-0.000936714,1.57529,0.797101
0.593,0.00240089,-0.780629,-0.00106799,-2.35456,-0.000936721,1.57529,0.797101,0.00240089,-0.780629,-0.00106805,-2.35456,-0.000936714,1.57529,0.797101
0.593,0.00240089,-0.780629,-0.00106799,-2.35456,-0.000936721,1.57529,0.797101,0.00240089,-0.780629,-0.00106805,-2.35456,-0.000936715,1.57529,0.797101
0.593,0.00240089,-0.780629,-0.00106799,-2.35456,-0.000936721,1.57529,0.797101,0.00240089,-0.780629,-0.00106804,-2.35456,-0.000936716,1.57529,0.797101
0.593,0.00240089,-0.780629,-0.00106799,-2.35456,-0.000936721,1.57529,0.797101,0.00240089,-0.780629,-0.00106803,-2.35456,-0.000936716,1.57529,0.797101
0.593,0.00240089,-0.780629,-0.00106799,-2.35456,-0.000936721,1.57529,0.797101,0.00240089,-0.780629,-0.00106803,-2.35456,-0.000936717,1.57529,0.797101
0.593,0.00240089,-0.780629,-0.00106799,-2.35456,-0.000936721,1.57529,0.797101,0.00240089,-0.780629,-0.00106803,-2.35456,-0.000936717,1.57529,0.797101
0.593,0.00240089,-0.780629,-0.00106799,-2.35456,-0.000936721,1.57529,0.797101,0.00240089,-0.780629,-0.00106802,-2.35456,-0.000936717,1.57529,0.797101
0.593,0.00240089,-0.780629,-0.00106799,-2.35456,-0.000936721,1.57529,0.797101,0.00240089,-0.780629,-0.00106802,-2.35456,-0.000936718,1.57529,0.797101
0.593,0.00240089,-0.780629,-0.00106799,-2.35456,-0.000936721,1.57529,0.797101,0.00240089,-0.780629,-0.00106802,-2.35456,-0.000936718,1.57529,0.797101
0.593,0.00240089,-0.780629,-0.00106799,-2.35456,-0.000936721,1.57529,0.797101,0.00240089,-0.780629,-0.00106801,-2.35456,-0.000936718,1.57529,0.797101
0.593,0.00240089,-0.780629,-0.00106799,-2.35456,-0.000936721,1.57529,0.797101,0.00240089,-0.780629,-0.00106801,-2.35456,-0.000936718,1.57529,0.797101
0.593,0.00240089,-0.780629,-0.00106799,-2.35456,-0.000936721,1.57529,0.797101,0.00240089,-0.780629,-0.00106801,-2.35456,-0.000936719,1.57529,0.797101
0.593,0.00240089,-0.780629,-0.00106799,-2.35456,-0.000936721,1.57529,0.797101,0.00240089,-0.780629,-0.00106801,-2.35456,-0.000936719,1.57529,0.797101
0.593,0.00240089,-0.780629,-0.00106799,-2.35456,-0.000936721,1.57529,0.797101,0.00240089,-0.780629,-0.001068,-2.35456,-0.000936719,1.57529,0.797101
0.593,0.00240089,-0.780629,-0.00106799,-2.35456,-0.000936721,1.57529,0.797101,0.00240089,-0.780629,-0.001068,-2.35456,-0.000936719,1.57529,0.797101
0.593,0.00240089,-0.780629,-0.00106799,-2.35456,-0.000936721,1.57529,0.797101,0.00240089,-0.780629,-0.001068,-2.35456,-0.000936719,1.57529,0.797101
0.593,0.00240089,-0.780629,-0.00106799,-2.35456,-0.000936721,1.57529,0.797101,0.00240089,-0.780629,-0.001068,-2.35456,-0.00093672,1.57529,0.797101
0.593,0.00240089,-0.780629,-0.00106799,-2.35456,-0.000936721,1.57529,0.797101,0.00240089,-0.780629,-0.001068,-2.35456,-0.00093672,1.57529,0.797101
0.593,0.00240089,-0.780629,-0.00106799,-2.35456,-0.000936721,1.57529,0.797101,0.00240089,-0.780629,-0.001068,-2.35456,-0.00093672,1.57529,0.797101
0.593,0.00240089,-0.780629,-0.00106799,-2.35456,-0.000936721,1.57529,0.797101,0.00240089,-0.780629,-0.001068,-2.35456,-0.00093672,1.57529,0.797101
0.593,0.00240089,-0.780629,-0.00106799,-2.35456,-0.000936721,1.57529,0.797101,0.00240089,-0.780629,-0.001068,-2.35456,-0.00093672,1.57529,0.797101
0.593,0.00240089,-0.780629,-0.00106799,-2.35456,-0.000936721,1.57529,0.797101,0.00240089,-0.780629,-0.001068,-2.35456,-0.00093672,1.57529,0.797101
0.593,0.00240089,-0.780629,-0.00106799,-2.35456,-0.000936721,1.57529,0.797101,0.00240089,-0.780629,-0.00106799,-2.35456,-0.00093672,1.57529,0.797101
0.593,0.00240089,-0.780629,-0.00106799,-2.35456,-0.000936721,1.57529,0.797101,0.00240089,-0.780629,-0.00106799,-2.35456,-0.00093672,1.57529,0.797101
0.593,0.00240089,-0.780629,-0.00106799,-2.35456,-0.000936721,1.57529,0.797101,0.00240089,-0.780629,-0.00106799,-2.35456,-0.00093672,1.57529,0.797101
0.593,0.00240089,-0.780629,-0.00106799,-2.35456,-0.000936721,1.57529,0.797101,0.00240089,-0.780629,-0.00106799,-2.35456,-0.00093672,1.57529,0.797101
0.593,0.00240089,-0.780629,-0.00106799,-2.35456,-0.000936721,1.57529,0.797101,0.00240089,-0.780629,-0.00106799,-2.35456,-0.00093672,1.57529,0.797101
0.593,0.00240089,-0.780629,-0.00106799,-2.35456,-0.000936721,1.57529,0.797101,0.00240089,-0.780629,-0.00106799,-2.35456,-0.00093672,1.57529,0.797101
