0.0,0.308358739297424,-0.0011850556807471687,0.48671506214409993
0.100149,0.3083582150836123,-0.0011865126848579987,0.48671242765442646
0.20001,0.308357915560437,-0.0011856664600840958,0.4867121891371552
0.300128,0.3083585096114104,-0.0011853558270652955,0.4867131968999851
0.400002,0.30835822032182314,-0.0011849493559771365,0.48671226594164807
0.500065,0.30835764114084213,-0.0011871967166996221,0.4867124140115997
0.599914,0.3083583397591598,-0.001186532239437339,0.4867111956138678
0.700129,0.3083581255301679,-0.0011884661090202473,0.4867117222119428
0.800041,0.3083577180975159,-0.0011863697149902606,0.486712284090702
0.900072,0.3083576250396166,-0.001186413539321117,0.4867111370417622
1.000109,0.30835725508586165,-0.0011872480018427015,0.4867107583541056
1.100101,0.3083579171057524,-0.0011866955295632504,0.4867135312103899
1.200148,0.3083576461592163,-0.0011870124064225444,0.486711666902654
1.300108,0.3083577780620048,-0.0011873828277952727,0.4867131950921473
1.400147,0.30835826384681914,-0.001189044421573129,0.48671277890327014
1.49997,0.30835840262562814,-0.0011872384653349994,0.4867129511566695
1.600441,0.30835709906647196,-0.001184714064425885,0.48671164810330564
1.70006,0.30835724437393597,-0.0011889577601638637,0.4867107419279255
1.800127,0.3083574691147183,-0.0011887309206048287,0.4867121703056677
1.90024,0.3083578586059384,-0.0011875205206102802,0.48671333598661687
2.000088,0.3083586753413082,-0.0011880504918259037,0.48671264796122427
2.099978,0.3083574571048136,-0.0011879607161714878,0.4867120243138657
2.200197,0.3083577308756449,-0.0011891003406484266,0.4867096039974625
2.300072,0.30835778125404967,-0.001188122006797931,0.48671065278125714
2.400074,0.30835759452623224,-0.00118582363584197,0.48671345557785145
2.500417,0.30835738694369896,-0.0011879144994310508,0.48670812672751695
2.60038,0.30835727716472355,-0.0011886353233126847,0.48671033685995707
2.699991,0.30835770174950966,-0.0011866559004301844,0.4867112492317424
2.799968,0.3083586508947174,-0.0011877403579889164,0.4867110216057549
2.900068,0.30835759941304725,-0.0011888421606918256,0.48670879880495965
3.000242,0.30835821679399056,-0.0011889955602900953,0.48671219873741645
3.100165,0.3083577141426572,-0.001189153618319972,0.48671095824563215
3.200145,0.30835805846213676,-0.001187495725678294,0.48671192008134684
3.300214,0.3083578959559151,-0.0011879120028239999,0.4867090944425646
3.400399,0.3083576224101671,-0.0011867784486273038,0.48670894879198323
3.500223,0.30835769650321887,-0.0011890448858936933,0.4867118805356262
3.600269,0.3083575487037119,-0.0011858749648147662,0.48670980928794383
3.700277,0.30835722347067074,-0.0011890058550279323,0.48670864901726735
3.800301,0.30835712251544645,-0.0011883920462485347,0.48671123039594144
3.900076,0.30835796096526646,-0.0011875954013382546,0.4867113390775577
4.000062,0.30835722308749974,-0.0011892769444822515,0.48671052774691687
4.099929,0.30835746616640225,-0.0011885915420676357,0.48671103059575244
4.200042,0.30835656513899434,-0.0011904225282263598,0.4867091216556291
4.29998,0.30835742665059584,-0.0011898827790270813,0.4867086923501083
4.400111,0.3083574602713988,-0.0011860760603675284,0.4867077446350908
4.500098,0.308356901673155,-0.0011887458112533208,0.48671107496920957
4.600238,0.30835693793455426,-0.001189742621662587,0.4867087668793872
4.700021,0.3083586517791206,-0.0011879130889368473,0.4867089516708523
4.799978,0.3083582200112759,-0.0011881429184750162,0.4867089192050216
4.899994,0.3083567237767548,-0.0011889159147786578,0.4867088241429652
5.000202,0.3083574487737056,-0.0011896969498136083,0.48670986031799934
5.100182,0.3083571988744248,-0.00118651194584969,0.48671038358919533
5.200174,0.30835710620788714,-0.0011866676838159019,0.48670759114850143
5.300117,0.3083571777017731,-0.0011877981474281844,0.48670898314121824
5.400014,0.30835671798587344,-0.0011893150237238673,0.4867088121923384
5.499976,0.3083570769205087,-0.0011883032336367115,0.4867110902839751
5.600003,0.30835649537170284,-0.0011879515528151747,0.48670847164339487
5.699955,0.3083571568034764,-0.0011893655797974112,0.4867102579970478
5.799979,0.3083569468300991,-0.001188053981786503,0.48670849387653436
5.900073,0.3083569461745475,-0.0011874475434619286,0.4867096302098508
6.000241,0.30835688177706755,-0.0011858989573173319,0.4867088781386884
6.100179,0.3083570704348578,-0.0011908442367913076,0.4867093311362024
6.200123,0.3083563520091413,-0.0011889080744629812,0.48670734491307305
6.300121,0.30835740653330346,-0.0011890149638072822,0.4867082111813337
6.400253,0.30835689587741255,-0.0011886832643837157,0.4867063345464354
6.500024,0.30835766150969296,-0.0011890222607441555,0.48670991358199145
6.600153,0.3083569779002139,-0.0011883771118657402,0.4867077392303122
6.700692,0.3083568964853118,-0.0011876083860901312,0.486708335804982
6.799949,0.30835692958270833,-0.0011887659149618188,0.4867084709481806
6.900352,0.30835655742293444,-0.0011885393785520445,0.4867096958577456
7.000256,0.30835701612651434,-0.0011904869451616676,0.48670799036609513
7.100255,0.3083571204780603,-0.0011888070307176433,0.4867070456664986
7.200223,0.30835693221706106,-0.0011893486928770832,0.4867093883400643
7.299973,0.3083564791807034,-0.0011902286486159025,0.48670846253247735
7.400261,0.3083565902307507,-0.0011885004677420795,0.4867066490154135
7.499941,0.3083565893069274,-0.0011888730720400645,0.48670719972421317
7.600234,0.30835694289277304,-0.0011884846145771028,0.48670910572659787
7.700059,0.3083578697580244,-0.00119004328525953,0.48670886938716784
7.79998,0.3083570528474233,-0.0011887373356590308,0.4867084001983236
7.900023,0.3083569210284009,-0.001189628616103736,0.486710776445027
7.999897,0.3083574861200081,-0.0011873230391000428,0.48670674215105697
8.100248,0.3083566661840439,-0.0011896205749866466,0.4867081048706785
8.200063,0.3083560896130478,-0.0011897345828059023,0.4867065063606542
8.300019,0.3083567455671193,-0.001188058861548629,0.486706881815625
8.399944,0.30835730048104154,-0.0011871122429971818,0.486709620171757
8.500181,0.3083578897585515,-0.001190190238166104,0.4867067303510957
8.599987,0.30835779425736054,-0.0011905744324874233,0.4867080726017486
8.699959,0.3083571660592437,-0.0011869516138341735,0.48670844748409214
8.799948,0.30835693217873444,-0.001188826008295969,0.48670820134514653
8.900098,0.30835604978485104,-0.0011911812293105518,0.4867098029388933
9.000269,0.30835658777616115,-0.0011910341915676711,0.4867065712319746
9.100068,0.3083568968516012,-0.0011901259581318846,0.48670807819003026
9.200395,0.30835732114484865,-0.0011892828772841215,0.48671117548688564
9.300152,0.30835670943433946,-0.001189538913481744,0.4867077796042083
9.400121,0.3083566693310119,-0.0011876179205975793,0.4867089972396584
9.500063,0.30835699575338665,-0.0011871727125637047,0.4867081379901182
9.600166,0.3083572189425695,-0.0011894911116167074,0.4867068558813986
9.700265,0.3083560487798373,-0.0011886371120600724,0.4867083973634626
9.800065,0.3083563804525183,-0.0011896941461865959,0.48670538928186835
9.900115,0.3083570780194704,-0.001188259877448403,0.4867103948245435
10.000219,0.30835743354658224,-0.0011868528988573145,0.48671037533315203
10.100537,0.308357349684703,-0.0011902850420917493,0.4867082500768058
10.200113,0.308357546355985,-0.001189477231287791,0.4867065219640663
10.300117,0.3083571735434431,-0.0011882994717535835,0.48670694856158525
10.400094,0.30835750689082503,-0.0011879826383497532,0.4867062661640629
10.5001,0.3083565021292163,-0.0011910885115768999,0.4867071544897542
10.600202,0.3083563722857095,-0.0011900945367597478,0.48670587283758526
10.699923,0.3083561524215511,-0.001186781486475918,0.48670740721137407
10.799913,0.30835586309866686,-0.0011894367764007153,0.4867064857624254
10.899941,0.30835506824552483,-0.0011895478378437805,0.4867054924031831
11.00017,0.3083553957878532,-0.001191156804528254,0.48670747339076076
11.099967,0.308356574946938,-0.0011918312486867164,0.4867082277642273
11.200119,0.3083588702620666,-0.0011900897373813258,0.4867112580360348
11.300013,0.3083594339792137,-0.0011904156099647408,0.48670815147969965
11.399931,0.30836237666910976,-0.0011901868055417164,0.486709879855612
11.500071,0.3083637120247867,-0.001188382344460116,0.4867085242411464
11.600352,0.30836374139879374,-0.0011906200495486767,0.48671028585589166
11.700161,0.3083607762385206,-0.0011905288351908342,0.48670757286402994
11.799968,0.30835484416771514,-0.0011891509014792013,0.48670375463777205
11.900213,0.3083422415340485,-0.0011881420621397735,0.48670450649430025
12.000122,0.3081330423033138,-0.0011914989000170152,0.48661893881324514
12.100128,0.3080385047777472,-0.0012325482000765274,0.48658133291507477
12.200019,0.30808814693293873,-0.0016528779775164758,0.48648548086780663
12.300053,0.30879965959542344,-0.0029053631574178403,0.48547114961927884
12.399992,0.31145599014346215,-0.005218231159479076,0.48214829426604633
12.499995,0.31773763311443487,-0.008416512014880162,0.47596923782770995
12.600168,0.3262187175132134,-0.012290557840714585,0.4675553191202487
12.700099,0.33611051066924763,-0.016484511213268736,0.4570636386040711
12.800454,0.3468579080565227,-0.020948996362009285,0.44529002125569345
12.900141,0.3581956511033091,-0.025098107516430854,0.43250441980154747
13.000161,0.36977504191737276,-0.02909005893188777,0.41867944328974277
13.099936,0.3811128676109278,-0.032462566551267266,0.4040214030297595
13.200089,0.391871362135905,-0.034724393858923674,0.38879284837061656
13.299992,0.40159343720540047,-0.03615069582556212,0.3739787513105705
13.40011,0.41036939112537535,-0.03712802961437092,0.36020359344618014
13.499972,0.4177698955390847,-0.03781246111686598,0.34792192188004256
13.600206,0.4241790785933179,-0.03793063172721986,0.3372091737924539
13.700135,0.42989353254656903,-0.0372338369691474,0.32815716576823983
13.800154,0.43470966060463206,-0.03518373817996052,0.32054305873747657
13.899937,0.43891790535602754,-0.03216259941923235,0.3137955877067986
14.00011,0.44235621928533936,-0.02868799258216465,0.3079791659517874
14.100345,0.4457618574631787,-0.02546383388602772,0.30312349175939723
14.20001,0.44819999454256004,-0.02237402720678674,0.29814056422830343
14.300131,0.45063752763878856,-0.01919222267800814,0.29369255341324424
14.400196,0.45272495619682723,-0.016492577146487195,0.28895806586962164
14.50016,0.4543564867110162,-0.014536490750472787,0.2845793805835445
14.600182,0.45572235223505575,-0.013070512989655423,0.28012150298950234
14.700272,0.4570430291845859,-0.012071310778298988,0.2758505852525459
14.799988,0.45830974361713533,-0.011588842966617554,0.27227742820916273
14.89994,0.4587741686239222,-0.011483274404224472,0.26873792269910746
15.000269,0.4591123442734354,-0.011503758136713418,0.2662404941637399
15.100061,0.4594603793485283,-0.011525362195457042,0.2650039646006255
15.200113,0.45960942944027544,-0.011541018546224156,0.2635723393202236
15.300057,0.4594330704788778,-0.011556064967394825,0.26139975961059236
15.400439,0.45918811657861325,-0.011569562793536737,0.25982422605882716
15.500094,0.4591578541475789,-0.011571979701282858,0.25956517980210453
15.600328,0.459153073525241,-0.011574961717268554,0.25954755213209946
15.700084,0.4591412138602605,-0.011572745690534668,0.2594697738522143
15.800227,0.4590964999525624,-0.011575787151057046,0.25918985981528125
15.900068,0.4590153547631539,-0.01157529344327982,0.25867460634602146
16.000097,0.4588852555862472,-0.011585843049339706,0.2578153394205789
16.100369,0.4588133437344829,-0.011592423851808276,0.2567226590883951
16.200158,0.4589947265142536,-0.011600344826560817,0.25654349453856395
16.299973,0.4594532388612863,-0.0116120264116298,0.25670611208499705
16.400104,0.45980900154731935,-0.011627891163798634,0.25665723441103805
16.500166,0.46022820428570965,-0.011643934563756222,0.25667266517689313
16.599989,0.4605601314417347,-0.011662286139872899,0.2566755337691945
16.699946,0.4607989290996441,-0.011673167495742133,0.2566234834563243
16.80002,0.4610684244577214,-0.01168618470815205,0.2565337423445654
16.899999,0.46160134811625453,-0.011714587990852805,0.256401598859921
16.999901,0.4624954248826104,-0.011762195652591552,0.256155935310375
17.099997,0.4639314610533141,-0.011836249668431501,0.2560167479040361
17.200119,0.4650061414855254,-0.011885731965403323,0.2562229178457893
17.300129,0.4663004183441152,-0.01194976538415083,0.25649699368097467
17.399984,0.46843245593836724,-0.012055219714298576,0.2563504902219001
17.500186,0.4706748843886694,-0.012162254889154284,0.2564524697627127
17.599994,0.47326128219471614,-0.012289377578764327,0.25631057913739397
17.699959,0.4759776866026429,-0.012410418946792248,0.25676660408493385
17.800012,0.4780650277604638,-0.012510715191976374,0.25668098795156735
17.900063,0.48003901716540714,-0.01261260011545985,0.2562938922585203
17.999904,0.4824219171452642,-0.012723561094835767,0.25641097577517064
18.100024,0.48391715307519567,-0.012814196823327595,0.2561692491827181
18.199972,0.4857031724139764,-0.012910847153792687,0.256051587420668
18.299999,0.48840871149450443,-0.013046013477787126,0.25579625130245387
18.400181,0.4919719867129948,-0.01318414179906321,0.25587525268918865
18.500122,0.49588680079568054,-0.013095692366881689,0.25582720559718297
18.599989,0.5002757647146547,-0.013108240399135983,0.2559240931648115
18.700001,0.5052428885615439,-0.013107232800757526,0.2559612194858364
18.800098,0.5102965019074158,-0.012876813780149736,0.256288458352443
18.900093,0.5158841808041866,-0.012452804702418946,0.25634457085302154
19.000147,0.5210423293670738,-0.01181610260007434,0.2564541186737273
19.100061,0.5259954874777332,-0.011185138011195665,0.2563058463575355
19.199917,0.5311473111791434,-0.010752792293579129,0.2563037841122326
19.299929,0.5363928457752348,-0.01053302224781131,0.2564551871214791
19.399988,0.5423347204748963,-0.010377840826014709,0.2563065158516977
19.500006,0.5485011963363428,-0.010240000846203504,0.25628335874868435
19.600083,0.5552392308970275,-0.010013621894594251,0.25659962469671926
19.700096,0.5626342616413387,-0.00967822212603868,0.25683818754887683
19.800297,0.570362022825493,-0.009156247722598283,0.25714277260854035
19.899937,0.5776221795856388,-0.008635973935166848,0.257179074826508
20.000004,0.5842819481188869,-0.008105201229128722,0.25737768042458364
20.100085,0.5906929184825891,-0.007338560555798172,0.25800155104031175
20.199982,0.5953510963943367,-0.006521660519210687,0.2579052531690246
20.299973,0.5989025597519204,-0.005887286609051065,0.25799524555844355
20.400429,0.6009306751085899,-0.00548190119381298,0.25819156080137995
20.499927,0.601939104185047,-0.005197889848438317,0.25854130794723845
20.600111,0.6021891053493731,-0.005045979032348933,0.2581032932448347
20.699999,0.6022365049307797,-0.005045080436087118,0.2581415930771001
20.800058,0.6022447727393195,-0.005040242532493746,0.25814695273092153
20.900279,0.6022478308361906,-0.005045933897281318,0.25814118871806374
21.000285,0.60225086354781,-0.005064311578338291,0.2581395644423237
21.099969,0.6022511947074229,-0.0050776268856810945,0.2581423069074882
21.199964,0.6022534883423647,-0.00530615507036454,0.25816325749267843
21.300092,0.6022612613453426,-0.006017488428585989,0.2582120635742885
21.39994,0.6022460732668238,-0.008710775469566952,0.25829828761481
21.500257,0.6021788049492524,-0.014032766402873521,0.25835746720246683
21.600561,0.6021238378130381,-0.020781393378235705,0.25820937005806344
21.700074,0.6020884959691152,-0.02773913116624359,0.2581047476821444
21.800202,0.6019607074580459,-0.03528163910947733,0.25801391003941104
21.900102,0.6015616541351437,-0.044143267623653004,0.2578994278693323
22.000305,0.6007928859913284,-0.053836692668684225,0.2578783249788924
22.100518,0.5997791171111333,-0.06407001958691058,0.2578072104824417
22.200116,0.5986300515093054,-0.07400848938638283,0.2577536842324944
22.300315,0.5974107239303261,-0.08326918657712062,0.2577224243987512
22.40033,0.5961659364740914,-0.09163139281247752,0.2575102524206031
22.500023,0.5953418925858484,-0.09894025091659849,0.25735655637604127
22.600212,0.5953348654358738,-0.10615221622174856,0.2571818273432054
22.700005,0.5963320652652448,-0.11322917359541161,0.25697387308480435
22.800112,0.5968319771751314,-0.12043177267632084,0.2573921063644187
22.899982,0.5972543271158717,-0.1284676419904864,0.2577648610217459
23.000005,0.5975537063365164,-0.1374777125969569,0.2571875125356891
23.100064,0.5975672640768273,-0.14690039709186614,0.2573543184164674
23.19998,0.5973294136392503,-0.1563545112519447,0.2572313273801935
23.300245,0.5967773916247816,-0.16490031308676428,0.25755914935615815
23.4001,0.5953215592964116,-0.17256326139274733,0.25776114350136625
23.500259,0.5938820873637247,-0.17904609276182215,0.25767136032103455
23.600096,0.5928152336267236,-0.18455094103306005,0.2577607163470696
23.69999,0.5918944536448638,-0.18876915645936967,0.25776817187967327
23.800233,0.5912579846101973,-0.19133829960787166,0.25778558194221857
23.900074,0.5908885790786192,-0.19273420937661662,0.25781601089589673
23.99997,0.5906995055696944,-0.193400922651305,0.2578367951133611
24.100299,0.5905871052249829,-0.1937441828617006,0.25784803584710136
24.199961,0.5902378034289941,-0.19423235580553208,0.2576472984489263
24.299963,0.5898532614939382,-0.19460244860575346,0.2573282960894526
24.40027,0.5891702451296091,-0.19491237061824848,0.2570666226727238
24.500108,0.5878138018071448,-0.1952707675983245,0.25671475302662083
24.599957,0.5854480548207038,-0.19552304177298374,0.2561711185988821
24.69993,0.581518742985367,-0.19535786866431365,0.25640542197068555
24.800293,0.5770504288889703,-0.19541883896976822,0.2561957105149959
24.90024,0.5725562874893135,-0.1960088417485507,0.25553025459080403
25.00024,0.5672794312537507,-0.19639328617432755,0.25576970927457243
25.100005,0.5612455576532306,-0.19640729268899143,0.25511835205786026
25.200162,0.555318942884877,-0.19617082820759993,0.2551044051239254
25.30017,0.5489021107228971,-0.1958151916585697,0.25451124995945545
25.400057,0.5426221279688473,-0.19565893201328427,0.2545108098812692
25.500023,0.5359002521913803,-0.19574523568328436,0.25383879412197075
25.599983,0.5293212628138845,-0.19603458653865516,0.2539228562055339
25.700001,0.522758627642047,-0.19629701141318115,0.2532072545974774
25.800171,0.5171431936080669,-0.1965428022953795,0.2535613447079496
25.900079,0.5115882477688738,-0.19657189680323647,0.25286466573740196
25.999905,0.5070497212099063,-0.1963494053721269,0.2533054978691373
26.100109,0.5026217170290541,-0.1956677447039225,0.25275335162817275
26.200008,0.4988851956968992,-0.1950117035008321,0.2532087519065769
26.299915,0.4949545282452812,-0.19409014828186594,0.2527107431569859
26.39995,0.4928888346046376,-0.19364515793689258,0.25310764964046745
26.499937,0.48981639579607683,-0.1927760122580436,0.25299764915417977
26.600103,0.48773673344569685,-0.19225381129716768,0.2528910247100671
26.699989,0.4863492236300706,-0.19193437582235354,0.25259553155066483
26.800088,0.48493507657730184,-0.19159486525613134,0.2530417491891017
26.899929,0.4841905638063678,-0.19151143170011664,0.2531159574573052
27.000081,0.4841380360934357,-0.19152921912741216,0.25311118706401337
27.099941,0.4841384410452026,-0.19155991311677467,0.2531670020289609
27.199991,0.48411293084333606,-0.19157311987369927,0.25320348295370354
27.30007,0.48404803346676756,-0.19156635867016927,0.25322843697553654
27.400017,0.48386155795951546,-0.19153096781509124,0.25325522922609733
27.50029,0.4833403495130652,-0.19143576099372034,0.25317911284758166
27.599958,0.48259122406432275,-0.1912354981651333,0.2531450670868035
27.700019,0.4814739590468926,-0.19089208726831583,0.25289113367859795
27.799896,0.4805178584464065,-0.1906025092529366,0.2527476345148291
27.900095,0.480223866911229,-0.19058239313121353,0.25272836334799254
27.999952,0.4801004391915644,-0.19055532131409664,0.25276164654653926
28.100062,0.47988115239303103,-0.19047670719562043,0.2527526294661266
28.200016,0.47940383786553453,-0.1903101498159536,0.25275112071827427
28.299935,0.47878699322286034,-0.19008745942585947,0.2527013370638977
28.399928,0.4777628612321703,-0.18965411237433893,0.25268951424731917
28.500174,0.4761266740455644,-0.188623094431617,0.25288692094135334
28.600104,0.4749563792903083,-0.18697491597895408,0.25269332325873617
28.699955,0.47410957830463873,-0.18449997376300442,0.2525735252766801
28.800001,0.47339301669425227,-0.18100091296716994,0.2525909693751231
28.899957,0.473599062514798,-0.17689881232692223,0.2521555825360505
29.000022,0.4745743432750436,-0.17260087174881067,0.25195489712968744
29.100108,0.4756194011704327,-0.16810230328487033,0.25183044097601526
29.200064,0.47691046076138016,-0.1636805787404824,0.2517996294211918
29.299956,0.4784724048973672,-0.15900619171412028,0.25178122754798493
29.400237,0.48024894194586376,-0.15355728707077773,0.251783458147848
29.500147,0.48218766276231523,-0.1473461481691899,0.2517834212595279
29.599909,0.4841952191849148,-0.14058234272553277,0.2517777315286267
29.699944,0.4860448635888648,-0.1334026179227646,0.25176921411228464
29.800068,0.4878297462129994,-0.1262198314274254,0.25177115176094833
29.89994,0.48944308274965365,-0.11883532647899246,0.25177006329271806
29.999958,0.4908663747410615,-0.11134709815053775,0.25174415669301337
30.100052,0.4919389032507038,-0.10395220721252611,0.251770339400581
30.19997,0.49273335760060366,-0.09661273948360093,0.2517767395959393
30.299968,0.49336236983133197,-0.08952437398668638,0.25178484461834655
30.400397,0.49379731564585266,-0.08288199107230883,0.25181591468022946
30.500145,0.49423161651023095,-0.0769836254778928,0.2517854040826686
30.6,0.4947259440963629,-0.0715575274224661,0.25182630756528024
30.700271,0.49510850868474177,-0.06648921318198132,0.2518396401706063
30.800123,0.495390299294354,-0.06147009577546656,0.2518442073023185
30.900256,0.4957226467050746,-0.05626445168903066,0.2518473519108358
30.99999,0.49612447985559094,-0.050789578393589246,0.2518885589037997
31.100135,0.49657068393088416,-0.04482107921474977,0.2519462980254309
31.200386,0.4969847529524281,-0.03851393665308648,0.2520226186509213
31.300008,0.49732708128715847,-0.03214548148162631,0.2521028048512132
31.400148,0.49758916629625455,-0.02598978686487785,0.2521637161690535
31.500098,0.49772497132252896,-0.02053929947974521,0.25220578822451617
31.60036,0.4977382648622643,-0.01628600845601189,0.25221815093567534
31.699961,0.4976461825165533,-0.013128538315762252,0.2522132265746424
31.799981,0.4974741323619312,-0.010803855906712385,0.2522025736080171
31.900013,0.49721606094789,-0.009047745826097556,0.25217799907873195
32.000007,0.4969606414014994,-0.007911179420143764,0.2521630554182718
32.100073,0.4967170155890853,-0.007371215451126621,0.252322753640291
32.200073,0.4963846717784406,-0.007263538791699937,0.25254919033343587
32.299994,0.49585709693123337,-0.007226966492507665,0.2528498703878206
32.399939,0.4949763358307042,-0.007144961544172853,0.25306815193308824
32.500005,0.49409972757496357,-0.0071133278524634904,0.25329886375516786
32.60009,0.4932133617260285,-0.007134030327967101,0.2537591269219488
32.69992,0.49269035000697364,-0.0071526744690300036,0.2545847473539799
32.800123,0.49288050279123824,-0.007163841946500404,0.2562149430159464
32.900219,0.4932173771978428,-0.0070220784154492715,0.2578666099361236
33.000166,0.49389361839301793,-0.006576814989139221,0.2595244198989854
33.100102,0.49531373799354356,-0.0059559795331584914,0.26167513084235805
33.200086,0.49770261663089066,-0.005137825168319736,0.2645211259909076
33.300043,0.4999404332942603,-0.0044459454248836384,0.266309287816034
33.400024,0.5015391174432597,-0.0039029364150180226,0.26670798824391007
33.500092,0.5031137824126626,-0.0035441957790826734,0.26698289381718254
33.600121,0.5044889493193276,-0.0032995658069299586,0.2671956149940477
33.700239,0.5061582751759826,-0.0030996246130333823,0.26740347793720337
33.800089,0.5074884467809054,-0.002971938971655417,0.267444942224311
33.900005,0.5081524142251138,-0.0028965013565959595,0.2669658003430674
33.99995,0.5084689491330106,-0.0028440528238665233,0.2658988993207223
34.100055,0.5086382829205781,-0.0028016502891865984,0.2648432090076708
34.200381,0.5087797682878822,-0.0027561901371933794,0.26374861425788787
34.300245,0.5087156917816118,-0.0027222933988934137,0.26224961784399226
34.400216,0.5084760075294751,-0.0026908153502240694,0.2603752754593078
34.499971,0.5082990336268562,-0.002674675860986812,0.2591902973544271
34.599943,0.508293169821043,-0.002670240818257983,0.2590716451574111
34.700067,0.5082910273897893,-0.002669059293559337,0.2590635777802136
34.800159,0.5082850314510801,-0.0026721905329054477,0.25903149371214257
34.899961,0.5082681143512354,-0.0026705490191005887,0.25889358045526545
35.000013,0.508224594455721,-0.0026603716964774078,0.25860348999231175
35.099968,0.508160771708993,-0.002653564326864249,0.25816865369765196
35.200285,0.5080750844234865,-0.002644002452654088,0.2575945919813257
35.299901,0.5079687784874353,-0.0026329443501372767,0.25687019469206784
35.400389,0.5078601189473473,-0.0026218249880978423,0.2560531276576342
35.499999,0.5080011709891413,-0.0026133812677387224,0.25588939746160455
35.599947,0.508042850275399,-0.0026088805432365938,0.25581280899066483
35.699971,0.5081685424927556,-0.0026050586704026183,0.2557485624675943
35.800141,0.5082469661740041,-0.0026073873660308923,0.2556498282833596
35.900132,0.5083289544799631,-0.0025978593509171696,0.2556204540975198
36.000166,0.5083748292375382,-0.002597362421710438,0.2555843281502208
36.100257,0.5084025166667602,-0.0025881190729776203,0.25557020776845285
36.199929,0.5084154813379899,-0.00251532464792187,0.25555875770237924
36.299974,0.5084408307585365,-0.0021271208440878818,0.2555693302245955
36.400011,0.5085478407727049,-0.0009853335440769464,0.2556705776749418
36.50032,0.5085831678160783,0.001251458817000342,0.25570537959123996
36.600686,0.5085921739597286,0.004449211398136026,0.25573612233224363
36.699958,0.5086108184346303,0.008147816327422296,0.25581047479088803
36.799935,0.5086009509119331,0.011517969798200852,0.25587252392853543
36.900015,0.5085773560811604,0.01412617533770838,0.2559176030166435
37.000121,0.5085659484096571,0.015573518880486472,0.25594968109923744
37.100375,0.5085610735369951,0.016170396358314625,0.25596241295752975
37.200501,0.5085499064659725,0.016596092194046487,0.2559670542794526
37.300008,0.508544710969281,0.01687772970375525,0.25596858695584246
37.399932,0.5085445313263716,0.016928761883249207,0.25596656012756125
37.500006,0.5085569912321987,0.016928281407805557,0.255973089658317
37.59994,0.5086805969503483,0.016942051601656048,0.2559858915474136
37.700259,0.5089689859190142,0.016966213763877414,0.255933638189467
37.800003,0.5095575534445035,0.01700314333798802,0.256100898796112
37.899945,0.5098622156887692,0.017025686718016058,0.256088255059427
37.999997,0.5101610036216511,0.017043348863952965,0.2562059362080638
38.100396,0.5105402078827592,0.017069160057082644,0.25632941424514494
38.200075,0.5109052832632577,0.017090078363045894,0.2563498143371073
38.300004,0.5114706860103975,0.017127844472367364,0.2562833736746636
38.39998,0.5125278818539901,0.017209817461349218,0.2560607774545305
38.500023,0.5144196995627839,0.01733706907521909,0.2559078604942289
38.600444,0.5164315941416926,0.01745983012843833,0.25615578966091423
38.699906,0.519004290517196,0.017617415098893627,0.2566243985267832
38.799956,0.5221685331709095,0.01781890606859674,0.25621086629183876
38.89989,0.5266122587104226,0.018073925554832553,0.25648848350850817
39.000174,0.5311796669660951,0.018330897136087935,0.2567843949246751
39.099986,0.5355008411180792,0.018565291071378685,0.25701558491304116
39.200103,0.5403947176393533,0.0187995049699257,0.2570812777720921
39.300079,0.5448816615666653,0.019016007757219386,0.2575295620298094
39.399937,0.5485574985361141,0.019163660793502256,0.2574832020248179
39.499967,0.551938045968997,0.019200136422638188,0.25763030724762764
39.600003,0.5543253296788877,0.01927800444378095,0.2580132347509474
39.699999,0.5558654326440905,0.01934341590025916,0.2577880740325944
39.800246,0.5569194621078112,0.019377860645198232,0.25780670725939636
39.900114,0.5574592946635695,0.019399242637241004,0.25754495624250057
40.000233,0.5579823383395242,0.019408778645123727,0.25760968070321855
40.0999,0.5581199411190362,0.019292784808137037,0.2575518383119166
40.200171,0.5581639036813576,0.019121705163189624,0.2575802320997167
40.300061,0.5582409274533263,0.018556553370442604,0.2576319938373891
40.399951,0.5583117856191269,0.01720118446036912,0.25763529938923185
40.499909,0.5583683610149918,0.015321307030090839,0.2576018669890725
40.600083,0.5584208931061942,0.013369739853608509,0.2575710121640786
40.700398,0.5584669277480531,0.011260299039715125,0.2575349313721408
40.799952,0.5585058373856697,0.00901396509430286,0.2574940127130442
40.900056,0.5585347641499363,0.006664345361889206,0.25744829634433564
41.000138,0.5585562865629731,0.004506788691989163,0.2574189953254029
41.100231,0.5585648462322615,0.003002227215135678,0.2573964556485938
41.200148,0.5585668341925074,0.002506504852749723,0.25738865970190583
41.300373,0.5585666633453825,0.0025191902429004473,0.2573922549031404
41.400108,0.5585690280316435,0.002530644606624122,0.25739367175648903
41.499995,0.5585676018253452,0.002565949675222584,0.2573930879524723
41.600008,0.558564411987746,0.002721695292444407,0.2573949348037132
41.700088,0.5585597469208274,0.002849598172915459,0.2573940295460074
41.800203,0.5585584045852418,0.0031910059952694123,0.2574049139802119
41.899985,0.5585533879921742,0.003820515194098874,0.2574160309820652
42.000075,0.5585445154688319,0.004589664770001773,0.25742463421075545
42.099955,0.5585375889996227,0.00538872908492361,0.2574370195266395
42.199996,0.5585333282426606,0.005860434796001171,0.2574440191818677
42.300114,0.5585293944092805,0.005983356629146246,0.2574443157844425
42.4,0.5585289923220768,0.005997215147094062,0.2574443656186293
42.500111,0.5585285750565899,0.006090626225358202,0.25744536107460536
42.600074,0.5585289241411342,0.006351219231490046,0.25745105542699004
42.700002,0.5585244638847363,0.006604589913038114,0.25745400892834125
42.799994,0.5585211362407007,0.006861504277654653,0.2574582911491314
42.899956,0.5585191012970033,0.007062504166789116,0.2574629926820632
43.000234,0.558520408101959,0.007140840585604725,0.25746613561412707
43.099989,0.5585191126609292,0.0071511492044661505,0.25746274797641694
43.199922,0.5585217574275806,0.0071550328760474026,0.25746504557778827
43.300112,0.5585611857582428,0.00716203127167415,0.2574829786189846
43.399997,0.5593423660324075,0.007264110997892352,0.25762623132077533
43.500197,0.5613056537673644,0.007566488154054542,0.2580589453991172
43.600203,0.5629480553561915,0.007681099991607087,0.25821172075134136
43.700225,0.565200353589609,0.007747853189376602,0.2584919352323135
43.800153,0.5674846685342364,0.007800354376790707,0.2580107897087868
43.899961,0.57042926620351,0.007860487916613527,0.2582843742403296
44.000001,0.5735643478118632,0.007909270534093338,0.2583446480227014
44.099957,0.5764434667741309,0.007971545273647965,0.2586544467246001
44.199993,0.5794733715446448,0.008029954073919293,0.258529972697663
44.299989,0.5833021725168249,0.008198861130320808,0.2585204649044213
44.399941,0.5873052635020697,0.008275208238729412,0.25903998743707235
44.499935,0.5908857503314702,0.008340109933068853,0.25912341202406386
44.600073,0.5947994059776573,0.008460424735143326,0.259187046934517
44.699891,0.5982943030889649,0.008512574465959257,0.2597438914099931
44.799963,0.6007713546006059,0.008586369991535867,0.25988702668615205
44.89994,0.6025969155054702,0.00862557633365523,0.25978697089213665
45.000158,0.6042289855758186,0.00864263134471171,0.25978573067484756
45.099914,0.6052124878361067,0.008645048561129503,0.25949321534087577
45.19995,0.6053434869861817,0.008654031631154455,0.25959615770328914
45.300088,0.6053546434673521,0.008649784649063463,0.2595964289670392
45.40023,0.6053544706037698,0.008637391491381301,0.25959179499745394
45.499965,0.6053541018255361,0.00861300337863673,0.2595917864883787
45.600179,0.605355678185392,0.00846340025659928,0.25958278570863713
45.699931,0.6053637620407796,0.008180891841876928,0.2595774703840858
45.799902,0.605378328758146,0.007413372768939837,0.25956131465040366
45.899921,0.6053898979768755,0.006173582199405411,0.2595268630073314
46.000113,0.6054108626083066,0.004557000424187957,0.25949963528002784
46.10012,0.6054283457989387,0.0028464105669932663,0.2594711823482642
46.199993,0.6054695264732651,0.0013439921668434874,0.25948597892742065
46.300244,0.6055343157595678,0.0001188667047206304,0.25952883191777376
46.40026,0.6056664928442762,-0.0014287216508360795,0.2595808894681052
46.500011,0.6061568554712192,-0.003223959946042342,0.2596012887094335
46.600132,0.607080282238382,-0.0048340669728871915,0.2596800550954032
46.700087,0.6082959777197217,-0.006315562672059243,0.26016560227443203
46.800109,0.6094050084394685,-0.00751581776109363,0.2602431631587155
46.900046,0.6105442229786543,-0.008306232019999856,0.26001998307584084
46.99989,0.6118106156645131,-0.008599217770398591,0.2601349874447983
47.099945,0.6128906923006383,-0.008579619510651396,0.26023372453415955
47.200216,0.6132625421060793,-0.008184393206360802,0.2600147686464443
47.30005,0.6137409764841603,-0.007142895880118537,0.2601761835102173
47.400136,0.6140461197545637,-0.004986309895804932,0.2600579623529866
47.499936,0.6141955342423892,-0.002171736654983685,0.2599551738712708
47.600042,0.6142703824187861,0.0007297049522951415,0.2600133575389527
47.699983,0.6143806505080618,0.0036290003444191905,0.2600263661609175
47.799942,0.6146767200266848,0.006203610017608201,0.2601264218999645
47.900133,0.6147565143993223,0.008314449076784296,0.260157491509976
47.999983,0.6147862502877126,0.010262654437099662,0.2601736376550693
48.09998,0.6147866070697503,0.012284025278971107,0.26018982466013546
48.199996,0.6147593987255723,0.0145278170743357,0.2602025994791104
48.299968,0.6147166216226385,0.016706721038393425,0.26021264453900045
48.40001,0.6146593861048656,0.01881434103050466,0.260214740359074
48.500073,0.614609932195238,0.020444403463958045,0.26021974991486324
48.599982,0.6145792318930487,0.021392894814030942,0.26022167769343796
48.700205,0.614559181849375,0.0219299654402306,0.26022160806533745
48.800074,0.6145350973816658,0.022586345332684634,0.2602185021328856
48.900226,0.6145078205630997,0.0233611860864409,0.2602246895755506
48.999971,0.614483945710306,0.023933590261386948,0.2602184740334135
49.099979,0.6144677050844122,0.024299725348327104,0.2602178161621818
49.19994,0.6144576190869615,0.024555450755364333,0.26022106726852456
49.299977,0.614379717132372,0.024754717598677672,0.2601819074116627
49.40033,0.6140246515957036,0.024920944278438405,0.25997819170890396
49.499909,0.6133012936660002,0.025148692044650478,0.25995967463238634
49.600321,0.6120116436869157,0.02539605224190221,0.2599303877716749
49.700023,0.6105793937110836,0.02562464357794863,0.25992528644629326
49.799982,0.6092756649421689,0.025739239230271497,0.25998549259189474
49.899916,0.6080070280663951,0.025521145107538782,0.25977291641875544
50.000088,0.6070054637069652,0.024880836570601108,0.2594830088212128
50.099974,0.606419653775691,0.023995257318628824,0.2594388991383991
50.200084,0.6059814890958566,0.022858751467585516,0.25940780796315077
50.300599,0.6057768779557695,0.021494964752681946,0.2593723734525355
50.400158,0.6057776840774926,0.020119251005702627,0.2593433600908889
50.499911,0.6058092522966007,0.018734300849650772,0.2593160270415828
50.600178,0.6058414727277287,0.017275297938461158,0.2592840158450285
50.700147,0.6058641146211798,0.015972434805130872,0.25925187935258776
50.800052,0.6058851873515455,0.014856315558740072,0.2592241284311033
50.900235,0.6059021354972832,0.013909161089534054,0.25919325267626303
51.000199,0.6059179611315323,0.013134070440583526,0.2591723304482579
51.100116,0.6059348206468415,0.012489802461849601,0.25917020811990066
51.200122,0.6059412869126741,0.012082795133328716,0.2591704459644288
51.299935,0.6057695029559469,0.012047341664908492,0.2593037997467166
51.399954,0.6037657517313949,0.011832142688783739,0.2599641185994336
51.499997,0.5988318641028293,0.011588264394328656,0.26141180347958715
51.599916,0.593898534767177,0.011445176404652029,0.26477142783031665
51.699952,0.5887395198818632,0.011276652442147051,0.2713688837632358
51.800109,0.5827323808504289,0.01091391404824279,0.27978331997473876
51.899931,0.5762150332487127,0.00985347725577039,0.2884300785251235
52.000024,0.5694661591174094,0.007463100173781263,0.29569873119533796
52.099999,0.5627677747004647,0.0024928120829933757,0.30088194703181054
52.200175,0.5565307402850116,-0.005938585396138273,0.3039638230262065
52.300071,0.5508482794412298,-0.017595572254781377,0.3057480311077283
52.400001,0.5461553288387001,-0.03133438276730854,0.30652329504874004
52.500102,0.541409345504901,-0.045463695253137426,0.3074276628107177
52.599993,0.5371886940540568,-0.05939063228639766,0.308220290734865
52.700278,0.5331083642079576,-0.07163496573744359,0.30805923154346065
52.800017,0.5279554980435854,-0.0814999733185021,0.3068541989929959
52.899991,0.523550640197483,-0.08994689750504757,0.30613815213096585
53.000285,0.518936657465614,-0.0970155942361528,0.30525530634336795
53.100092,0.5146353758806858,-0.10346750320368762,0.3041608091685691
53.20014,0.5107358400510578,-0.10960366626087807,0.30458244361010833
53.299935,0.5067835743481048,-0.11602340636779772,0.30675240370894874
53.399916,0.5040563306665101,-0.12393915111907507,0.3097109704419441
53.500092,0.5012265499318046,-0.1333267840087945,0.31288054886233024
53.600067,0.4983169415897051,-0.14382412752618362,0.31513992622284653
53.700186,0.49485227544770966,-0.1551860366590258,0.3151935723306492
53.80023,0.4910922762117814,-0.16651034696943096,0.3147886881166027
53.900088,0.4873851966452192,-0.1770107518962469,0.31297457891409075
53.9999,0.4850214128010481,-0.18620783072217514,0.3090114899882054
54.099974,0.4849071726735534,-0.19310175451645836,0.30267481003097785
54.200403,0.48575439513470087,-0.19708838914104787,0.29399298514831673
54.300067,0.4875553870706368,-0.19859774664903032,0.2846758996992139
54.400023,0.4902068958497401,-0.19974799073616015,0.27676752621968637
54.500017,0.4924358706090001,-0.20067902866373463,0.27047818993655726
54.60016,0.4950712984620538,-0.20171642802839992,0.2668467041626115
54.699989,0.4969099181701677,-0.20230621253619527,0.26418625337457174
54.80026,0.49891845689101944,-0.20294981359073067,0.2628075419559781
54.89999,0.4993350766112591,-0.20290165738682572,0.2608983639422848
55.000127,0.499302015697387,-0.20266584061187937,0.2599642050773411
55.099941,0.49933662979561444,-0.20259126037650763,0.25995365503341034
55.200011,0.49932854092102563,-0.20258163010608687,0.25995685053372575
55.299928,0.4991638469487557,-0.20253249041173674,0.2599427028169268
55.399909,0.4987273281876528,-0.2023905722852919,0.2599831749283699
55.500262,0.4980995603456974,-0.20207614128523319,0.2601870268399311
55.599936,0.49755679099897865,-0.20134537583757453,0.26057827643679704
55.700017,0.49717530951945876,-0.20038470160191454,0.2608943568655853
55.800272,0.49700911843894474,-0.19960656926544237,0.26089716674405444
55.900198,0.4967229767564026,-0.19886188136280528,0.26072502563336053
56.000138,0.49662756176455547,-0.1981610611554107,0.2605387110304388
56.099957,0.4966159104816171,-0.1977997864451248,0.2604468400021195
56.199983,0.49653898194791807,-0.19775398029900057,0.26036756015286405
56.299962,0.4964788585398417,-0.197732918048872,0.26028873647840717
56.400209,0.4964469045717677,-0.1977266294282296,0.26014974050808526
56.499911,0.4964071343043104,-0.1977192869527009,0.2598776473067716
56.599924,0.4963426084859827,-0.19771813415944187,0.25942318459718106
56.700292,0.4962351113808623,-0.19770711829404622,0.25863897749337905
56.800334,0.49609066513999217,-0.19769436610649216,0.25761783910861563
56.900048,0.49590489904890067,-0.19766839956564314,0.2562898487800668
57.000489,0.49573868172674795,-0.1976502147448186,0.25498372434676203
57.1002,0.4960397035955562,-0.19776314476816476,0.25509313764787517
57.200193,0.49613586304957313,-0.19779921842689777,0.25499985799696834
57.299925,0.4963119186088419,-0.1978670001893853,0.2548965319549075
57.399902,0.49657222733503176,-0.19796934370403851,0.2549212283898909
57.499984,0.49685615661539756,-0.1980778368328389,0.25491235572140847
57.600098,0.49719935021758477,-0.19828659724752795,0.25485931288498764
57.699967,0.4976574804520698,-0.19888536366430457,0.2547889027739859
57.799931,0.4982774089320353,-0.2001377198599378,0.2547404026127177
57.900204,0.4984118285749423,-0.20193503090600853,0.25453742518175737
58.000115,0.4981542321656948,-0.20388910859180312,0.25475579063904524
58.100002,0.4975572763851895,-0.20632358290861672,0.2546801180507422
58.199981,0.4969499733791572,-0.2090870223873146,0.25470722926911626
58.299937,0.4961640978854816,-0.21189602078136976,0.25476101997103684
58.399907,0.495340419666417,-0.21436617361913926,0.2547825303517225
58.500314,0.4948197862701597,-0.21601937164685822,0.25478371006656597
58.599927,0.4946586591808721,-0.21672889036326382,0.25477682018826797
58.700073,0.4945723660361623,-0.21726196167799192,0.25481328214215865
58.800102,0.49448172741107665,-0.21778398392980933,0.2548573819486683
58.900211,0.4944631769111044,-0.21802098831473438,0.2548866156578141
59.00022,0.49447513401440474,-0.21802990685313423,0.25488594657225594
59.100086,0.4944777670086425,-0.21803562294134288,0.25488740922306186
59.199934,0.49447938056445423,-0.21803660622791132,0.25488673885366264
59.300014,0.49448474323739455,-0.21803544983144496,0.25488125706221126
59.400147,0.49491145179255497,-0.21821394908326242,0.2549329668096196
59.500081,0.49693135741407407,-0.21894135061336256,0.2550375885640554
59.599988,0.4997102413697167,-0.21956818311979914,0.2545894718347149
59.699959,0.503476622301567,-0.22012324360059035,0.25475989073482325
59.799966,0.5077928121837342,-0.22033100695834135,0.25498930451077817
59.900268,0.511981019743725,-0.22009258887233507,0.2551867464053156
60.000103,0.5164565759279152,-0.21990787225071026,0.2552204576525833
60.099965,0.5204772828277658,-0.2198366432428312,0.25551485507959654
60.199957,0.5233844468429867,-0.2198202893179468,0.25577653838353354
60.299944,0.5252277997129452,-0.21982520483343512,0.25549284269631434
60.400001,0.5270969507195316,-0.22005329150544717,0.2554496125151546
60.500077,0.5279147434300151,-0.22005226234560843,0.2555357385922201
60.60007,0.5279862147915767,-0.2200594981237295,0.2554971976859306
60.700126,0.5280637758910584,-0.22007566397300346,0.25546559581856476
60.800107,0.5282448614196017,-0.2201133124635404,0.25550134452674883
60.899977,0.528720257978163,-0.22022728618399282,0.25567937821050823
61.00022,0.5295769536993686,-0.22032819536871975,0.2557764863034038
61.100017,0.5310273408896059,-0.22064513271877176,0.2560145163923452
61.200143,0.5325899851794507,-0.2209459660030328,0.255900687265057
61.300008,0.5340342272376224,-0.2211380543978828,0.25602323179189046
61.400048,0.535864415310579,-0.221282060956575,0.2565259695026247
61.499986,0.537301732107913,-0.22113620430482303,0.255899736885253
61.599994,0.5387508853158268,-0.22106729993605442,0.255665972262465
61.699953,0.5400361330048085,-0.22088340288649796,0.2563953267071638
61.800091,0.5403608134799981,-0.2203418569160744,0.2561183409945921
61.900203,0.5406127344453172,-0.22009741063115817,0.25621051639218834
61.999912,0.5406610902710858,-0.22001383770622882,0.2561891176353784
62.100122,0.5406650911227275,-0.2200146577813115,0.2561851637454871
62.200433,0.5406719849833644,-0.220003577352112,0.2561867947121633
62.300101,0.5407083436976712,-0.21992807728663735,0.2561857911571104
62.399917,0.5409400814079506,-0.2194127259476658,0.25617857008354294
62.500079,0.541378769771247,-0.2185661082847752,0.2562254003627914
62.599984,0.5419648592086603,-0.21725126649255122,0.2562032695884701
62.700008,0.5427089363131266,-0.21559227897261282,0.2561832064884292
62.800018,0.5435390173816732,-0.2136828670001118,0.2561461937430303
62.899984,0.5443797443575444,-0.21172480431933896,0.2561069960079126
62.999915,0.5452874094216505,-0.20962652791647457,0.25608515547774896
63.100197,0.5462047889111565,-0.2074455152389477,0.2560439108764816
63.200393,0.5471371167491509,-0.20522912469542623,0.2560179356427411
63.300176,0.547865488904661,-0.20352203840082198,0.2560211119480105
63.399969,0.5482704906603034,-0.20256866634511714,0.25602542061814426
63.500233,0.5484162863397704,-0.20223468563288513,0.25603223895945504
63.600108,0.5485276973608677,-0.201965703930936,0.2560345342405448
63.700088,0.5486620283760644,-0.20166012444319795,0.25605034659555787
63.799942,0.5487530543453645,-0.2013923967447954,0.25607227178078074
63.899909,0.5487101117797231,-0.2012752581878035,0.2561638829072549
63.999985,0.5486809250337104,-0.2012794650999407,0.25623463208275543
64.100234,0.5486253473287775,-0.20126294403777256,0.25637833062345017
64.200086,0.5485099054283892,-0.2013949144839948,0.25653202527138563
64.299926,0.5483992048412482,-0.20156003170727074,0.2567150623352186
64.400053,0.5479987053770005,-0.20188931680818292,0.2566595840477078
64.500104,0.5475551918506698,-0.202689316545258,0.25668452155157506
64.60019,0.5470340172840781,-0.20382517046220053,0.2566367146248434
64.700079,0.5465617108128824,-0.20500099968037894,0.25663209753249483
64.800079,0.5461694481959771,-0.20603615456701777,0.25666126649897286
64.900086,0.5459442694480667,-0.20663768888180734,0.2566777655313927
64.999981,0.5459082578283612,-0.20673113655941927,0.25666451876454716
65.099981,0.5459080330404168,-0.20672880833396406,0.25656374592115744
65.200181,0.5459062519905795,-0.20672898390248565,0.25650360695403474
65.300133,0.5459071852274441,-0.2067235019753585,0.2563937263423929
65.400097,0.545909367202609,-0.20672627236259722,0.25635352588646193
65.500072,0.5460280479955413,-0.20675265353680886,0.25636275898667577
65.599909,0.546168169898222,-0.20679549235039973,0.25630940390953877
65.699934,0.546462499127901,-0.20689839774631527,0.25633964606101356
65.800341,0.5473037370941723,-0.2071521702825238,0.25664207514161574
65.900048,0.5486652195006989,-0.20756753506112352,0.25680741574399046
65.999908,0.5504012379211807,-0.20807218023348367,0.2565359137816148
66.09998,0.5520855267284818,-0.20857023368171823,0.2566039557558132
66.199961,0.5540880036100784,-0.2091336207654368,0.25708087961606907
66.300095,0.5558123198412926,-0.2096309946728858,0.2564555277138701
66.399997,0.5575060250143947,-0.2100458008037785,0.25686213855368395
66.500067,0.5582015063625717,-0.21019119515158566,0.25711351922128284
66.599935,0.559023613924446,-0.210420813566626,0.25693654617204387
66.699966,0.5604793566164014,-0.21082282473308372,0.25708787940355327
66.800119,0.5617141287520301,-0.2111419287679804,0.25694261065274393
66.900162,0.5629018372265813,-0.21137765734921568,0.2570975808069438
66.999945,0.5647586404105427,-0.21172681113288527,0.25737656514848506
67.099983,0.5669724263897103,-0.21214605233379755,0.25676321013454356
67.199933,0.5695570625618053,-0.2125058973614179,0.2575456193502217
67.300009,0.571923817761685,-0.21265679685266303,0.2580636938607532
67.399955,0.5746074068453648,-0.21274191319303573,0.2575528480159015
67.49999,0.5777774961135621,-0.2127541318685247,0.25737442529492605
67.599962,0.5809286444397864,-0.2125946725005987,0.25781240128591065
67.700516,0.5832041632847876,-0.21208793428176084,0.2581084152589546
67.799973,0.5856387109773908,-0.21154258920768337,0.2580017046394776
67.89997,0.5877655361863097,-0.21075724222937786,0.25803756560571556
67.99994,0.5897595791354779,-0.2101120688941506,0.257960840496971
68.10006,0.5909454984330812,-0.20971204008223793,0.25763648327382355
68.199949,0.5913281072569598,-0.20959004680039062,0.2578730301216242
68.29999,0.5914047214173745,-0.20951408726130547,0.25784111154889316
68.399988,0.5914096668188716,-0.20950456279673213,0.25781042642897856
68.500107,0.5913982600825756,-0.20953633885338618,0.2578105926475829
68.600244,0.5913664297803705,-0.20963771005361728,0.2578244303039179
68.700569,0.5913534752015215,-0.2096786109734501,0.2578479235042295
68.800073,0.5913113653149196,-0.2098171347604363,0.2578792578136754
68.899993,0.5910712901015163,-0.21053100337434688,0.2579507944219197
69.000057,0.5906791899600373,-0.21165731616141545,0.2580378936603483
69.100158,0.5902831382129136,-0.21277690708200786,0.25811385623364896
69.200091,0.5898913968158033,-0.2138588673890702,0.2580743678453004
69.300108,0.5896544079740083,-0.2144881416427058,0.25795304622364595
69.3999,0.5895252543196717,-0.21485261598515235,0.2579071972468901
69.500052,0.5895756565692926,-0.21540874303713145,0.25787733629251064
69.599908,0.5896439981459021,-0.21644062553165816,0.25794583818859107
69.70008,0.5899268636140869,-0.21767754214522939,0.258136144098317
69.800015,0.59053145863316,-0.21909684393128587,0.25832725621137287
69.89998,0.5914325016700183,-0.22053700633220083,0.258308620511002
70.000068,0.5920539553948161,-0.22148503121565455,0.2580893006817553
70.099912,0.5927820614979854,-0.22227502811630553,0.2583594714261166
70.200129,0.5934126222321093,-0.22292265609116244,0.2584578472977682
70.300226,0.5938226414530549,-0.22318808887683209,0.258286156039082
70.40012,0.5939563670759318,-0.22322266180374645,0.2579670962675608
70.50026,0.5940545193436976,-0.22325709678794337,0.25796486670854
70.600139,0.5940590664620641,-0.22325377200278745,0.25791788697611456
70.700073,0.5940580602865482,-0.2232564623296109,0.25790435865451145
70.800056,0.5940566103848488,-0.22325795416651156,0.25789697235608444
70.900021,0.5940596735090429,-0.22325522370559772,0.25789824213680884
70.999935,0.5940587972730453,-0.22325215740522253,0.2578920576825189
71.100108,0.5940588400280012,-0.22325397275086442,0.2578934233033066
71.19992,0.5940605761138598,-0.2232541724813822,0.25789576548596094
71.300075,0.5940649632025331,-0.2232525282752757,0.257899007212782
71.400018,0.594070666216166,-0.22324378440066683,0.25789597686178223
71.500189,0.5940795263839784,-0.2232403313818114,0.2579027664694761
71.600142,0.5940913736428305,-0.22321685898324023,0.257901131158417
71.699965,0.594519135835742,-0.2229195744955942,0.2579893071087841
71.799967,0.5951059380221891,-0.22222018723116785,0.2580718136330352
71.900116,0.5956703586777305,-0.22121306253466227,0.25812222831898735
71.999929,0.5963394861457202,-0.21994911911750667,0.25816434633748664
72.100013,0.5971289782974671,-0.21853263264422582,0.25823309495321045
72.200108,0.597979337558296,-0.21701745449063314,0.2582216892073992
72.300177,0.5986422899050026,-0.21585134398180658,0.25822249517371265
72.400197,0.5990325399576859,-0.21518261095480906,0.2582536310241701
72.499928,0.5992612358537769,-0.21481299852622424,0.258274736519598
72.600177,0.5994999326619466,-0.21436146434244932,0.2582637793423044
72.699977,0.5998821153329155,-0.2134953961383575,0.25821582298843027
72.800076,0.6004205470442866,-0.21204728087868768,0.25809015990455275
72.900164,0.6010235390374458,-0.21034761117192322,0.2579486419224701
72.999948,0.6016584576905541,-0.20851244506435168,0.25778898641533776
73.099947,0.602238608344029,-0.20682710829687315,0.25766031369496395
73.2001,0.6026525977124048,-0.20563063045693267,0.25759728726288433
73.300151,0.6028535835436847,-0.20503947920488588,0.2575702544090505
73.400096,0.6029556265180942,-0.20473806694170021,0.25756327552281755
73.500238,0.6030393011694836,-0.2044915958020274,0.25758225114872335
73.599896,0.6031167761427642,-0.20423595375651646,0.25757682364963175
73.699932,0.6031035996960968,-0.20391659364943532,0.2577002914531315
73.800124,0.6027880480192982,-0.20353711844798114,0.25774643171008815
73.900113,0.6019350946317167,-0.20299335003976185,0.2578491249165304
73.999999,0.6007197247628144,-0.20252561047421197,0.2577896774173092
74.100064,0.599663994755253,-0.20228301815005653,0.25787205561965887
74.199954,0.5985997638156243,-0.20206120005562436,0.2577895123954051
74.299933,0.5970718090425746,-0.20173996372699168,0.25760041586929
74.399943,0.5963623034244099,-0.20161370042963067,0.25743207725738776
74.500185,0.5963129241571898,-0.2016195403233662,0.25740105124835716
74.600124,0.596263617976646,-0.2016442970365284,0.25740880004255956
74.700119,0.596211443078875,-0.20172219664869243,0.25742866413946974
74.799978,0.5961953393709377,-0.20177164133068476,0.25744273970981757
74.899975,0.5961715559862333,-0.2018463843286681,0.25745240320035656
75.000178,0.5961619069976194,-0.20187496802759675,0.2574537854043986
75.099896,0.5961564219398217,-0.2018906386658398,0.25745687665993383
75.199989,0.5961506486870372,-0.20190010600418526,0.2574516441022998
75.300133,0.5961421071315413,-0.201903680831153,0.25744537800188194
75.40028,0.5961372285598123,-0.20190101110941808,0.25744080733478436
75.500114,0.596133392760419,-0.20189901419003423,0.25743308556343814
75.599995,0.5961338355741146,-0.20189385651095515,0.2574314593070864
75.70009,0.596134410782195,-0.2018868850410793,0.2574311078639199
75.799972,0.5961361245615608,-0.20188223444828646,0.25743051206805057
75.899964,0.5961388585223781,-0.20187544405211746,0.25743088186328944
76.000054,0.5961427219769212,-0.20186817645967559,0.2574302732475528
76.100155,0.5961620847892151,-0.2018167501830994,0.25742429140077006
76.199977,0.5962248855681854,-0.20162917894529903,0.2574133370266729
76.299932,0.5962248174935312,-0.20162729291078102,0.2574074782885749
76.400004,0.5962325241813076,-0.20162331941117878,0.2574117347396755
76.499932,0.5962378318719178,-0.2016085586277999,0.25740985348074485
76.600117,0.596249810898564,-0.20158376269060982,0.25740994315881854
76.700369,0.5962608994624283,-0.20155793539917763,0.25741094391088765
76.799991,0.5962700648155187,-0.2015457135761612,0.25741357004433374
76.90007,0.596276328705587,-0.20153929022260653,0.25741340725345285
77.000139,0.5962871898817279,-0.2015325213233114,0.25741633619514875
77.099969,0.5965369867281002,-0.20158216418249508,0.2574798633723978
77.200163,0.5966429131113922,-0.20160140326968695,0.2574960137211688
77.299919,0.5967893998328586,-0.2016279420176749,0.2575388073023246
77.400091,0.5970172377448195,-0.20164835338372378,0.2576027408528763
77.499982,0.5976302626479337,-0.20148144491279726,0.2577362989405286
77.599949,0.5983561083550402,-0.2012553825206818,0.2578995072962594
77.70012,0.5990617897573131,-0.20108346652782338,0.25804689943243253
77.800011,0.5998264008314386,-0.201009015652023,0.25817054294358516
77.900185,0.6003126132358578,-0.20099927142732968,0.2582122458521118
78.000116,0.6008220239878196,-0.201082818783683,0.2582756347772458
78.100047,0.6010692502297976,-0.2011281497937145,0.2583038456390443
78.200163,0.6011137229038023,-0.20114059792971267,0.25830827723406863
78.300168,0.6011155309452664,-0.20113575664214406,0.25830924779689135
78.399998,0.6011095676711976,-0.20113163565518885,0.25830851290032636
78.499929,0.6007921667427017,-0.20106144098955772,0.25821872893870695
78.599977,0.5995641249661361,-0.20076564436022054,0.25840411988602896
78.699985,0.5957951780045825,-0.199653728552138,0.2589350780653884
78.800047,0.5912311291366119,-0.19842884413920986,0.26093380895669566
78.899976,0.5871019149996982,-0.19773088720657594,0.26422769296818316
79.000062,0.581980912390653,-0.19680532526772274,0.2678849283982607
79.10007,0.5762094853946268,-0.19575930078732084,0.27121585924403396
79.200015,0.5701198364285771,-0.19456894348545875,0.2737020627377348
79.299954,0.5638524736381404,-0.19311986340205378,0.2739320314110759
79.400165,0.5573768894676453,-0.19153264624224084,0.27294229892342725
79.499968,0.5516644629724274,-0.18990447031050264,0.27114765020022275
79.600143,0.5466629532936688,-0.18762882804892364,0.2697537985059906
79.700577,0.5434809113156309,-0.18394176722680364,0.2686968569655839
79.800003,0.5422799697863422,-0.17812787499321228,0.2694733730942934
79.899962,0.5423717691617476,-0.1702991912967293,0.2713298031472982
80.000069,0.5435910668049514,-0.16105986562846653,0.2732119498302848
80.100116,0.5447603755660085,-0.15041321116724216,0.275624727864038
80.19996,0.5463453994081426,-0.13885905924018727,0.27819042738682276
80.299986,0.5467212060132887,-0.12592355802023614,0.279630290812073
80.399917,0.5462273724168173,-0.11238473727095252,0.2806765113942117
80.499966,0.5461782062594035,-0.09923718386612847,0.28085033333209847
80.59996,0.5442067279213658,-0.08678248217577925,0.27976893710542994
80.700186,0.5419113554646954,-0.07586080525389505,0.2787780891129884
80.799918,0.5403406316248144,-0.06688408424278033,0.27795200925820385
80.900085,0.5395054079669419,-0.0597535493444569,0.2766482474179749
81.000168,0.5386876092086825,-0.05455939703184593,0.27502054287217576
81.099964,0.5387305078542515,-0.050981848611370444,0.27451906319483044
81.200003,0.539571900539041,-0.04896618185665085,0.27468570960187993
81.300312,0.5409156792024304,-0.04796084698059706,0.27487852998159135
81.400168,0.54291084178028,-0.04734991480311668,0.27478231421007515
81.500083,0.5444287900591126,-0.046797713339302,0.27387111903002326
81.600126,0.5458701893510386,-0.04622877642940985,0.2717597912482576
81.699989,0.5470716286893147,-0.04540755525011145,0.26908064584571245
81.799924,0.5481445376847416,-0.04438361332770576,0.2671367227807759
81.899942,0.5494381893538468,-0.04300941572843289,0.265412677792525
82.000176,0.5504687882480324,-0.04162964247801974,0.2640708124335387
82.100122,0.5508660264919925,-0.04050439280127133,0.26371444767069174
82.19992,0.5512613721540004,-0.039905681679357964,0.2638265077324048
82.300091,0.5514271078717375,-0.03974735079007952,0.2638706757802693
82.400257,0.5514463553745679,-0.039673183651918166,0.26384018914645646
82.499995,0.5514194725051519,-0.03957249275556934,0.26355916947934444
82.599989,0.5513436686735683,-0.03953036228228095,0.26293282671230683
82.700159,0.5512043129205907,-0.03951693638704938,0.26184352746855794
82.80018,0.5510081104666309,-0.03950095591967586,0.2602993255428466
82.900146,0.5507720389379624,-0.03947702839945391,0.25836528557074223
83.000149,0.5513854181238732,-0.0395014488696867,0.2585029762864607
83.100369,0.5516730562424484,-0.03950980009074444,0.25860272849348387
83.200246,0.5518530372352309,-0.03951859164864601,0.25836602093568617
83.299977,0.5521565979738833,-0.03953737691559937,0.2585000059686038
83.400206,0.5524294232835771,-0.03955165190657843,0.2585055665403313
83.500114,0.5527378318391444,-0.03957499564312106,0.2584762380253609
83.599974,0.5530509963531424,-0.03960461019643291,0.25847013459708323
83.699968,0.5531939565636,-0.03973380528809785,0.25840224453206
83.800023,0.5532543049645342,-0.04024416104892106,0.25841500063030776
83.900018,0.553284824180078,-0.04113908912185987,0.2584204395698418
84.000003,0.5533650671268329,-0.04246861085757059,0.25841148017668986
84.100061,0.5533665044280752,-0.04441563244676371,0.2584020814129092
84.199955,0.5533291599291802,-0.046868265833705715,0.2583826308435144
84.299936,0.5532682392756446,-0.04956173878021271,0.2583487112404508
84.400014,0.5532471446441837,-0.05259762199297021,0.2583316662641828
84.500121,0.5533222127604256,-0.05579262215518527,0.2582962345519838
84.600199,0.5533677365231736,-0.058704719794754986,0.25823211974482746
84.699961,0.553390549289941,-0.06135424317103685,0.2581675185839632
84.800141,0.5535058788231397,-0.06396433061677248,0.25809910794204277
84.899966,0.5536449651446339,-0.0667327229630556,0.2579829910349456
84.999958,0.5536522746563861,-0.06965699297860282,0.2579802038341409
85.100006,0.5535123646829355,-0.07221485562913216,0.25796160519138067
85.200082,0.5533236426645517,-0.07402428068272827,0.25797282878778394
85.300091,0.553214800391344,-0.07489655892433195,0.2579800493766082
85.400146,0.553199422609041,-0.07500789378670261,0.25798345751333523
85.500165,0.5531984167025593,-0.07500255671489475,0.25800376004408265
85.599962,0.5532125666829851,-0.07492551997511336,0.25811128666835476
85.69991,0.5533056812491058,-0.07430052501270314,0.25832300664664404
85.800159,0.5534981612567416,-0.0720450949857768,0.25875520520636813
85.899961,0.5538069689436338,-0.06854334219963482,0.26011800248210704
86.000008,0.5545825107126153,-0.06489191187070949,0.26275413117791935
86.099961,0.5552188624450051,-0.06154439609220867,0.2646908108325538
86.200116,0.5555478924881544,-0.05872322801731941,0.26497057757141806
86.300197,0.5558011283461683,-0.05639756944314696,0.2649754053837501
86.399942,0.5560949261671255,-0.05487524554680944,0.26504987271713626
86.499938,0.5569557244391916,-0.05438455816408865,0.2654944601733111
86.600241,0.5582436568942755,-0.054470537872624125,0.2658389888709958
86.699908,0.5600770432574034,-0.05458083764425684,0.2659597821797581
86.800301,0.5622763231219674,-0.054709489665509384,0.2662095700518325
86.899975,0.5643089353309629,-0.05482681092369481,0.265574821807081
87.000237,0.5654799717349805,-0.05488182896613536,0.26360120204337356
87.100135,0.5656306960576603,-0.05488176155852529,0.2616449057088679
87.200163,0.566124036420208,-0.05489692054508291,0.2605863148556145
87.299917,0.5668010951090504,-0.054928779407977656,0.26032674634054564
87.399934,0.5672236632239751,-0.05494759463574879,0.26041183648948013
87.499937,0.5673029206381108,-0.05494380341094573,0.26012193712809967
87.600994,0.567235647531659,-0.05493308207238418,0.25948420832280433
87.700024,0.5672160138697246,-0.05493318386265353,0.25909033665898196
87.800602,0.5673576733012612,-0.05494639441750797,0.2592254688316228
87.900208,0.567484364037016,-0.054955678767041986,0.2592659882776
88.00002,0.5676288177759111,-0.054966568546153484,0.259358852225974
88.100165,0.5676903230279438,-0.05497082744146936,0.2594214944187612
88.200174,0.5676883460627253,-0.05497298275120982,0.25941889005233576
88.29997,0.5676765196555893,-0.054972712041128066,0.2594038423672743
88.399986,0.5673679686698446,-0.05494997000950303,0.2590702541950387
88.499987,0.5668315844838595,-0.05491034537677927,0.25873550726087696
88.599972,0.5659053438498599,-0.05483193451006135,0.2586271328213866
88.699916,0.5644875106445792,-0.05472101526913925,0.2586158869036813
88.80002,0.5632312076817892,-0.05462339826750092,0.25861340837454655
88.899945,0.5615991424606175,-0.05449922728474111,0.2583531170100971
88.999918,0.5603547280167022,-0.05439962836594003,0.25817055076283635
89.100151,0.5593312569471397,-0.05432429791235992,0.25816002460401893
89.200085,0.5578810347355925,-0.05421111591371478,0.2581281509980134
89.29992,0.5555617562293521,-0.0540359582840149,0.25857453465815566
89.400115,0.5530074755076766,-0.05384067718776577,0.258320156333926
89.500056,0.5500202704017967,-0.05361583900253515,0.25820920414881066
89.599958,0.5468643673522913,-0.05342505872528536,0.25770480824343
89.699991,0.5429874684554951,-0.053387728991629094,0.2578428324448632
89.799955,0.5387251012746526,-0.05319786711101997,0.25761473702614535
89.899965,0.535858620342939,-0.05298510642706069,0.257022117716199
89.999957,0.5329420760217011,-0.05275029125745592,0.2574341145181462
90.099959,0.5302609285144444,-0.05251775349687968,0.25741978775153734
90.200004,0.5292457198225198,-0.05243602898476284,0.2576208053252865
90.300127,0.5283459785301693,-0.05235942086921364,0.25742271587475696
90.400053,0.5279804728569022,-0.0524526705956075,0.25778400135281565
90.500091,0.5276472547637896,-0.052730921381413776,0.25817133733969533
90.599994,0.5276677048743346,-0.053770692251600284,0.2594729626896431
90.69995,0.527825079670064,-0.056993026350612895,0.2631517218513157
90.800103,0.5279740521039074,-0.06291333079295913,0.26911562143466017
90.89991,0.5282050762604344,-0.07090260764483283,0.2742290142863531
91.000094,0.5276014406132571,-0.08042449393964117,0.2772547684295318
91.099993,0.526373978430724,-0.08981010840541855,0.2785936770331115
91.200004,0.5253525202855668,-0.09855692992546959,0.2792587774015314
91.299994,0.5251526281055731,-0.10577117283929703,0.28064039141610997
91.39993,0.5258038596829158,-0.11121866492721064,0.28231995104528573
91.500127,0.5278394616133247,-0.11513659244648093,0.2831872660988756
91.599939,0.5305041687707575,-0.1176427082565658,0.2817367034167645
91.699989,0.5323555889244439,-0.11848044733737406,0.27738908244066585
91.799967,0.5336778381201964,-0.11879887522989728,0.2719325395901361
91.900007,0.534466336289802,-0.11902967735804419,0.26589971856299277
92.000174,0.5353967114578058,-0.1192750098867033,0.2612428153597528
92.099964,0.535679711963449,-0.11936243934444789,0.2574460447202275
92.199977,0.5375576119638237,-0.11964069632344596,0.2575309074428046
92.300058,0.5392654494229232,-0.11996337548041848,0.2577789864925069
92.400065,0.5397406087736472,-0.12001723059205381,0.2574323623791479
92.500089,0.5402531698497267,-0.12012960097213798,0.2578290418045193
92.600022,0.5403998237777683,-0.12015834565398721,0.25768197650757974
92.700052,0.5406465387918304,-0.12021044398432283,0.2578795638990439
92.800165,0.5408360958197179,-0.1202440950692156,0.25793735880720725
92.899962,0.5410088588360404,-0.12028909037138365,0.25798468810092234
92.999915,0.5412932088918417,-0.12035769428683826,0.2580286068505417
93.100219,0.5416931469899804,-0.1207940439096773,0.25801398376065826
93.20001,0.542042928178809,-0.12184363891391732,0.2578930183718178
93.299942,0.5424318325237424,-0.12376842728363963,0.2577093327581237
93.400153,0.5430480661120031,-0.1262335352308375,0.25756753024169465
93.500128,0.543884444709572,-0.12887796636307547,0.25769091963773344
93.599967,0.5445960104300261,-0.13159811284452103,0.2575502834932801
93.699988,0.5454948635152727,-0.13414922845921262,0.2573691234908329
93.799922,0.5463481116660414,-0.13630666994617224,0.25766215014357086
93.900233,0.5466044913241686,-0.13820414202755088,0.2577553422057939
93.99994,0.5463045604804445,-0.14022419873864458,0.25785016533032484
94.099953,0.5456424510429341,-0.14290207949973366,0.2578675361028795
94.199972,0.544786143210716,-0.14613383967456878,0.257866313652481
94.299971,0.543846633586284,-0.14957831100775296,0.2578513326827605
94.400381,0.5430121389573909,-0.15257126224275205,0.25780977370723734
94.500005,0.5423062904037322,-0.15502918935965834,0.25772293481836445
94.600149,0.5416480089807929,-0.15730104357108823,0.2576193244652943
94.699909,0.5409995761357447,-0.15953136332715917,0.2575199860886752
94.800151,0.540537272245335,-0.16155900321924335,0.2575330310762291
94.900077,0.5402571989503164,-0.16295078309129102,0.25758548176006424
95.000047,0.5401833485318136,-0.1632951819579648,0.2576186202795494
95.100083,0.5401859087521036,-0.16328987704069958,0.2576554729583742
95.200141,0.5400923920540806,-0.16324723711026312,0.2578975401772141
95.300005,0.5387008455866142,-0.1627380479048841,0.25798460607346
95.400109,0.5355401191022123,-0.16101149476050464,0.25834355487121163
95.500076,0.5317234515527285,-0.15781698893327367,0.26137793632294637
95.599947,0.5278416228891438,-0.15311673020368918,0.26651087106231697
95.699938,0.523965813721521,-0.14663773885574102,0.27176811934908657
95.799908,0.5198258458602074,-0.13857251238512688,0.2756698561568274
95.899961,0.5152504766942132,-0.12861333657941854,0.2765267314678502
96.000233,0.5106754519293802,-0.11783509461376576,0.27508738917919023
96.100061,0.506842774651116,-0.10680055340016459,0.2727741637648226
96.200127,0.5041155190563668,-0.09667874168725393,0.2710021926048233
96.300016,0.5031117306568462,-0.08753609514743377,0.269712693914359
96.400136,0.5035575041032712,-0.08000597062908756,0.2689580824595747
96.499931,0.5042030218330419,-0.07373857544693918,0.2686127371984848
96.599898,0.504834171650547,-0.06920993818368076,0.26860013782784903
96.700069,0.5052234946857959,-0.06628229904010988,0.2685218711419902
96.799981,0.5053057734242662,-0.06509211853643293,0.267903402197051
96.90015,0.5051220830389235,-0.06504498430258301,0.26642955922081485
97.000095,0.5048811187316182,-0.06503036210121678,0.26454840032661764
97.100147,0.5046868715815928,-0.06502149046063273,0.2623597651876651
97.200136,0.5044439989673744,-0.06501884290900665,0.2604821442859296
97.300119,0.5045918884929983,-0.06506108807829808,0.2599632078306958
97.399906,0.5052468642020048,-0.0651465976987415,0.2603650438842643
97.500112,0.5060370239842427,-0.06523633992383851,0.26093602744967154
97.599997,0.5067961313381073,-0.06531959029638629,0.2613136714705708
97.700201,0.5073451778896925,-0.06535681042256564,0.2611854608912081
97.800145,0.5077234171293201,-0.06526176533412026,0.2601504211768671
97.900118,0.507844063844311,-0.06498274626332096,0.25869239419955037
98.000172,0.5077434479226075,-0.06458405534484499,0.25757719236259813
98.09994,0.5080086658588645,-0.06426652511999688,0.25748879914364864
98.200002,0.5083257926914035,-0.06403790727816717,0.25754046596508173
98.300071,0.508472977077432,-0.0639458780439032,0.2572436825429893
98.39992,0.5086446505904904,-0.06394714685665048,0.2572156575701761
98.500092,0.508701038806782,-0.06395053004226967,0.2571650242951521
98.600086,0.5087026122939123,-0.06394906276775361,0.25714371733677494
98.700125,0.5087031811932353,-0.06394970672610549,0.2571450497258603
98.799935,0.5086917026960011,-0.06395155964472322,0.2571339710106233
98.900215,0.5086368466553167,-0.06394286159781334,0.25709247546980585
99.000074,0.5084740876158977,-0.06393188996936114,0.25702174418597223
99.100059,0.5081972286656676,-0.06399266249704848,0.2570239130796069
99.2003,0.5076657366191829,-0.06416129200820415,0.2569458082817577
99.300162,0.507076273075059,-0.06438818848683502,0.25688528193465987
99.400306,0.5065767027598431,-0.06465129837650205,0.256805470297939
99.500128,0.5063179092604434,-0.06490367894053745,0.25677255750222117
99.599983,0.5061303499522676,-0.06512107692871803,0.2567258162733933
99.699977,0.5059683596765463,-0.065297310082283,0.25669234361071075
99.799984,0.5057769387819262,-0.06547078747237506,0.2566419582262893
99.900018,0.5054775188841608,-0.06567583297887368,0.2565844006313327
99.99993,0.50504110669202,-0.06602319485473093,0.25650786831880773
100.100002,0.5044945011531343,-0.06652279888936206,0.2564389200280842
100.200195,0.5037443046657513,-0.0671769213223092,0.256347200368372
100.300016,0.5029061000428149,-0.06831627279996437,0.256198368023711
100.400198,0.5019136060177106,-0.06980588124519278,0.2561129596436001
100.500112,0.5000858953708572,-0.07170274660647276,0.25615079203399527
100.599899,0.4982107392983171,-0.07419270374855882,0.25619428069012584
100.700055,0.4972991389551556,-0.0768288376813727,0.2561562584324716
100.799936,0.49651757236914473,-0.07948731443344642,0.256142963998844
100.899946,0.4957441565255156,-0.08200343407676391,0.25608946569485463
101.000103,0.49511873841829535,-0.08411060631612007,0.25606345987845913
101.100266,0.4946609690773626,-0.08600704761452453,0.25603688165567967
101.200155,0.49425259539614724,-0.08806818819734634,0.25602326301915607
101.299911,0.49380420253962837,-0.09046109609409812,0.25600954620430666
101.399965,0.49330501765631957,-0.09311398184325335,0.25600470646713736
101.50022,0.49284506819653834,-0.09548770722918773,0.2560013032425793
101.599922,0.492449949693701,-0.09744592322001369,0.2559899723648343
101.700173,0.4919977406727495,-0.09961993372452776,0.2559712034109191
101.799968,0.49139473216486856,-0.10219038075923592,0.2558948272106548
101.899969,0.49073365371603345,-0.10517748962840863,0.25586373174548016
101.999974,0.4900674737056089,-0.10808657667351176,0.25583060310867356
102.100116,0.48953409351318034,-0.11037833236738077,0.25580826165282655
102.199993,0.48907799772961386,-0.11235237387789361,0.25580219275585064
102.300102,0.4885903321647628,-0.11443966801178279,0.2557975215323891
102.4,0.48804113643475794,-0.11674853376949379,0.255795972810949
102.499932,0.4874734901030346,-0.11909928169960453,0.2557967801623076
102.599959,0.48699293054086834,-0.12102743117519309,0.2557910436135892
102.700009,0.4866444996994845,-0.12241002725797001,0.25578611730085127
102.800117,0.48623424315729213,-0.123992625196338,0.2557738410872296
102.900179,0.48570067639031494,-0.12602522326890978,0.25575912060659384
103.000012,0.48536283937148217,-0.128319770652698,0.2557786355407186
103.100096,0.48492845367218657,-0.1306215441375144,0.2557596108870652
103.199951,0.48464963485945733,-0.13259977156785552,0.25573537706302635
103.300081,0.4850171796354314,-0.13417790738696617,0.2558371466507407
103.400165,0.48613678490841594,-0.13563927828743993,0.255930816289321
103.499993,0.48745311625524246,-0.1370997350184363,0.25587954339008195
103.600148,0.4888799885042203,-0.13835376896173465,0.25575362005080116
103.699953,0.49089530851781155,-0.13960374093829242,0.256005425684387
103.799991,0.4918614315979894,-0.14029361993404996,0.2561400396087812
103.90013,0.49230505498726157,-0.14055073463564602,0.25618657308519965
104.000113,0.49291443330727436,-0.14075955056329909,0.256111840732911
104.100199,0.4935088041359492,-0.14094675007981228,0.25605515474689033
104.200092,0.49447334503452384,-0.14124163061925382,0.25606939229076364
104.29995,0.4951547639200142,-0.14144314005925043,0.2560206290455039
104.40002,0.4958215206540174,-0.14163568607532434,0.25616813748512823
104.500204,0.4965579417971005,-0.14185321870807602,0.2563293037593929
104.600073,0.4973493189811268,-0.1420801446384039,0.25646128105583144
104.700016,0.4983781228121922,-0.14238641768565197,0.2564391074577864
104.800178,0.49926174423220965,-0.14264958156803748,0.2560598675703292
104.900159,0.49976266854534745,-0.1428068873840953,0.2561620935556679
104.999985,0.4998382972696475,-0.14283122640182971,0.256122360754349
105.099937,0.4999530015288982,-0.1428625814864749,0.2560932097391691
105.20025,0.5000049248759972,-0.1428778264715804,0.25608341193903555
105.299943,0.5000273046741728,-0.14288292055826576,0.2561005347149854
105.400018,0.5000313446893508,-0.14288625691991175,0.2561070304283697
105.500072,0.5000237874640459,-0.14288069063990647,0.2561506404115035
105.599952,0.4996709405717097,-0.14278531573161657,0.2562949057498266
105.699999,0.4979388537261723,-0.14227041360094728,0.2564451686077741
105.799918,0.4936679733892591,-0.14099491371059797,0.25684645051826205
105.900053,0.4889027820725918,-0.13954387559051507,0.25697845907518946
106.00011,0.48436302052817076,-0.1380774165792439,0.25880697158004146
106.099917,0.47988389062543463,-0.13642595948124386,0.2612286010104776
106.199989,0.4755489103723326,-0.13401674968853636,0.26445235123743327
106.300411,0.4727774805239304,-0.13024716928066402,0.2688324660792817
106.399966,0.47084774312947225,-0.12451268339668436,0.27422587700788303
106.499985,0.4705941131313043,-0.11746433097841738,0.28112947185935344
106.600055,0.47051761673390896,-0.10971413349926469,0.2889927808815424
106.699968,0.4708293357908082,-0.10239917628875941,0.2984363593069321
106.800683,0.4716526775401463,-0.09567983066636801,0.309661652853824
106.899945,0.4723609399894055,-0.0895029909091729,0.32250705274910135
107.000767,0.47199250740699605,-0.08320652984297162,0.33575971004914207
107.100002,0.47039741508054733,-0.07720717761006116,0.34900481365061253
107.20018,0.4685934289942726,-0.07157798079623731,0.3623336078832133
107.300241,0.4663811539306903,-0.06628100876565757,0.37510915426079194
107.399993,0.46375078536173464,-0.06112217937799024,0.38761992880387924
107.499998,0.4600363793059219,-0.05607805268370258,0.3988044109097267
107.599947,0.4566731606064735,-0.051149406580153496,0.4081019210591399
107.70009,0.4539284920651671,-0.04641384534352454,0.4156860708133231
107.799949,0.45146745217308243,-0.04215895719615578,0.4209170702211746
107.900144,0.44835788357583445,-0.0386588682345925,0.42327089496274284
107.999998,0.4460430470950821,-0.03579527052995107,0.4233839360959496
108.099963,0.44495113032496847,-0.033189904736024976,0.4224140891618347
108.200145,0.4442988217617772,-0.03132048221170962,0.42124666604993544
108.300035,0.44403856581146717,-0.030262017416116244,0.4208456399100007
108.400152,0.4440835223878554,-0.029650907175455654,0.4208588108919008
108.499956,0.4444818158548803,-0.029346472540326754,0.4210558243955106
108.599925,0.44578785428343004,-0.02926661448587229,0.4219497979927978
108.69994,0.4484416817726456,-0.029161901900787886,0.42386676549362934
108.799973,0.4526301742874552,-0.029014939262934965,0.42744514966872643
108.899964,0.4579296384164347,-0.028828432654264574,0.43295229649924577
109.000239,0.4646160736911946,-0.028287141360279863,0.44085584547137147
109.100017,0.47196411395078963,-0.02708122102399566,0.4502937621582476
109.199932,0.4796297994729236,-0.02517553168999409,0.46126783885062556
109.300259,0.48723704637916426,-0.02296605865781332,0.47294912602956674
109.399981,0.4945580416368686,-0.020454939516675336,0.4854460101665936
109.499947,0.5016103309973062,-0.018195621425507923,0.4990904011720601
109.599964,0.5081047327381704,-0.016576659099116323,0.5130751718496454
109.699955,0.5140107063616378,-0.01519751095454162,0.5271653614330646
109.80005,0.5193232309389242,-0.013872223874869229,0.5414183919920604
109.900019,0.5240438641592272,-0.012799910726405121,0.5555125691557542
110.000131,0.5283059461063524,-0.011962183036617918,0.5701479208486646
110.100313,0.5321049019356084,-0.01110990784425951,0.5860338994863974
110.200076,0.5352774070201851,-0.010204340194467,0.6025446977786215
110.299948,0.5377376137230013,-0.009222210047080058,0.619778734586592
110.400248,0.5393539931824483,-0.008173194700486584,0.637841889972268
110.500077,0.5399995467362406,-0.00711061048932581,0.655537292133301
110.599968,0.539690502203119,-0.0060185839099292406,0.6727981369970341
110.700105,0.5384985968778815,-0.004969863015611774,0.6892946529690039
110.800019,0.536653972705198,-0.0039879753119257694,0.70387777366923
110.900138,0.5344868642090884,-0.0031127469686102983,0.7159362202799481
110.999929,0.5322487125895391,-0.002369403170573597,0.7259037606022998
111.100089,0.5302633277682618,-0.0017925718052299645,0.7334148716235349
111.199937,0.52868718110282,-0.001358769797628221,0.7385029943635628
111.30006,0.5276184786781668,-0.001077595409121583,0.7417302345737533
111.400095,0.5269440520648109,-0.0008984771047360267,0.7436841293905883
111.500016,0.5267813796991465,-0.0008430898360964059,0.7441475896864959
111.600082,0.5267696307958707,-0.0008290300778008059,0.7441780381168766
111.700072,0.5267904708281531,-0.0005891706983941125,0.7441224222902642
111.799989,0.526897203579847,-0.00014825295659693272,0.7438250708551986
111.900019,0.5270437017895845,0.00018671670443246718,0.743411374246673
112.000191,0.5271819972511215,0.00036492305520675374,0.7430177414571383
112.10002,0.5272386070106859,0.0004207407690109727,0.7428518250095932
112.200119,0.5272511403523711,0.0004412902524001973,0.7428183851987339
112.300154,0.5272498990697951,0.00045078991696563,0.7428236996882922
112.399994,0.5272480246057039,0.000452841293668712,0.742828284598566
112.500017,0.5272271303876205,0.0004619962383116687,0.7428869684594523
112.599959,0.5271918397787494,0.000472608412367521,0.7429894469835124
112.700059,0.5271664529908245,0.00048140309458843,0.7430628755739553
112.800065,0.5271515428636799,0.0004818206813994412,0.7431079737734513
112.900087,0.5271510666299479,0.0004832228120456134,0.7431067076461801
112.999987,0.5271512089568793,0.00048688704964678156,0.743108712183273
113.100179,0.5271517912231984,0.0004909536056589125,0.7431079830522678
113.200233,0.5271524830091584,0.0004844182126370095,0.7431010098506855
113.300103,0.5271555462061255,0.0004837711008828418,0.7430960990519974
113.399971,0.5271548865510919,0.0004901994221350554,0.7430955427592691
113.499921,0.5271542932959192,0.0004899753616244809,0.7430986318882278
113.600119,0.5271562448926393,0.0004889563890951875,0.7430936876442528
113.70006,0.527156704705627,0.0004932158488900431,0.7430915653838857
113.799989,0.5271562232548793,0.0004969903138911074,0.7430929886320858
113.899953,0.52715519317364,0.0004947129726855014,0.7430976759228162
114.000086,0.527153635986445,0.0004934231603868817,0.7430976063709642
114.099932,0.5271549559188754,0.0004950665602937495,0.7430963076065803
114.200046,0.5271540474887157,0.0004910773944209448,0.7430982083344689
114.299939,0.5271528319278873,0.0004962676310632985,0.7431026182979203
114.400023,0.5271548469123503,0.0004937708637761356,0.7430944565551463
114.500362,0.5271533743046853,0.0004938898717900605,0.743098975957414
114.600185,0.5271549971003937,0.0004971806241228906,0.7430969747965317
114.699973,0.5271552788562335,0.0004969429114968047,0.7430984339234392
114.80026,0.5271538243158046,0.000496280864794725,0.7430979073699764
114.900138,0.527153546577477,0.0004970080238958158,0.7430976482386987
114.999908,0.527154129896066,0.0004976766538919773,0.7430990380367009
115.100019,0.5271546398977061,0.0004943321683252974,0.7431030352181694
115.200094,0.5271555375581342,0.000496770336552853,0.7430964337829392
115.29998,0.527153646989565,0.0004957166581437242,0.743099135643697
115.400191,0.527152894784447,0.0004958335567448202,0.7431000015060225
115.499997,0.5271544715776242,0.0004967812987420382,0.7430999734185292
115.600182,0.5271553973553094,0.0005000479200191635,0.7430954241119829
115.700205,0.5271553887454234,0.000498637915671071,0.7430945543486699
115.799985,0.5271541531818056,0.0004983722666202421,0.7431003809938116
115.899896,0.5271531304909637,0.0004980108891608813,0.7431024209106206
115.999978,0.5271538963828771,0.0004975877276677742,0.743097453313017
116.099966,0.5271536134786229,0.0004941520552749258,0.7430983993350325
116.199946,0.5271534598602879,0.0004974954999646859,0.7430992982219519
116.30006,0.5271527274649053,0.0004978267808501357,0.7431034038421099
116.400421,0.5271539255416091,0.0004977686436479917,0.7430968468564744
116.500006,0.5271551884159192,0.0004999439340101928,0.743096078128809
116.600182,0.5271525024502365,0.0005027103246807608,0.7431034915688979
116.700124,0.5271552662093486,0.0004991787607402931,0.7430979888473294
116.800283,0.5271549328732779,0.0005002591890828094,0.7430953694520951
116.899987,0.5271546632219173,0.0005001715001868561,0.7430979474191933
116.999974,0.5271554643676375,0.000497954720398723,0.7430976539882103
117.100201,0.5271542118987859,0.0005018480240112403,0.7430988789065575
117.200058,0.5271545474044416,0.0004952238413443823,0.7430979436395032
117.299916,0.52715319416893,0.0005006539827188191,0.7430986330607496
117.399923,0.5271536750483032,0.0004974047022082793,0.7431021835073726
117.499921,0.5271557989862854,0.0004973629044605181,0.7430964808161307
117.599949,0.5271546046504109,0.0004996784854422627,0.743096790455991
117.7,0.5271535716121926,0.0004991421214320432,0.7430984412969315
117.799915,0.5271534211050211,0.0005017363890754537,0.7431005458647149
117.899994,0.527155367910078,0.0005014685830093304,0.7430972220265201
117.999951,0.5271537117469127,0.000496895878054616,0.743098303482943
118.100122,0.5271562248802474,0.0005012731198115047,0.7430921152349002
118.199966,0.5271536247115229,0.0005029647985461045,0.7431030435128935
118.29995,0.5271527311043476,0.000500295587453838,0.7431008563021041
118.40015,0.5271530546837843,0.0004960930222335843,0.7431019588316383
118.499992,0.5271536363750534,0.000500764879109866,0.7431012246751965
118.600013,0.5271542369562354,0.0005021938199075088,0.7431004491436534
118.70008,0.5271540506750042,0.0005017498637623664,0.7431004010716288
118.799974,0.527155154267976,0.0005014531124320973,0.7430974967177197
118.900171,0.5271565782279128,0.0004990437260980279,0.7430956304842187
119.000089,0.5271518859552468,0.0005031612509437977,0.7431029409473624
119.100175,0.5271550253234817,0.0005048515446244249,0.7430970326693961
