t,x,y,z,xdot,ydot,zdot,xddot,yddot,zddot
0.000000000000000000e+00,3.053710435401564283e-01,-4.228635129730262676e-03,4.863026924223881053e-01,-7.751016687175260600e-04,-2.506835820626968081e-03,1.770401226282580787e-03,8.386877776322507628e-04,3.794972458405560661e-03,-1.873679975475457627e-03
3.326155619596541518e-02,3.056082120740555297e-01,-4.229867950247934161e-03,4.866793730442999788e-01,-7.472056080709416070e-04,-2.380609130939570495e-03,1.708079714485048750e-03,9.789147083790897610e-04,3.851361710339424194e-03,-2.042846186015533343e-03
6.652311239193083037e-02,3.052912808935115407e-01,-4.239195037388676646e-03,4.861461381869034426e-01,-7.099812155499096722e-04,-2.250631252708079622e-03,1.634504739850842214e-03,1.022076734664318981e-03,3.863136861322466128e-03,-2.091960162679921964e-03
9.978466858789625249e-02,3.053905804191927587e-01,-4.243265601715839885e-03,4.862944247963447708e-01,-6.792138825776894429e-04,-2.123621243328405184e-03,1.568916013463650394e-03,9.105199381365358365e-04,3.830226746590433950e-03,-1.961943310147631816e-03
1.330462247838616607e-01,3.054439950104068657e-01,-4.244864343621257419e-03,4.863736577058155319e-01,-6.494105953701589939e-04,-1.995832648358064620e-03,1.503990164523294482e-03,9.448668494294622505e-04,3.846151374240225958e-03,-2.005498374823058965e-03
1.663077809798270690e-01,3.053954438472459287e-01,-4.251098435015476795e-03,4.862798906708043489e-01,-6.163583989576837396e-04,-1.867763283183443423e-03,1.435504019673461418e-03,9.865541360795260662e-04,3.841184141931106716e-03,-2.046729801973237121e-03
1.995693371757925050e-01,3.054122693477516748e-01,-4.257205559289101160e-03,4.862912011397710899e-01,-5.837819436950164587e-04,-1.740305123966279233e-03,1.367835327870714490e-03,9.502893267511801443e-04,3.836797823695334893e-03,-2.005685790785732576e-03
2.328308933717579132e-01,3.054463495833772413e-01,-4.259878039684972251e-03,4.863368404813073198e-01,-5.531421952693627020e-04,-1.612527550332643056e-03,1.302079558390123459e-03,9.353136410906712260e-04,3.845279206850525482e-03,-1.994522092786992374e-03
2.660924495677233215e-01,3.054367921741452108e-01,-4.263994689931438486e-03,4.863100835723130899e-01,-5.215619692270356822e-04,-1.484505183110607085e-03,1.235153510524056308e-03,9.658845053035253377e-04,3.842762401501269298e-03,-2.026443355495212428e-03
2.993540057636887575e-01,3.054382492817033778e-01,-4.270233163999215265e-03,4.862967298879965483e-01,-4.888885517654317781e-04,-1.356895035202088096e-03,1.167274239296633986e-03,9.664899129164601557e-04,3.837015693696032952e-03,-2.023221214985930494e-03
3.326155619596541380e-01,3.054613539032580150e-01,-4.274496773763791779e-03,4.863214356409955030e-01,-4.572680521244265606e-04,-1.229254956869263449e-03,1.100562538245808408e-03,9.436226543874560871e-04,3.842276071453486295e-03,-2.001116440102473828e-03
3.658771181556195740e-01,3.054670259887899419e-01,-4.277873465385439999e-03,4.863203328712657481e-01,-4.261158358720429362e-04,-1.101294872259961366e-03,1.034153745442356609e-03,9.509896184241789030e-04,3.844373147876598441e-03,-2.011297603462797092e-03
3.991386743515850100e-01,3.054667875398155985e-01,-4.283166600012933145e-03,4.863063618040754932e-01,-3.940052628544354896e-04,-9.735152898765475626e-04,9.667647617170316288e-04,9.656924909352964130e-04,3.839094143663490319e-03,-2.024157994539076914e-03
4.324002305475503904e-01,3.054810376768202218e-01,-4.288370276967379269e-03,4.863151852770499772e-01,-3.618749657615105697e-04,-8.459063810578315579e-04,8.995004556726082789e-04,9.549104566973561515e-04,3.839853361549376651e-03,-2.011826673908088600e-03
4.656617867435158264e-01,3.054924038411890308e-01,-4.292111890242811256e-03,4.863221975093345861e-01,-3.304816472193272681e-04,-7.180762931376649671e-04,8.329317897755594835e-04,9.476562508798316202e-04,3.843687698491672199e-03,-2.006714878348086692e-03
4.989233429394812069e-01,3.054952239978900863e-01,-4.296538649584347169e-03,4.863147826263303219e-01,-2.988339224753157287e-04,-5.902123122915881037e-04,7.660075362816987088e-04,9.584677722396614964e-04,3.841390717156034727e-03,-2.017932100381618441e-03
5.321848991354466429e-01,3.055040890551214972e-01,-4.301804102965656185e-03,4.863151547018702558e-01,-2.667213878825847040e-04,-4.625350267189742848e-04,6.986926658625880471e-04,9.599285609477654262e-04,3.839430165775448069e-03,-2.017488173062929446e-03
5.654464553314120234e-01,3.055160017251776772e-01,-4.306183262670404410e-03,4.863217134758186511e-01,-2.349764869271631085e-04,-3.348014678527383436e-04,6.317979437956422473e-04,9.512457645381640911e-04,3.842045140790489605e-03,-2.009231515171470365e-03
5.987080115273775149e-01,3.055222707615357081e-01,-4.310306005647857042e-03,4.863201792316971250e-01,-2.034415589758642451e-04,-2.069502260032968222e-04,5.650323319574268588e-04,9.534511890656861919e-04,3.842405284357712416e-03,-2.012804848388804503e-03
6.319695677233428954e-01,3.055290905800405188e-01,-4.315212123607303774e-03,4.863181532531358209e-01,-1.715499463167263761e-04,-7.919270926606131189e-05,4.978999006432505148e-04,9.590875871653921142e-04,3.840278286955444570e-03,-2.017558389613072298e-03
6.652311239193082759e-01,3.055395870379853385e-01,-4.319968573803234513e-03,4.863218420572332779e-01,-1.396400676211551062e-04,4.851703809613180929e-05,4.308180684479134825e-04,9.552686754184739736e-04,3.840919420895483761e-03,-2.012994374805979376e-03
6.984926801152737674e-01,3.055479610199285379e-01,-4.324204439697443281e-03,4.863232445870404597e-01,-1.080025008573723411e-04,1.763172050585188298e-04,3.639892496037078207e-04,9.525814808625919115e-04,3.842226994285042555e-03,-2.011305151898612736e-03
7.317542363112391479e-01,3.055547660633601836e-01,-4.328781176146434539e-03,4.863218162207820772e-01,-7.627138270726099845e-05,3.041139362722662665e-04,2.970197897736925538e-04,9.564478622142528206e-04,3.841197108594443087e-03,-2.015367983705385925e-03
7.650157925072045284e-01,3.055637960721351298e-01,-4.333592436462047753e-03,4.863232417736416124e-01,-4.437661222227162749e-05,4.318455920331067122e-04,2.299206987125754220e-04,9.569024002945507963e-04,3.840674312971158622e-03,-2.014955592756605650e-03
7.982773487031700199e-01,3.055728765827931959e-01,-4.338048883101353059e-03,4.863252765379877385e-01,-1.261525678435820863e-05,5.596075452548483764e-04,1.629786724119952623e-04,9.538977840641911683e-04,3.841648063693090757e-03,-2.012138724119634167e-03
8.315389048991354004e-01,3.055803754076090728e-01,-4.342491105182449962e-03,4.863250924448683232e-01,1.907963727744432791e-05,6.874039779444056364e-04,9.606696821980870160e-05,9.547515761849789543e-04,3.841615236452218096e-03,-2.013600185400940198e-03
8.648004610951007809e-01,3.055885817857975084e-01,-4.347198233481147644e-03,4.863255182799444132e-01,5.089778962456825706e-05,8.151637473959132130e-04,2.902772096615574560e-05,9.565902341290507833e-04,3.840924650375471261e-03,-2.015052912097090813e-03
8.980620172910661614e-01,3.055975637849518423e-01,-4.351797699745113546e-03,4.863271687863313097e-01,8.271499693543460374e-05,9.429142401502707549e-04,-3.798062312731359524e-05,9.552522873117785026e-04,3.841241963616706841e-03,-2.013388994399938764e-03
9.313235734870316529e-01,3.056056871723040747e-01,-4.356253910720669920e-03,4.863278391312449989e-01,1.144441448960586971e-04,1.070695118266188489e-03,-1.049091813969879605e-04,9.544603078680902533e-04,3.841602884381656400e-03,-2.013025431102740195e-03
9.645851296829970334e-01,3.056136692857445158e-01,-4.360851445748922806e-03,4.863281319901758271e-01,1.462086672693804767e-04,1.198469620593157342e-03,-1.718933401283762041e-04,9.557183106459667815e-04,3.841219709985431441e-03,-2.014376805190984648e-03
9.978466858789624139e-01,3.056223180682899332e-01,-4.365488332686545681e-03,4.863292647523875800e-01,1.780215014901866122e-04,1.326225008755649304e-03,-2.389117960084063963e-04,9.557935966027660251e-04,3.841127471952926128e-03,-2.014079227171508384e-03
1.031108242074927794e+00,3.056307547540748626e-01,-4.370006995996123314e-03,4.863302641832180084e-01,2.097910321196740785e-04,1.453993375121614973e-03,-3.058761589237596334e-04,9.548905285369287555e-04,3.841444499980364684e-03,-2.013236096622668045e-03
1.064369798270893286e+00,3.056388242518925935e-01,-4.374550630653714633e-03,4.863307556786784502e-01,2.415437914420389548e-04,1.581769852975207623e-03,-3.728385271355282721e-04,9.551674927403742575e-04,3.841367228377357869e-03,-2.013792785145366616e-03
1.097631354466858777e+00,3.056472127042720865e-01,-4.379166457368230403e-03,4.863315736360693808e-01,2.733317465923607720e-04,1.709533078993641765e-03,-4.398399227040442755e-04,9.556762079887964629e-04,3.841170625028317819e-03,-2.014160428792472965e-03
1.130892910662824047e+00,3.056557091988157948e-01,-4.383732509525159471e-03,4.863325844484119864e-01,3.051183472363719275e-04,1.837296478180549609e-03,-5.068267477154695527e-04,9.553362834354549998e-04,3.841326013695390250e-03,-2.013625377848882181e-03
1.164154466858789538e+00,3.056639331065464371e-01,-4.388270470018079683e-03,4.863332838476673858e-01,3.368836895474270308e-04,1.965070041136747839e-03,-5.737925500299296405e-04,9.551145158131534377e-04,3.841398222247896076e-03,-2.013582743824968938e-03
1.197416023054755030e+00,3.056722083412968805e-01,-4.392855416570632353e-03,4.863339974945222743e-01,3.686555375189749274e-04,2.092838243861309695e-03,-6.407765388933904342e-04,9.553549945773149839e-04,3.841231936029756815e-03,-2.013957350095640659e-03
1.230677579250720299e+00,3.056806491411975801e-01,-4.397438746596486932e-03,4.863349161765739836e-01,4.004368772258862230e-04,2.220600744940729419e-03,-7.077672611828971297e-04,9.554657034933903463e-04,3.841269598069390473e-03,-2.013848383729368967e-03
1.263939135446685791e+00,3.056889772302023855e-01,-4.401990866832712970e-03,4.863357294453655721e-01,4.322160898991009911e-04,2.348371453061386723e-03,-7.747440012645274987e-04,9.553632050368729856e-04,3.841406000356850734e-03,-2.013650725717971903e-03
1.297200691642651282e+00,3.056972432221122249e-01,-4.406557893472225207e-03,4.863364525827571505e-01,4.639906110896693803e-04,2.476143028045505682e-03,-8.417215747279268440e-04,9.551958802075740827e-04,3.841281529899825617e-03,-2.013763099053743517e-03
1.330462247838616552e+00,3.057056152302518037e-01,-4.411139141202386274e-03,4.863372902488625749e-01,4.957586927944587427e-04,2.603905456003960828e-03,-9.087057902336026158e-04,9.552272072274897328e-04,3.841212892426108371e-03,-2.013824957676386106e-03
1.363723804034582043e+00,3.057139783549153167e-01,-4.415705027445507476e-03,4.863381369014213584e-01,5.275352979558938817e-04,2.731672465009701411e-03,-9.756874787251084216e-04,9.554866155762614796e-04,3.841398760945855147e-03,-2.013752495871259148e-03
1.396985360230547535e+00,3.057222706968296677e-01,-4.420269688133994339e-03,4.863389026665539960e-01,5.593206363114239937e-04,2.859447257520585789e-03,-1.042666873845977601e-03,9.550606654156956147e-04,3.841312795456930298e-03,-2.013638364558889473e-03
1.430246916426512804e+00,3.057305951828883650e-01,-4.424847312490480522e-03,4.863397041754468075e-01,5.910689059424544499e-04,2.987208547834444786e-03,-1.109640969967363219e-03,9.537838143997510185e-04,3.840922008890475248e-03,-2.013421543112144281e-03
1.463508472622478296e+00,3.057389299313258979e-01,-4.429429332792680918e-03,4.863405551700616392e-01,6.227693041943431224e-04,3.114957344006647616e-03,-1.176605941450761588e-03,9.522411069017184268e-04,3.840688683984406094e-03,-2.013120470109070349e-03
1.496770028818443787e+00,3.057471887788690834e-01,-4.434025324923776545e-03,4.863413806195076017e-01,6.544149481210940859e-04,3.242703112821556342e-03,-1.243560009258925549e-03,9.474408003181610492e-04,3.839778748643287408e-03,-2.012220313630966578e-03
1.530031585014409057e+00,3.057553610036379821e-01,-4.438668941641297702e-03,4.863422326512418792e-01,6.857960150386090484e-04,3.370391377262792545e-03,-1.310465099531760678e-03,9.330050982658890128e-04,3.836582520682026414e-03,-2.009658902643107065e-03
1.563293141210374548e+00,3.057633360597481476e-01,-4.443422911419566378e-03,4.863432054537750737e-01,7.164813511352802894e-04,3.497924523045804063e-03,-1.377248774308897352e-03,9.011540419356479188e-04,3.830006683719228318e-03,-2.004497491283003478e-03
1.596554697406340040e+00,3.057707975501614550e-01,-4.448428789430473179e-03,4.863443598250003497e-01,7.457435866527369062e-04,3.625175342345693039e-03,-1.443810511433723295e-03,8.312246454555646293e-04,3.816297969698078090e-03,-1.993914022439467661e-03
1.629816253602305309e+00,3.057771631722850381e-01,-4.453991926831972308e-03,4.863458936926052245e-01,7.717770016478636697e-04,3.751796541805126756e-03,-1.509890140923484964e-03,6.739235495922387895e-04,3.785874085219010938e-03,-1.970876600130434374e-03
1.663077809798270801e+00,3.057811770297568232e-01,-4.460752517164280270e-03,4.863482891782741624e-01,7.905750786858303791e-04,3.877023469618415610e-03,-1.574919357014826701e-03,3.432484513795383920e-04,3.724859418223534866e-03,-1.925048469919828044e-03
1.696339365994236070e+00,3.057802768462144494e-01,-4.469981655301197461e-03,4.863524159784871626e-01,7.946109569573409082e-04,3.999585783527753041e-03,-1.637950356647876159e-03,-3.137478685264482063e-04,3.612283243365801023e-03,-1.840653944200051515e-03
1.729600922190201562e+00,3.057696370379698880e-01,-4.484065871363666737e-03,4.863598659598067364e-01,7.697035939651167280e-04,4.117323793808327220e-03,-1.697365386219497514e-03,-1.580204619693077435e-03,3.412660227803646258e-03,-1.690347264044189755e-03
1.762862478386167053e+00,3.057403142515917049e-01,-4.507328154582265940e-03,4.863735769765598072e-01,6.894908274392499981e-04,4.226606563417407286e-03,-1.750397517675280571e-03,-3.918112014152157381e-03,3.083363701222974207e-03,-1.438852404357726135e-03
1.796124034582132323e+00,3.056765390933269266e-01,-4.547163190052066865e-03,4.863985862900843671e-01,5.090585880834982979e-04,4.322438743849982973e-03,-1.793082326429986436e-03,-7.999804105884638847e-03,2.600535296924806096e-03,-1.059167601719340551e-03
1.829385590778097814e+00,3.055523374686142657e-01,-4.615337654851496552e-03,4.864428772365529396e-01,1.573189597900565007e-04,4.399602265253919377e-03,-1.820856643086348099e-03,-1.474472265536972554e-02,2.000377158087880691e-03,-5.570654735962703077e-04
1.862647146974063306e+00,3.053272930933876861e-01,-4.729244982781308226e-03,4.865183188945249593e-01,-4.718062543075107751e-04,4.455510058363714235e-03,-1.830140055539695304e-03,-2.521583399266810396e-02,1.479830199659258648e-03,-3.337544423676693813e-05
1.895908703170028575e+00,3.049432882633932862e-01,-4.911943931191230239e-03,4.866409473401462349e-01,-1.520116798960473694e-03,4.498045175946825680e-03,-1.823076881514441167e-03,-4.014444332432108575e-02,1.601798197393496277e-03,1.812504018468956445e-04
1.929170259365994067e+00,3.043270885510387380e-01,-5.188487414101012468e-03,4.868288342276889669e-01,-3.142339569482819478e-03,4.562066659878113994e-03,-1.818082714686551637e-03,-5.901559082557658598e-02,3.561877429588060189e-03,-6.547263377779680366e-04
1.962431815561959558e+00,3.034045714437942909e-01,-5.575787381403546350e-03,4.870957111341328027e-01,-5.446017580326506513e-03,4.734992348521593897e-03,-1.866631315268402203e-03,-7.869690859051274578e-02,9.405534307163520430e-03,-3.848892266119632432e-03
1.995693371757924828e+00,3.021338321384179904e-01,-6.063502475293351679e-03,4.874388237821040137e-01,-8.377502864547005379e-03,5.187752075699714194e-03,-2.074123007490061288e-03,-9.183848890802295828e-02,2.195747285115690409e-02,-1.125649814257896099e-02
2.028954927953890319e+00,3.005616900721780338e-01,-6.586867892784856182e-03,4.878212861039856740e-01,-1.155539969986001114e-02,6.195671782841874475e-03,-2.615448606346743032e-03,-8.660250912508773991e-02,4.397229373749365899e-02,-2.476622435607971073e-02
2.062216484149855589e+00,2.988839450135769571e-01,-7.005608360522191935e-03,4.881573079233307855e-01,-1.413857131249843246e-02,8.112925914130000860e-03,-3.721649333853326545e-03,-5.029789729957780120e-02,7.627663054804316445e-02,-4.510095571813782511e-02
2.095478040345821302e+00,2.974541087681178420e-01,-7.116896776807369457e-03,4.883185289187920719e-01,-1.490137237499761930e-02,1.126983064966713410e-02,-5.615704552567921115e-03,2.310750768711841707e-02,1.159492364303094103e-01,-7.057057899034807624e-02
2.128739596541786572e+00,2.966943004695236086e-01,-6.716618081999059173e-03,4.881722675164777980e-01,-1.260138798153084827e-02,1.582623000094203480e-02,-8.416223891591884110e-03,1.268557176467807468e-01,1.565169402160995205e-01,-9.708580511376142808e-02
2.162001152737751841e+00,2.969399988516473465e-01,-5.679399592652407958e-03,4.876338299973536072e-01,-6.462535212421780841e-03,2.168182465490384181e-02,-1.207415447781176598e-02,2.429318418109469024e-01,1.907950681124600256e-01,-1.199296553952141214e-01
2.195262708933717555e+00,2.983216235867617305e-01,-4.001572104143084896e-03,4.866963231908167931e-01,3.559194234837533000e-03,2.851851176081331152e-02,-1.639431783657324671e-02,3.510682373871034656e-01,2.143368617229998163e-01,-1.360283829097301833e-01
2.228524265129682824e+00,3.007591944254718319e-01,-1.780536913390091958e-03,4.854195933443622990e-01,1.689161660051755748e-02,3.594017979703669624e-02,-2.112318588260835017e-02,4.379525451611387954e-01,2.267901212019323987e-01,-1.449395390052918564e-01
2.261785821325648094e+00,3.040483019074856630e-01,8.429925225084469731e-04,4.838945299237994435e-01,3.269316061892413305e-02,4.360529648290907556e-02,-2.603614707985691876e-02,5.001307947066419013e-01,2.306627743575154765e-01,-1.481440737326159551e-01
2.295047377521613807e+00,3.079579727481206453e-01,3.735627066357889714e-03,4.822108992737252908e-01,5.016187366745317872e-02,5.128458546025627812e-02,-3.097819074972164854e-02,5.409319326227858271e-01,2.292104706588330432e-01,-1.476978630464636510e-01
2.328308933717579077e+00,3.122884624988684910e-01,6.794639828341039745e-03,4.804418820622031738e-01,6.867763636917406656e-02,5.885309038395399039e-02,-3.586146862334482766e-02,5.660648093688536164e-01,2.250859084379184805e-01,-1.453334604416079701e-01
2.361570489913544346e+00,3.168897334992527015e-01,9.950604514878738649e-03,4.786418708035840019e-01,8.781826660221432601e-02,6.625800064511178089e-02,-4.064622487298696907e-02,5.810088447368298992e-01,2.200096196379517366e-01,-1.422277075900071353e-01
2.394832046109510060e+00,3.216602007571195965e-01,1.316197320118057956e-02,4.768502559445456090e-01,1.073281530483080892e-01,7.348881503843540663e-02,-4.532289840060154534e-02,5.901300247724187154e-01,2.149229092894418824e-01,-1.390882507118917921e-01
2.428093602305475329e+00,3.265375706063369243e-01,1.640817145101443678e-02,4.750971422411915945e-01,1.270755525660028640e-01,8.055534149537407762e-02,-4.989880820749120066e-02,5.965002023738847914e-01,2.101877138640852183e-01,-1.362840065980598092e-01
2.461355158501440599e+00,3.314885049382456650e-01,1.968322416621098858e-02,4.734088922587539328e-01,1.470092030526355120e-01,8.747115595121894571e-02,-5.438893468874692050e-02,6.020605392516978904e-01,2.057436992478431093e-01,-1.339970163234376344e-01
2.494616714697406312e+00,3.365034459364537045e-01,2.299168933309998428e-02,4.718115352045879618e-01,1.671264934853900486e-01,9.424205272436995962e-02,-5.881270678455863266e-02,6.080556743401929198e-01,2.012567800328814993e-01,-1.324025293958888683e-01
2.527878270893371582e+00,3.415977927271778292e-01,2.634831288039823222e-02,4.703319577527135253e-01,1.874589590173194598e-01,1.008593833489844216e-01,-6.319676303272556139e-02,6.153251076954384668e-01,1.961556037004561770e-01,-1.317837538835149591e-01
2.561139827089336851e+00,3.468167820591907535e-01,2.977965334558187877e-02,4.689984324170197727e-01,2.080598347821906446e-01,1.072909339956424485e-01,-6.757937225558224847e-02,6.240268119939699210e-01,1.894212808112087365e-01,-1.325682926678460605e-01
2.594401383285302565e+00,3.522455983133863655e-01,3.332466024019960227e-02,4.678378572043396799e-01,2.289711647671726080e-01,1.134602765018119519e-01,-7.201561846547506474e-02,6.329839908104110124e-01,1.792966022609281118e-01,-1.354210475552730664e-01
2.627662939481267834e+00,3.580278050615894325e-01,3.703453926517361050e-02,4.668630258756073514e-01,2.501678999451645291e-01,1.192183020193374882e-01,-7.658800182233468923e-02,6.390600249273298283e-01,1.631801283696480143e-01,-1.413903589969226493e-01
2.660924495677233104e+00,3.643870183504732685e-01,4.097186715789827294e-02,4.660479637799229136e-01,2.714834266306034860e-01,1.243155265214757471e-01,-8.142134520816279863e-02,6.362266972685879374e-01,1.376610889243940206e-01,-1.518520133032046637e-01
2.694186051873198817e+00,3.716362488420948962e-01,4.520037847824201482e-02,4.652922117752542608e-01,2.924916800343097534e-01,1.283759461098505361e-01,-8.668967037024474798e-02,6.142505802405078263e-01,9.896764518131118127e-02,-1.679990201922121063e-01
2.727447608069164087e+00,3.801444564673102100e-01,4.975320729919271989e-02,4.643749789889010104e-01,3.123452870167515161e-01,1.308991623050368425e-01,-9.259716291014358225e-02,5.596167784010884771e-01,4.498954856877231817e-02,-1.897912746214603652e-01
2.760709164265129356e+00,3.902185053275527560e-01,5.458291963475056519e-02,4.629288341366353254e-01,3.297191298802956139e-01,1.313687909057532077e-01,-9.931517666289596535e-02,4.623040534741114094e-01,-2.102940497928846783e-02,-2.146894709836352499e-01
2.793970720461095070e+00,4.019073021892402564e-01,5.952542079542280651e-02,4.605032397766560814e-01,3.430991915252550317e-01,1.295002208340642058e-01,-1.068789747177521232e-01,3.261720687783170591e-01,-8.843627155340093304e-02,-2.373713028603496311e-01
2.827232276657060339e+00,4.148544625787713991e-01,6.432290895132572461e-02,4.567436933020399548e-01,3.514171110707441925e-01,1.254857348736830025e-01,-1.151058545216940565e-01,1.730693172868384144e-01,-1.427893702123464725e-01,-2.517550778091937058e-01
2.860493832853025609e+00,4.283688848934785187e-01,6.871709202109130277e-02,4.515765333200821297e-01,3.546123011707221218e-01,1.200014275110552614e-01,-1.236265060540924082e-01,3.347198879290183560e-02,-1.738897870623250241e-01,-2.545668900876711938e-01
2.893755389048991322e+00,4.417160276686547538e-01,7.255692368051054608e-02,4.452378905873057291e-01,3.536437719431958504e-01,1.139180450251270349e-01,-1.320404363622605104e-01,-7.014274913929133271e-02,-1.813696483904767565e-01,-2.473298236686854168e-01
2.927016945244956592e+00,4.544108985781999954e-01,7.583966034685012125e-02,4.381241662540628079e-01,3.499461871862500351e-01,1.079361540066905989e-01,-1.400796557118808017e-01,-1.329554093081858901e-01,-1.730097794795112665e-01,-2.347824061882865521e-01
2.960278501440921861e+00,4.663023983078891099e-01,7.866466139620237330e-02,4.306052976448930814e-01,3.447991643066722345e-01,1.024088960199083381e-01,-1.476588927567718534e-01,-1.641209380795199957e-01,-1.584215857380220915e-01,-2.215287642545788194e-01
2.993540057636887575e+00,4.774642594801769002e-01,8.115757962186598284e-02,4.229315789035748563e-01,3.390283515765170064e-01,9.739745705333224812e-02,-1.548164385944336974e-01,-1.766100947945748179e-01,-1.441996463454072730e-01,-2.101236887023124056e-01
3.026801613832852844e+00,4.880533599234172515e-01,8.342517695936886579e-02,4.152371798749573406e-01,3.330505111211031766e-01,9.281628673919613270e-02,-1.616369745165228688e-01,-1.802941350492113792e-01,-1.331302958973522299e-01,-2.013376905896723246e-01
3.060063170028818114e+00,4.982306560583681376e-01,8.554597904427438393e-02,4.075778830888123205e-01,3.270346245670323615e-01,8.854121541658167838e-02,-1.682100484142622643e-01,-1.807651335363130718e-01,-1.256231744529493488e-01,-1.950641743254669935e-01
3.093324726224783827e+00,5.081303692017158369e-01,8.757321607260584728e-02,3.999661118243751923e-01,3.210254518263246371e-01,8.445944218603144982e-02,-1.746132505088150988e-01,-1.806690780035178912e-01,-1.210756027859109241e-01,-1.908210319931438748e-01
3.126586282420749097e+00,5.178486560225669111e-01,8.953976882505658430e-02,3.923963611045393485e-01,3.150159551852578232e-01,8.048688948453375236e-02,-1.809040573722864031e-01,-1.809348897785586496e-01,-1.186156553899014310e-01,-1.880304596576695964e-01
3.159847838616714366e+00,5.274481742073606760e-01,9.146559106213733581e-02,3.848587712883131395e-01,3.089890998179639636e-01,7.656875961108650097e-02,-1.871216219097286693e-01,-1.816168216949075320e-01,-1.174824075769106274e-01,-1.862614745756393519e-01
3.193109394812680080e+00,5.369709811297211921e-01,9.336401030689620018e-02,3.773429436526181124e-01,3.029342389433822280e-01,7.267159408122030040e-02,-1.932947503797684263e-01,-1.825209355977726322e-01,-1.171535801403977978e-01,-1.852690659582269250e-01
3.226370951008645349e+00,5.464462451320248881e-01,9.524409617348747470e-02,3.698390541203605553e-01,2.968472391053129655e-01,6.877533883228974243e-02,-1.994462968072158449e-01,-1.834826136750539460e-01,-1.173029064787129566e-01,-1.848881903129203363e-01
3.259632507204610619e+00,5.558930089953284526e-01,9.711183569452146169e-02,3.623388267644720995e-01,2.907284044119113897e-01,6.486823964963672751e-02,-2.055940882438955231e-01,-1.843756472293278659e-01,-1.177422771945567520e-01,-1.850086525003221127e-01
3.292894063400575888e+00,5.653244981856138107e-01,9.897182790379265016e-02,3.548347888601545708e-01,2.845819972023413968e-01,6.094275609319436959e-02,-2.117536481909744472e-01,-1.851038074519706367e-01,-1.183932744217283950e-01,-1.856098171271366726e-01
3.326155619596541602e+00,5.747522350584466366e-01,1.008281094062114941e-01,3.473187075600891460e-01,2.784147230246096227e-01,5.699235054883138030e-02,-2.179414309696897645e-01,-1.856202353481450906e-01,-1.192498074049142681e-01,-1.867304514023135076e-01
3.359417175792506871e+00,5.841868211766085839e-01,1.026840680436625214e-01,3.397809428872968218e-01,2.722339614240600891e-01,5.300988775248115237e-02,-2.241755389966065271e-01,-1.859069610501014602e-01,-1.203446409495025071e-01,-1.884213509306467138e-01
3.392678731988472141e+00,5.936380724609442439e-01,1.045426479228040439e-01,3.322098788769100586e-01,2.660476133602314164e-01,4.898665047318106341e-02,-2.304758056746886163e-01,-1.859394853373415868e-01,-1.217439091700102533e-01,-1.907534563242197501e-01
3.425940288184437854e+00,6.031164180433032929e-01,1.064066338740508877e-01,3.245905361420240443e-01,2.598646881428663402e-01,4.491110399973154144e-02,-2.368650526108118659e-01,-1.856795553311106906e-01,-1.235472965394356082e-01,-1.938255907210274798e-01
3.459201844380403124e+00,6.126335833913320039e-01,1.082784045005553419e-01,3.169031239491857388e-01,2.536956314320562011e-01,4.076789977976898183e-02,-2.433696872306559122e-01,-1.850746565156538015e-01,-1.258778842366051476e-01,-1.977260045913288300e-01
3.492463400576368393e+00,6.222018968390352622e-01,1.101594509622079998e-01,3.091218340231967066e-01,2.475529459665775089e-01,3.653731535900139882e-02,-2.500184018370482653e-01,-1.840450351388591976e-01,-1.288753372381486184e-01,-2.024860321728088886e-01
3.525724956772334107e+00,6.318335167047872680e-01,1.120497634667188686e-01,3.012132776922965549e-01,2.414523828743370126e-01,3.219471123612763219e-02,-2.568396883066837999e-01,-1.824739490213559412e-01,-1.326914179800916804e-01,-2.080327971271877796e-01
3.558986512968299376e+00,6.415391826237144546e-01,1.139466104395584212e-01,2.931347315267555098e-01,2.354142109472303901e-01,2.771026924726708793e-02,-2.638573909815479235e-01,-1.802082395614340582e-01,-1.374679411705370391e-01,-2.140929070592355321e-01
3.592248069164264646e+00,6.513249831901142262e-01,1.158425020094006053e-01,2.848331122336803523e-01,2.294643699000397385e-01,2.304991593535266059e-02,-2.710818148253005266e-01,-1.770623826888566565e-01,-1.432892037412549224e-01,-2.200317539476202289e-01
3.625509625360230359e+00,6.611867403174418456e-01,1.177223199127106767e-01,2.762454901158730713e-01,2.236354701632365105e-01,1.817822544223731199e-02,-2.784945880791991346e-01,-1.728329107468287995e-01,-1.501066152535644460e-01,-2.246473614135344465e-01
3.658771181556195629e+00,6.711018138570211677e-01,1.195594390016833930e-01,2.673024197083985198e-01,2.179669867534038963e-01,1.306435669806747454e-02,-2.860260564971637831e-01,-1.673405904227263097e-01,-1.576239255563358366e-01,-2.259370086499610797e-01
3.692032737752160898e+00,6.810177624093596283e-01,1.213111050155774168e-01,2.579364627990573533e-01,2.125034532588134240e-01,7.692591326795844217e-03,-2.935246210991171445e-01,-1.605110300827830572e-01,-1.651455652144532826e-01,-2.209095132278006968e-01
3.725294293948126612e+00,6.908390121749152790e-01,1.229143968203280646e-01,2.480983900748667814e-01,2.072892934590623293e-01,2.078359702277457650e-03,-3.007216448740634984e-01,-1.524945103158579784e-01,-1.714347206601915530e-01,-2.056307332775336727e-01
3.758555850144091881e+00,7.004160443500460076e-01,1.242852796184536479e-01,2.377818250164425162e-01,2.023590438099191480e-01,-3.711779863561344515e-03,-3.072038174801736687e-01,-1.438051471832407779e-01,-1.746810776078658867e-01,-1.757712223804317742e-01
3.791817406340057151e+00,7.095450006677213040e-01,1.253243523863353248e-01,2.270528897903942023e-01,1.977229274904534484e-01,-9.541969256174197278e-03,-3.124144936557440300e-01,-1.354112244691030309e-01,-1.727239972843592486e-01,-1.278729124886122670e-01
3.825078962536022864e+00,7.179874666781078663e-01,1.259326118421764118e-01,2.160739846626912875e-01,1.933510677054320337e-01,-1.520191774769233048e-02,-3.157103216095371589e-01,-1.286602795908537433e-01,-1.636430769007845565e-01,-6.120080784561790499e-02
3.858340518731988134e+00,7.255156566153073694e-01,1.260364928782421179e-01,2.051039089642537339e-01,1.891640452508538406e-01,-2.042801605300646750e-02,-3.164857618745350321e-01,-1.249536655989061107e-01,-1.466080128495647616e-01,2.063617465106346027e-02
3.891602074927953403e+00,7.319734024183894849e-01,1.256138998885661384e-01,1.944601008877155923e-01,1.850387609650122611e-01,-2.495473906404156728e-02,-3.143375390438849504e-01,-1.252437570324222704e-01,-1.225540312410246940e-01,1.095705409698622262e-01
3.924863631123919117e+00,7.373264606945320043e-01,1.247077320624421365e-01,1.844483505070610707e-01,1.808324407253983357e-01,-2.858069164733735568e-02,-3.091967884627522256e-01,-1.296156210992134017e-01,-9.416299923605590816e-02,1.951562153200285532e-01
3.958125187319884386e+00,7.416743555860700887e-01,1.234174847443589573e-01,1.752890470413728252e-01,1.764163264348793669e-01,-3.121875484538301146e-02,-3.013551401981668376e-01,-1.372303903255538138e-01,-6.501952014657091938e-02,2.680027701659333239e-01
3.991386743515849655e+00,7.452167797168727237e-01,1.218720635651197454e-01,1.670747950507304735e-01,1.717034480461829826e-01,-3.290599249371710389e-02,-2.913684100616550365e-01,-1.466771736122866598e-01,-3.840077391675389418e-02,3.226212171398364914e-01
4.024648299711815369e+00,7.481942536134369437e-01,1.201977826024711038e-01,1.597746153334638763e-01,1.666589043293384698e-01,-3.377329384458435668e-02,-2.798933727103519731e-01,-1.565009744280549953e-01,-1.638825164460189221e-02,3.582167342949663658e-01
4.057909855907780639e+00,7.508328315295798028e-01,1.184955700827786118e-01,1.532723538962904031e-01,1.612925161348587877e-01,-3.399618999977820077e-02,-2.675387179854805675e-01,-1.656046526192598012e-01,3.350693079845812653e-04,3.775168953272589056e-01
4.091171412103745908e+00,7.533116373909245489e-01,1.168326170106638862e-01,1.474139862964885528e-01,1.556423674105207877e-01,-3.375100399135021190e-02,-2.547797738526439426e-01,-1.733857828785743127e-01,1.214228451680903452e-02,3.848329974134512832e-01
4.124432968299711177e+00,7.557544201373378456e-01,1.152452039660020050e-01,1.420447176581252635e-01,1.497583542132644718e-01,-3.318844744217171183e-02,-2.419384292464219210e-01,-1.796650795054349770e-01,1.994622572994086962e-02,3.844723868751927509e-01
4.157694524495677335e+00,7.582363595791727917e-01,1.137466673837672360e-01,1.370299119088406181e-01,1.436904871336755485e-01,-3.242411897532253284e-02,-2.292034740489515832e-01,-1.845345344988230385e-01,2.478185133264498505e-02,3.799040666554570067e-01
4.190956080691642605e+00,7.607967985469455963e-01,1.123359285159206827e-01,1.322625891296650980e-01,1.374825426346066304e-01,-3.153988156069004872e-02,-2.166660283221493732e-01,-1.882165910779203255e-01,2.756801434707422879e-02,3.735434173254124635e-01
4.224217636887607874e+00,7.634519476769823232e-01,1.110043302108342234e-01,1.276627157978097726e-01,1.311697336913729695e-01,-3.059020885848975219e-02,-2.043542033149472470e-01,-1.909683543218709256e-01,2.901788557603108068e-02,3.668805904430101350e-01
4.257479193083573143e+00,7.662049113137925360e-01,1.097402203868089177e-01,1.231727992222028806e-01,1.247787333367507412e-01,-2.960952149713954457e-02,-1.922599895696910643e-01,-1.930306633193709376e-01,2.963889520581433970e-02,3.607294820139373970e-01
4.290740749279538413e+00,7.690525956556679699e-01,1.085316380338448849e-01,1.187526645493548194e-01,1.183287331802894971e-01,-2.861853730154070505e-02,-1.803573554398510970e-01,-1.946088064722507616e-01,2.977003553227549823e-02,3.554638938243090962e-01
4.324002305475503682e+00,7.719901030642333239e-01,1.073677061887509110e-01,1.143747547770660317e-01,1.118327498313376883e-01,-2.762912607751420724e-02,-1.686134250095431830e-01,-1.958706813162283400e-01,2.962482039175929477e-02,3.511931925945865340e-01
4.357263861671468952e+00,7.750133640454710537e-01,1.062392214036248506e-01,1.100203664462000575e-01,1.052988058328059723e-01,-2.664780204502893712e-02,-1.569948912176004074e-01,-1.969528944849038010e-01,2.932850198553676319e-02,3.478815093924473856e-01
4.390525417867435110e+00,7.781206018429551730e-01,1.051387826407533810e-01,1.056768664955853032e-01,9.873083029560233981e-02,-2.567810284364337864e-02,-1.454712642611548645e-01,-1.979698808516440756e-01,2.894710962309875180e-02,3.454231679540363809e-01
4.423786974063400379e+00,7.813130940695116600e-01,1.040607011912537266e-01,1.013357772232590381e-01,9.212923319869489869e-02,-2.472215021814999636e-02,-1.340162669930172468e-01,-1.990235914181797683e-01,2.850733105981824098e-02,3.436830103334798658e-01
4.457048530259365648e+00,7.845955502562931283e-01,1.030008346426273119e-01,9.699154106137997111e-02,8.549116155504504766e-02,-2.378170645555710908e-02,-1.226084007375436574e-01,-2.002128148713360756e-01,2.800839368102025703e-02,3.425126540305496459e-01
4.490310086455330918e+00,7.879762540229291456e-01,1.019564143045164906e-01,9.264081841216481594e-02,7.881045361270416771e-02,-2.285894469739004065e-02,-1.112312592132844724e-01,-2.016421358369595851e-01,2.742882653900899706e-02,3.417528456193598685e-01
4.523571642651296187e+00,7.914669992030588519e-01,1.009259059618271975e-01,8.828225560591508592e-02,7.207729908981400091e-02,-2.195705554492383832e-02,-9.987393777814479456e-02,-2.034306701701635578e-01,2.672968949461861435e-02,3.412251803998599398e-01
4.556833198847261457e+00,7.950827674933862443e-01,9.990892685612562385e-02,8.391670088603016275e-02,6.527761227700856761e-02,-2.108080255893811372e-02,-8.853189818658771526e-02,-2.057205932888968580e-01,2.585456391394854239e-02,3.407133145011326247e-01
4.590094755043227615e+00,7.988409953996556956e-01,9.890622371590576667e-02,7.954787961829160037e-02,5.839212494112202417e-02,-2.023712948383188034e-02,-7.720862766415867440e-02,-2.086852370851635941e-01,2.472726347731631774e-02,3.399345871587982626e-01
4.623356311239192884e+00,8.027601441699643292e-01,9.791971004151608926e-02,7.518360786156547126e-02,5.139522079585549796e-02,-1.943586803149171399e-02,-6.591839143911837340e-02,-2.125355789672651319e-01,2.324870426277775640e-02,3.385019611836067033e-01
4.656617867435158153e+00,8.068571203522709734e-01,9.695255666265774341e-02,7.083767852894089223e-02,4.425359673419855533e-02,-1.869055331719235435e-02,-5.469042365545259687e-02,-2.175223477033138009e-01,2.129403342174687394e-02,3.358758901872289093e-01
4.689879423631123423e+00,8.111429292837122329e-01,9.600930975078364460e-02,6.653253946445851497e-02,3.692495721183129687e-02,-1.801932265289931528e-02,-4.357488184645352813e-02,-2.239290461077454164e-01,1.871182017718595741e-02,3.313098098010066606e-01
4.723140979827088692e+00,8.156158320619313340e-01,9.509598233286402358e-02,6.230279734988064533e-02,2.935713963215514505e-02,-1.744578480048781383e-02,-3.265066394151100448e-02,-2.320482663914777977e-01,1.532914541611084432e-02,3.238000049805799252e-01
4.756402536023053962e+00,8.202512863154680645e-01,9.422003457889308042e-02,5.819939222541601481e-02,2.148838430631831373e-02,-1.699958018951112232e-02,-2.203469772262264814e-02,-2.421300486442628797e-01,1.096841834282412560e-02,3.120626888442695201e-01
4.789664092219020120e+00,8.249883391832790736e-01,9.339010583461884729e-02,5.429384728721321773e-02,1.324989519272916708e-02,-1.671613147430640878e-02,-1.189128261819552557e-02,-2.542904918769115508e-01,5.482836670778994462e-03,2.945813307077819188e-01
4.822925648414985389e+00,8.297134008508788572e-01,9.261529856509631564e-02,5.068119386541394128e-02,4.572189334991153681e-03,-1.663484482943429141e-02,-2.438230751384326718e-03,-2.683767852034963375e-01,-1.183909742610645853e-03,2.697860160755752301e-01
4.856187204610950658e+00,8.342447815009832457e-01,9.190381220741937474e-02,4.747915691703799568e-02,-4.603363852748100504e-03,-1.679488883517599868e-02,6.055722850971221802e-03,-2.838060898306506985e-01,-8.915478414195538229e-03,2.364229761510539818e-01
4.889448760806915928e+00,8.383247174928720735e-01,9.126085443779990980e-02,4.482045581334014733e-02,-1.430747507632763871e-02,-1.722793020200965447e-02,1.328936146314702027e-02,-2.994337693743875928e-01,-1.733726393358107909e-02,1.941204454964410020e-01
4.922710317002881197e+00,8.416284796658676237e-01,9.068606341055708564e-02,4.283554218438643396e-02,-2.452263014677998065e-02,-1.794821759239818154e-02,1.896921906430264898e-02,-3.135515374061980109e-01,-2.577115489032666754e-02,1.440298362486466810e-01
4.955971873198846467e+00,8.437994141710427609e-01,9.017116302102209935e-02,4.162603406643163723e-02,-3.516589923986285227e-02,-1.894230763524871325e-02,2.287067444770713581e-02,-3.241247638065953285e-01,-3.328979040326668359e-02,8.924080279382538838e-02
4.989233429394812624e+00,8.445104770444731290e-01,8.969902962205626717e-02,4.123483759494346590e-02,-4.608441823849415697e-02,-2.016275806089851130e-02,2.490579501850243016e-02,-3.292914319612680885e-01,-3.890527588586841640e-02,3.457991317341132381e-02
5.022494985590777894e+00,8.435373688376420764e-01,8.924524956039987800e-02,4.162464072558585276e-02,-5.707139017792213498e-02,-2.153040767564341415e-02,2.517103789824518684e-02,-3.279686829175990082e-01,-4.185180272410734398e-02,-1.439695914762804951e-02
5.055756541786743163e+00,8.408151496391806923e-01,8.878224806883611153e-02,4.267663725902835770e-02,-6.790191579325512150e-02,-2.294687023731922099e-02,2.394806448702273272e-02,-3.202716094507371825e-01,-4.183840799202780819e-02,-5.292711660978370591e-02
5.089018097982708433e+00,8.364522426762700524e-01,8.828465437450201680e-02,4.421311865134901903e-02,-7.837685444935810208e-02,-2.431362879279653708e-02,2.165016137143171635e-02,-3.074980589898675398e-01,-3.913629191408275060e-02,-7.837344431786971710e-02
5.122279654178673702e+00,8.306956342221671896e-01,8.773381620739070796e-02,4.603544743934925854e-02,-8.835764373173865538e-02,-2.555033818292316156e-02,1.873441904212235290e-02,-2.916783265099021083e-01,-3.445510031239717996e-02,-9.071513169133975374e-02
5.155541210374638972e+00,8.238652140927806844e-01,8.711990544076958498e-02,4.796184574197813466e-02,-9.778020454606661804e-02,-2.660568930335338589e-02,1.561550847027991587e-02,-2.749405604840030048e-01,-2.868709275509498391e-02,-9.206360508760563777e-02
5.188802766570605129e+00,8.162860421632622820e-01,8.644140083880731684e-02,4.985218298908742490e-02,-1.066475455379164439e-01,-2.745869287846808976e-02,1.261006149367322783e-02,-2.590001557186056291e-01,-2.265578988049132131e-02,-8.561813175427158973e-02
5.222064322766570399e+00,8.082402080342075967e-01,8.570287643265946109e-02,5.161589861780673666e-02,-1.150097010144630061e-01,-2.811282295990127911e-02,9.919923868803364950e-03,-2.449342903061200172e-01,-1.696552198177668849e-02,-7.464045973403540812e-02
5.255325878962535668e+00,7.999446806533303533e-01,8.491234193426319687e-02,5.320701090758872542e-02,-1.229413368605882795e-01,-2.858729220404959345e-02,7.644745801800603008e-03,-2.332120700683679437e-01,-1.196668228785189268e-02,-6.180600681594403817e-02
5.288587435158500938e+00,7.915499317788814437e-01,8.407900760247760674e-02,5.461289321087242632e-02,-1.305236937627758942e-01,-2.890888391069457858e-02,5.808395930889876518e-03,-2.238574990703106060e-01,-7.796913148154793055e-03,-4.897369023516311842e-02
5.321848991354466207e+00,7.831502385788777776e-01,8.321179390716625102e-02,5.584222088167463405e-02,-1.378330344310191025e-01,-2.910596713371441796e-02,4.386863502039241303e-03,-2.166350086905026451e-01,-4.449909823706018480e-03,-3.723936582085619895e-02
5.355110547550431477e+00,7.747979291118873846e-01,8.231853814645651024e-02,5.691500421187024178e-02,-1.449349287939211139e-01,-2.920490576203093117e-02,3.331117412984832288e-03,-2.111984777250678624e-01,-1.840011223479611890e-03,-2.711631767948531960e-02
5.388372103746397634e+00,7.665168730558158394e-01,8.140570859825377315e-02,5.785560049101164115e-02,-1.518826145017284912e-01,-2.922837040713636633e-02,2.583001653391538491e-03,-2.071869870715484230e-01,1.505731996633945247e-04,-1.873397459883061750e-02
5.421633659942362904e+00,7.583132303172690492e-01,8.047842307569069709e-02,5.868843004792545504e-02,-1.587176520210272501e-01,-2.919488916414651053e-02,2.084875115199245899e-03,-2.042745929423543105e-01,1.642934517762708550e-03,-1.200088086085569945e-02
5.454895216138328173e+00,7.501831600214166063e-01,7.954061228526207450e-02,5.943569042055894813e-02,-1.654715962068486479e-01,-2.911907728955865499e-02,1.784665707082663203e-03,-2.021899660206038507e-01,2.746700232006715845e-03,-6.718514241270721367e-03
5.488156772334293443e+00,7.421179241837628782e-01,7.859523121616887598e-02,6.011638328371098072e-02,-1.721679578551365553e-01,-2.901217011590578529e-02,1.637938637220405806e-03,-2.007194591464921407e-01,3.554224300365112481e-03,-2.652979729457122498e-03
5.521418328530258712e+00,7.341070109604330707e-01,7.764447005867758378e-02,6.074612948326402195e-02,-1.788240793468983125e-01,-2.888263922695933489e-02,1.608181238366472804e-03,-1.997018877491935074e-01,4.139815427666433331e-03,4.240261806667939529e-04
5.554679884726223982e+00,7.261398817523712079e-01,7.668994066933036702e-02,6.133739902239476738e-02,-1.854527489787569094e-01,-2.873677670892928193e-02,1.666146178494024108e-03,-1.990202429694765407e-01,4.561432266814514740e-03,2.714892347312428383e-03
5.587941440922190139e+00,7.182068237170442515e-01,7.573283047533926893e-02,6.189991798908132253e-02,-1.920635253382261820e-01,-2.857919855560585309e-02,1.788784327118730401e-03,-1.985937262609259457e-01,4.863291338008391730e-03,4.387968323506544373e-03
5.621202997118155409e+00,7.102992334876533365e-01,7.477402758811557693e-02,6.244112218909669831e-02,-1.986638217511448312e-01,-2.841325543265624601e-02,1.958047488450882258e-03,-1.983714238388017692e-01,5.078563334313966615e-03,5.575787200749357693e-03
5.654464553314120678e+00,7.024095478678193949e-01,7.381422291017852855e-02,6.296658669089635896e-02,-2.052598098616021383e-01,-2.824135671612774609e-02,2.159703045747669338e-03,-1.983277287085229990e-01,5.231764487979751084e-03,6.376346890550179357e-03
5.687726109510085948e+00,6.945309630775049481e-01,7.285399404381034949e-02,6.348039222229304168e-02,-2.118571995384582740e-01,-2.806522217561425656e-02,2.382221929300890485e-03,-1.984595188395997800e-01,5.340684773713055486e-03,6.854985225450318208e-03
5.720987665706051217e+00,6.866570042262194473e-01,7.189387936120215927e-02,6.398541482762470922e-02,-2.184619547386173477e-01,-2.788607774267615885e-02,2.615717998345326156e-03,-1.987849085814763217e-01,5.417836506089105178e-03,7.045100224352734627e-03
5.754249221902016487e+00,6.787809558627255768e-01,7.093445061133435425e-02,6.448353585369762109e-02,-2.250809903538435186e-01,-2.770481082879858517e-02,2.850883923337924584e-03,-1.993431379138391746e-01,5.471400652688284891e-03,6.947442351764606880e-03
5.787510778097982644e+00,6.708951600626857914e-01,6.997638739126663121e-02,6.497576619170186696e-02,-2.317228807066198382e-01,-2.752210314211609235e-02,3.077883486748223332e-03,-2.001951304129743203e-01,5.505579198405753660e-03,6.527543454152449388e-03
5.820772334293947914e+00,6.629901595311726847e-01,6.902055875479218283e-02,6.546227788719660712e-02,-2.383985935146230584e-01,-2.733856256500036275e-02,3.285116430181720358e-03,-2.014233558070032126e-01,5.520288015749496256e-03,5.709607131892385258e-03
5.854033890489913183e+00,6.550536118522278795e-01,6.806812146895244164e-02,6.594233544607501496e-02,-2.451221892433289862e-01,-2.715487640200855979e-02,3.457704323696870335e-03,-2.031282550038504831e-01,5.510080672923182987e-03,4.366468926161381180e-03
5.887295446685878453e+00,6.470689246685787932e-01,6.712063642478566239e-02,6.641410793717500427e-02,-2.519113172522209898e-01,-2.697201484910688798e-02,3.575587533312627429e-03,-2.054183746896242335e-01,5.461963804691964339e-03,2.307068048271346782e-03
5.920557002881843722e+00,6.390136179808033612e-01,6.618019658330334676e-02,6.687432852572028352e-02,-2.587872588701746190e-01,-2.679152956994837811e-02,3.611177670767857627e-03,-2.083902604135713377e-01,5.351647735769792490e-03,-7.389039248311530216e-04
5.953818559077808992e+00,6.308574035638992994e-01,6.524956344008396580e-02,6.731776103940649569e-02,-2.657740859670967293e-01,-2.661600658529825192e-02,3.526433344474245828e-03,-2.120888214247209358e-01,5.137810743512867193e-03,-5.139987595547544814e-03
5.987080115273775149e+00,6.225600301024718508e-01,6.433229745783272668e-02,6.773643148711361306e-02,-2.728960673748834775e-01,-2.644974640840920196e-02,3.269249698256117970e-03,-2.164341481464450712e-01,4.753842786756297574e-03,-1.138007742917197807e-02
6.020341671469740419e+00,6.140692414462681770e-01,6.343282908084524330e-02,6.811858550805049983e-02,-2.801719591296945033e-01,-2.629976616730129307e-02,2.769395174624563090e-03,-2.211018514364628818e-01,4.096610220823267319e-03,-2.006260716872883959e-02
6.053603227665705688e+00,6.053195492967495817e-01,6.255638538863812770e-02,6.844735878272301122e-02,-2.876044506880552909e-01,-2.617722714626344316e-02,1.934622626695612279e-03,-2.253439588223875578e-01,3.012707865063004621e-03,-3.188985688273712066e-02
6.086864783861670958e+00,5.962328854846039583e-01,6.170865875660910826e-02,6.869923663511807999e-02,-2.951625406292788245e-01,-2.609935146338965284e-02,6.479826410516528051e-04,-2.277363041123295351e-01,1.284622239929018080e-03,-4.759506314730516108e-02
6.120126340057636227e+00,5.867229963520441682e-01,6.089502818501871251e-02,6.884258154499514615e-02,-3.027541784422427273e-01,-2.609177007661547115e-02,-1.231549108353614244e-03,-2.258640988293103002e-01,-1.377136346095048829e-03,-6.778367576649740878e-02
6.153387896253601497e+00,5.767065451902206874e-01,6.011906788672031349e-02,6.883685242276949001e-02,-3.101877234610032064e-01,-2.619096285931994672e-02,-3.861198440301252637e-03,-2.160319069583190033e-01,-5.323789625618273111e-03,-9.263848344308193983e-02
6.186649452449567654e+00,5.661241113735153707e-01,5.938014052264399545e-02,6.863360047499374172e-02,-3.171252932690741266e-01,-2.644592513223147090e-02,-7.394149354255777525e-03,-1.931898552881065878e-01,-1.092128312317936813e-02,-1.214816082271040487e-01
6.219911008645532924e+00,5.549725769624234140e-01,5.867014361655117916e-02,6.818076811132975368e-02,-3.230393139173147743e-01,-2.691748060398730519e-02,-1.194253311794540515e-02,-1.513762444122378203e-01,-1.844691674678532872e-02,-1.522614418189478236e-01
6.253172564841498193e+00,5.433459841901404630e-01,5.797000126291201871e-02,6.743182767041014380e-02,-3.271953121895778138e-01,-2.767307144826246235e-02,-1.752305436133507963e-02,-8.502089047072498851e-02,-2.792536118178372273e-02,-1.811691233498671227e-01
6.286434121037463463e+00,5.314734144875231658e-01,5.724734332783489033e-02,6.636001377718751815e-02,-3.286951681697608540e-01,-2.877516254446836619e-02,-2.399446707249619504e-02,8.787630471285119704e-03,-3.894474805593690914e-02,-2.027769541432071776e-01
6.319695677233428732e+00,5.197315934763075962e-01,5.645761835785423344e-02,6.497459543788208780e-02,-3.266107316600777577e-01,-3.026379730026298315e-02,-3.101240847229705389e-02,1.277093228310953177e-01,-5.055898792511081402e-02,-2.111099912796644273e-01
6.352957233429394002e+00,5.086076202625078313e-01,5.555046572942971828e-02,6.333196237765430225e-02,-3.201995465335705227e-01,-3.213850378063278640e-02,-3.803816074945284842e-02,2.627635628056482209e-01,-6.140545581406127440e-02,-2.016055452835097961e-01
6.386218789625360159e+00,4.986062839797289481e-01,5.448064432044369410e-02,6.153317486982914919e-02,-3.091308816390534453e-01,-3.434867933885952379e-02,-4.442383682002847695e-02,3.996788741762173913e-01,-7.007219787629788421e-02,-1.731167641764916054e-01
6.419480345821325429e+00,4.901316707538095341e-01,5.321941174714603373e-02,5.970501258242243148e-02,-2.936116638660656308e-01,-3.679992447550736734e-02,-4.955442670969298358e-02,5.230145084514727927e-01,-7.556562134542077480e-02,-1.287215455668227204e-01
6.452741902017290698e+00,4.833960011378262700e-01,5.176099051565870302e-02,5.797121675101847560e-02,-2.743383287107256652e-01,-3.937553966058703753e-02,-5.298679466303327090e-02,6.210469727445190324e-01,-7.762043857472723796e-02,-7.470750760282902914e-02
6.486003458213255968e+00,4.783957204637995231e-01,5.012131654042253914e-02,5.642680578053340529e-02,-2.522976862975135903e-01,-4.196347763472491055e-02,-5.452420263447700643e-02,6.887560904793302852e-01,-7.668602341497918196e-02,-1.831669042266642275e-02
6.519265014409221237e+00,4.749548334685065321e-01,4.833070437990862056e-02,5.512557917059121571e-02,-2.285201298931422986e-01,-4.447693261511193735e-02,-5.420527791866851242e-02,7.276756944726403553e-01,-7.364313422763164863e-02,3.443792427844508813e-02
6.552526570605186507e+00,4.728020689523975140e-01,4.642474186550527016e-02,5.408215044863805970e-02,-2.038904342892338128e-01,-4.686244812984369928e-02,-5.223328472715720039e-02,7.434948153667608750e-01,-6.945221512514127005e-02,7.989629401761789984e-02
6.585788126801151776e+00,4.716439700845274086e-01,4.443712240960556725e-02,5.328276169473843138e-02,-1.790605407276814054e-01,-4.909711012775026806e-02,-4.889032777203576596e-02,7.432434321942267275e-01,-6.490769107077816458e-02,1.167150154743685775e-01
6.619049682997117934e+00,4.712133414108793383e-01,4.239578553380127235e-02,5.269788810905311205e-02,-1.544475679148128444e-01,-5.118030975804579996e-02,-4.446903863492983333e-02,7.333288252881642322e-01,-6.054775737711576983e-02,1.451844437782537356e-01
6.652311239193083203e+00,4.712914318699539251e-01,4.032186601080567367e-02,5.229238105751994603e-02,-1.302772248627942497e-01,-5.312493539682749955e-02,-3.923220670101502938e-02,7.186640377783175548e-01,-5.667358124052034041e-02,1.664519526609352096e-01
6.685572795389048473e+00,4.717115906969093775e-01,3.823031371966664066e-02,5.203195383680007946e-02,-1.066397993576470027e-01,-5.495041277256215717e-02,-3.339613668021008952e-02,7.025674227531403249e-01,-5.341321771859487005e-02,1.819386977289232099e-01
6.718834351585013742e+00,4.723531356767192713e-01,3.613120265181444385e-02,5.188651202779047400e-02,-8.354025323607791598e-02,-5.667814888233625725e-02,-2.712907826355234059e-02,6.870475520388262813e-01,-5.078981655705348125e-02,1.929999719825159221e-01
6.752095907780979012e+00,4.731317723401268216e-01,3.403112596021497238e-02,5.183136404081150478e-02,-6.093525783476721330e-02,-5.832910944775257511e-02,-2.055717785237768172e-02,6.731947280484621432e-01,-4.877710676171144455e-02,2.007735377482715577e-01
6.785357463976944281e+00,4.739901392950521264e-01,3.193439149711658348e-02,5.184726561008611012e-02,-3.875724468045475823e-02,-5.992295383759879690e-02,-1.377299764659850427e-02,6.615261984604223766e-01,-4.733722869802349520e-02,2.061416325101838309e-01
6.818619020172910439e+00,4.748899742749501662e-01,2.984393949690565540e-02,5.191995173685950982e-02,-1.692847618437779908e-02,-6.147812923275372543e-02,-6.843994864246622130e-03,6.522428785803027207e-01,-4.644442545893433943e-02,2.097472019587008352e-01
6.851880576368875708e+00,4.758061811206030778e-01,2.776202647525272127e-02,5.203956371722712887e-02,4.631981638179210291e-03,-6.301258157238213975e-02,1.800390431931655176e-04,6.454056574515802946e-01,-4.610175240463936647e-02,2.120262741924079097e-01
6.885142132564840978e+00,4.767226332676692824e-01,2.569073939506119966e-02,5.220021581516826048e-02,2.600591690466168629e-02,-6.454496128943251754e-02,7.260652803897271919e-03,6.410433582001142661e-01,-4.635417348707487895e-02,2.132359778232655600e-01
6.918403688760806247e+00,4.776295628122632642e-01,2.363235429629785556e-02,5.239978907117971013e-02,4.727618100382618288e-02,-6.609620546509788197e-02,1.436515996193353170e-02,6.392171012207772396e-01,-4.730027308173965356e-02,2.134690486271209053e-01
6.951665244956771517e+00,4.785224112711606859e-01,2.158955571229302650e-02,5.263997960344317384e-02,6.852862797201567102e-02,-6.769152267181810512e-02,2.146127831791778268e-02,6.400663606858865151e-01,-4.910865389768531708e-02,2.126492622251962838e-01
6.984926801152736786e+00,4.794020420161564933e-01,1.956555475213362857e-02,5.292669166114614965e-02,8.985538745402754657e-02,-6.936306596775003441e-02,2.851125073300143573e-02,6.438208825318764150e-01,-5.203955960400714897e-02,2.105016769216172257e-01
7.018188357348702944e+00,4.802765668964454893e-01,1.756403405314248961e-02,5.327082082671366625e-02,1.113575969009557853e-01,-7.115335614418205612e-02,3.546450503046443686e-02,6.507502499693534892e-01,-5.646297577228759357e-02,2.064945619820431066e-01
7.051449913544668213e+00,4.811654771476271963e-01,1.558871768139375932e-02,5.368931880571619492e-02,1.331453194718159316e-01,-7.311915885103278945e-02,4.224791168805541730e-02,6.610643536082316807e-01,-6.287208770812527381e-02,1.997523345382494764e-01
7.084711469740633483e+00,4.821068664943528592e-01,1.364237704943586232e-02,5.420644361489204699e-02,1.553336551943352850e-01,-7.533580310110500611e-02,4.875265203150297433e-02,6.747510779625358612e-01,-7.189188946447762352e-02,1.889388538481002189e-01
7.117973025936598752e+00,4.831686707747042675e-01,1.172498619634482903e-02,5.485502053911124609e-02,1.780318612676941858e-01,-7.790163109394650232e-02,5.481671229779518095e-02,6.912327891388122536e-01,-8.424383922914290002e-02,1.721356262502354850e-01
7.151234582132564022e+00,4.844648768673857075e-01,9.830415484458005296e-03,5.567684624361336765e-02,2.013166117152043189e-01,-8.093996548647303113e-02,6.020364964320278761e-02,7.087510503874030476e-01,-1.005974102617830379e-01,1.468026542220280395e-01
7.184496138328529291e+00,4.861759565970455998e-01,7.941095321403170149e-03,5.672050776961347351e-02,2.251801870505144298e-01,-8.459368392312827112e-02,6.458248176404091101e-02,7.235802253201648604e-01,-1.212660763760955718e-01,1.099741722084771611e-01
7.217757694524495449e+00,4.885685044559248125e-01,6.020865397166721630e-03,5.803454922356747481e-02,2.494514203687562826e-01,-8.900696231456850516e-02,6.751947386123687000e-02,7.293077488522083929e-01,-1.457233940536178385e-01,5.890668903152652264e-02
7.251019250720460718e+00,4.920022748416038594e-01,4.007528421485859020e-03,5.965369117166269275e-02,2.736960083957159506e-01,-9.428765764389071546e-02,6.850113805912166898e-02,7.166265834907805665e-01,-1.719417350240809161e-01,-7.553501931004665514e-03
7.284280806916425988e+00,4.969037038176494780e-01,1.808936397914230566e-03,6.157660814252476078e-02,2.971236511253588786e-01,-1.004450616784390293e-01,6.701699140332798010e-02,6.746379055223231669e-01,-1.958252331132609436e-01,-8.689651539453663309e-02
7.317542363112391257e+00,5.036822551260288217e-01,-6.903625393554484613e-04,6.373967416265786945e-02,3.185750216086342679e-01,-1.073145616354602289e-01,6.272051139906376083e-02,5.947377177628218048e-01,-2.114715773126381038e-01,-1.711467743206739334e-01
7.350803919308356527e+00,5.125904383906854100e-01,-3.605435807880104978e-03,6.600207278543138156e-02,3.366874551678155081e-01,-1.145128091837065432e-01,5.563177529967736762e-02,4.763007460589454567e-01,-2.129291821772578974e-01,-2.472991568000482143e-01
7.384065475504321796e+00,5.235833090411794455e-01,-7.013824193542427844e-03,6.816185027657731266e-02,3.502600296710740024e-01,-1.214792735529598711e-01,4.626940179682442755e-02,3.304204166254809949e-01,-1.969843516664822880e-01,-3.012762047797042375e-01
7.417327031700287954e+00,5.362710816909938005e-01,-1.092332528968694046e-02,7.000697606013206453e-02,3.586680496795809914e-01,-1.276168213490675718e-01,3.558994446810273549e-02,1.776616456055085669e-01,-1.651892804120904945e-01,-3.238889257221573281e-01
7.450588587896253223e+00,5.500189703844928779e-01,-1.526632357703030032e-02,7.137817771052124005e-02,3.620786352894246329e-01,-1.324681786197555444e-01,2.472330238850761752e-02,4.004599051218943329e-02,-1.234645017208956252e-01,-3.148852439066017195e-01
7.483850144092218493e+00,5.641464420500628130e-01,-1.992567131075966350e-02,7.220817654305976274e-02,3.613320336072695649e-01,-1.358300642734604491e-01,1.464279799714331837e-02,-6.749360300307466476e-02,-7.942920061767433371e-02,-2.821948676381479393e-01
7.517111700288183762e+00,5.781097278770179759e-01,-2.477496309604080432e-02,7.251932784525719211e-02,3.575887507511147367e-01,-1.377520562596463161e-01,5.950821492189058842e-03,-1.407099332506400735e-01,-3.935938557554759243e-02,-2.373060037153356117e-01
7.550373256484149032e+00,5.915825547038595644e-01,-2.970997878762121971e-02,7.239106380883755798e-02,3.519715709029761497e-01,-1.384483731037799426e-01,-1.143535959291906972e-03,-1.838266127572214803e-01,-6.618169055813866684e-03,-1.903902260375643085e-01
7.583634812680114301e+00,6.044369004145175861e-01,-3.466080461138350277e-02,7.192223375736134239e-02,3.453600323300381469e-01,-1.381923174635750207e-01,-6.714528912832947241e-03,-2.048342817665904092e-01,1.811834377825825501e-02,-1.479104645153066500e-01
7.616896368876080459e+00,6.166787038770316087e-01,-3.958914738281767154e-02,7.120530099102959087e-02,3.383453569552968276e-01,-1.372430844842632280e-01,-1.098300041418634812e-02,-2.117333150799002028e-01,3.576787947950870600e-02,-1.127468674912294605e-01
7.650157925072045728e+00,6.283851291301510988e-01,-4.447982722514186998e-02,7.031486972117487189e-02,3.312748732138618424e-01,-1.358129267969386267e-01,-1.421480145079013699e-02,-2.107881635975983881e-01,4.784010899618795776e-02,-8.537842047062263462e-02
7.683419481268010998e+00,6.396598590188948830e-01,-4.933205173617190992e-02,6.930569461084343241e-02,3.243230722574050873e-01,-1.340606115366675954e-01,-1.666263867499910567e-02,-2.062040617797749886e-01,5.585087980003160951e-02,-6.501641913783438864e-02
7.716681037463976267e+00,6.506065138196175379e-01,-5.415260718154368824e-02,6.821521452947520991e-02,3.175575372364132232e-01,-1.320975524428129044e-01,-1.853989600841717683e-02,-2.004696260454283119e-01,6.106118084545280461e-02,-5.039973886614137338e-02
7.749942593659941537e+00,6.613166828261618502e-01,-5.895160220961886965e-02,6.706746390005025038e-02,3.109872087928167161e-01,-1.299986317405015246e-01,-2.001538616811539273e-02,-1.949031902291157026e-01,6.441123749554281130e-02,-4.027295100600047223e-02
7.783204149855906806e+00,6.718673233393880340e-01,-6.374037637482191099e-02,6.587667894325002771e-02,3.045919704072558853e-01,-1.278127164515935610e-01,-2.121897805454407010e-02,-1.901277240045270989e-01,6.656488015136095837e-02,-3.358952037111125055e-02
7.816465706051872964e+00,6.823220340015176966e-01,-6.853059705585556882e-02,6.465003807594948970e-02,2.983393208400415553e-01,-1.255705287368371337e-01,-2.224986560695387666e-02,-1.863788401061850786e-01,6.798557051885559255e-02,-2.954250996509841243e-02
7.849727262247838233e+00,6.927334460478056233e-01,-7.333391829872136503e-02,6.338957211123244506e-02,2.921934698793944296e-01,-1.232901047029381914e-01,-2.318423776529204838e-02,-1.836983697658074732e-01,6.899795050653265149e-02,-2.754715310975655931e-02
7.882988818443803503e+00,7.031462575365345913e-01,-7.816206467685811454e-02,6.209335578938897371e-02,2.861191335418962756e-01,-1.209805703204781813e-01,-2.408238796935193923e-02,-1.820678460953677191e-01,6.983734067342120544e-02,-2.721904149074989149e-02
7.916250374639768772e+00,7.136003327219365699e-01,-8.302713178787929360e-02,6.075612144035334033e-02,2.800817500906355173e-01,-1.186443074401666298e-01,-2.499493312158183184e-02,-1.814875664308315539e-01,7.069575390960983197e-02,-2.833720379303115988e-02
7.949511930835734042e+00,7.241330238254687357e-01,-8.794175796071343476e-02,5.936952053067673374e-02,2.740460157624800552e-01,-1.162776687375169232e-01,-2.596746696214879968e-02,-1.820170256245350893e-01,7.175860508348715083e-02,-3.080192606483430143e-02
7.982773487031699311e+00,7.347805797289320706e-01,-9.291901249324971412e-02,5.792218820728389089e-02,2.679734110377696155e-01,-1.138707016891096352e-01,-2.704397311108074770e-02,-1.838092230718814946e-01,7.323332783806944801e-02,-3.460502318856970017e-02
8.016035043227665469e+00,7.455787099226277581e-01,-9.797190845571898676e-02,5.639969428870267310e-02,2.618184541573957969e-01,-1.114059598389099126e-01,-2.826950080904739454e-02,-1.871481472947705005e-01,7.538045886735803003e-02,-3.980155730100958661e-02
8.049296599423630738e+00,7.565616510258945659e-01,-1.031121576672238416e-01,5.478460743547059614e-02,2.555237338013379711e-01,-1.088561589517210576e-01,-2.969169658078968377e-02,-1.924813763002043432e-01,7.854807698596086296e-02,-4.646440304628898094e-02
8.082558155619596008e+00,7.677586960360993640e-01,-1.083475940097519408e-01,5.305704132464121592e-02,2.490139939284237713e-01,-1.061806972854028031e-01,-3.136045751511964963e-02,-2.004474300487050220e-01,8.320294527816243790e-02,-5.461830760178940786e-02
8.115819711815561277e+00,7.791872238215744595e-01,-1.136777169421438471e-01,5.119607946417942951e-02,2.421893468835342733e-01,-1.033212400716421869e-01,-3.332507639604057048e-02,-2.118928354422726368e-01,8.995464081415675828e-02,-6.414448774667447228e-02
8.149081268011526547e+00,7.908408368973542935e-01,-1.190866632506495382e-01,4.918269601542409053e-02,2.349182230212525646e-01,-1.001966346043468847e-01,-3.562754848281450559e-02,-2.278466068019725232e-01,9.955884479028341560e-02,-7.463250016657593799e-02
8.182342824207491816e+00,8.026708533680735336e-01,-1.245328711852756315e-01,4.700513349807354524e-02,2.270322814511265830e-01,-9.669827585004736603e-02,-3.828986259271249804e-02,-2.493975804241080618e-01,1.128621109248175991e-01,-8.517591006597431680e-02
8.215604380403457085e+00,8.145609454359699075e-01,-1.299356923581339307e-01,4.466752412140592710e-02,2.183275197484240149e-01,-9.268869571450467915e-02,-4.129371512121830790e-02,-2.774158450459986991e-01,1.306401704008009201e-01,-9.415622644510053540e-02
8.248865936599422355e+00,8.262987061655485688e-01,-1.351615219154901348e-01,4.220156683427915556e-02,2.085777160118291451e-01,-8.800768511157389118e-02,-4.455342782692001125e-02,-3.120759123243071476e-01,1.532939744488421574e-01,-9.911451830891279680e-02
8.282127492795387624e+00,8.375539646659256876e-01,-1.400153176529740362e-01,3.967927058599240997e-02,1.975672587580597772e-01,-8.249110342323857925e-02,-4.788712136235419997e-02,-3.522190223522081998e-01,1.804114838993899073e-01,-9.688516596080765098e-02
8.315389048991354670e+00,8.478812514832174685e-01,-1.442470545596101217e-01,3.722169188287074992e-02,1.851470104013172024e-01,-7.600615169133975724e-02,-5.099853061124168946e-02,-3.947938411402487358e-01,2.103251987527313682e-01,-8.421397418036642712e-02
8.348650605187319940e+00,8.567674358893124786e-01,-1.475834283764954069e-01,3.499522466499768725e-02,1.713043436922449259e-01,-6.849961658775544082e-02,-5.348929703172587702e-02,-4.348545739967729085e-01,2.399771373143938513e-01,-5.892151627482188070e-02
8.381912161383285209e+00,8.637326528690969507e-01,-1.497865328017159714e-01,3.318797270612472428e-02,1.562191307011846775e-01,-6.004212561428051709e-02,-5.491817326069464711e-02,-4.665572992908619265e-01,2.654369824089381491e-01,-2.121391727820927733e-02
8.415173717579250479e+00,8.684588322672521787e-01,-1.507223771071067309e-01,3.196821905611089976e-02,1.402675000342432088e-01,-5.084192237399068337e-02,-5.490051283509731622e-02,-4.850312756051202157e-01,2.830853270747773487e-01,2.568250095440211683e-02
8.448435273775215748e+00,8.708877006068257431e-01,-1.504065386521071246e-01,3.144068690635864333e-02,1.239533406405036869e-01,-4.121040858477860447e-02,-5.320969336319908427e-02,-4.882217253022361758e-01,2.909247239162396914e-01,7.621491360701840301e-02
8.481696829971181018e+00,8.712343470118903976e-01,-1.490003761600214305e-01,3.162192094734327108e-02,1.077894713297801732e-01,-3.148870426731922162e-02,-4.983045957127633235e-02,-4.775804032723479087e-01,2.892433191840929063e-01,1.243254263620660882e-01
8.514958386167146287e+00,8.699096564407131638e-01,-1.467593379710918078e-01,3.244626911004078185e-02,9.218320579743363719e-02,-2.196904275408007035e-02,-4.493917905214064173e-02,-4.572003321220767247e-01,2.802528879155961605e-01,1.653762745729869532e-01
8.548219942363111556e+00,8.673971682406097505e-01,-1.439620263201167316e-01,3.379588869164387721e-02,7.737508225039516074e-02,-1.284540990634682606e-02,-3.882911507089870790e-02,-4.320501940302791111e-01,2.670252714366389002e-01,1.971536381250896253e-01
8.581481498559076826e+00,8.641443208875709825e-01,-1.408528019967210110e-01,3.553699265301585308e-02,6.344188218100185739e-02,-4.205690610814701545e-03,-3.182390542466724537e-02,-4.063939405041372965e-01,2.524172760111762503e-01,2.196951708091814115e-01
8.614743054755042095e+00,8.605018700980073820e-01,-1.376136857460343865e-01,3.754717842320878796e-02,5.034049247083878520e-02,3.946172915409678142e-03,-2.421430853119509174e-02,-3.830370181542205321e-01,2.384672443716362444e-01,2.344351459444752039e-01
8.648004610951007365e+00,8.567103648239874358e-01,-1.343620911189365441e-01,3.972885703566139681e-02,3.796106757205859605e-02,1.165789268831369206e-02,-1.622854986238421449e-02,-3.633396177409651817e-01,2.263022657141983418e-01,2.433098609998233797e-01
8.681266167146972634e+00,8.529150907220180988e-01,-1.311627254223765304e-01,4.201165246036491635e-02,2.617001024341537169e-02,1.900050397206388964e-02,-8.028579301838773691e-03,-3.476049611448900900e-01,2.163330500366412446e-01,2.481609381053255237e-01
8.714527723342937904e+00,8.491914029496725469e-01,-1.280435365915699453e-01,4.434875750880322431e-02,1.483730367382432233e-02,2.604904048999037366e-02,2.798881144833458728e-04,-3.355209084774296024e-01,2.085188400827311384e-01,2.504616396485128127e-01
8.747789279538904950e+00,8.455693412338378678e-01,-1.250100048219714433e-01,4.671115704133494556e-02,3.850115138928584656e-03,3.287182620672246536e-02,8.632908502366525016e-03,-3.265077382816962137e-01,2.025921939058485943e-01,2.512654319755653898e-01
8.781050835734870219e+00,8.420527112274029946e-01,-1.220556465195260232e-01,4.908205756799910446e-02,-6.883007296724090625e-03,3.952610377491698468e-02,1.699484668600093062e-02,-3.199354491061222050e-01,1.982112675764846066e-01,2.512676557097752172e-01
8.814312391930835489e+00,8.386319766861364267e-01,-1.191687680859199738e-01,5.145252045082499004e-02,-1.743298670012084772e-02,4.605745663706002635e-02,2.534801500360488180e-02,-3.152304394736640814e-01,1.950435470965076190e-01,2.508987436212516409e-01
8.847573948126800758e+00,8.352922453649848089e-01,-1.163364080546836349e-01,5.381835971314653799e-02,-2.785311725118839316e-02,5.250100757973881482e-02,3.368541200691169135e-02,-3.119151996254737602e-01,1.928020874247831362e-01,2.504078733101458010e-01
8.880835504322766027e+00,8.320178356852110380e-01,-1.135464041945100089e-01,5.617803823367247679e-02,-3.818255658155778054e-02,5.888325156821774820e-02,4.200592610364008855e-02,-3.096155581481331298e-01,1.912570622828866640e-01,2.499284047675575104e-01
8.914097060518731297e+00,8.287945651515853385e-01,-1.107882607502682776e-01,5.853133327403685360e-02,-4.844970782416704869e-02,6.522402262973379938e-02,5.031142736719990127e-02,-3.080510212848420748e-01,1.902358149555120059e-01,2.495259838085938375e-01
8.947358616714696566e+00,8.256106763136019655e-01,-1.080533179913022168e-01,6.087855544476249159e-02,-5.867506929293840601e-02,7.153833006747382928e-02,5.860517116924628817e-02,-3.070176108789687830e-01,1.896168411009532262e-01,2.492299637838520099e-01
8.980620172910661836e+00,8.224570757609838134e-01,-1.053345776568906378e-01,6.322009312095677735e-02,-6.887347485897077348e-02,7.783792506169540104e-02,6.689098025942993853e-02,-3.063718244219933440e-01,1.893221749957507138e-01,2.490523482754987972e-01
9.013881729106627105e+00,8.193272499922366059e-01,-1.026263662359607198e-01,6.555613671839607970e-02,-7.905587660268356687e-02,8.413263039300095114e-02,7.517290852505159604e-02,-3.060181973467875349e-01,1.893118511927631142e-01,2.490003065193311105e-01
9.047143285302592375e+00,8.162170411047638963e-01,-9.992390668456946345e-02,6.788652714494652907e-02,-8.923075779504718863e-02,9.043153861571606722e-02,8.345525563564062943e-02,-3.058985498686947468e-01,1.895806479961821001e-01,2.490846773504950262e-01
9.080404841498557644e+00,8.131244158954851198e-01,-9.722283399187936492e-02,7.021068728230192568e-02,-9.940520021612740675e-02,9.674412514698604859e-02,9.174279651154640391e-02,-3.059831709481281026e-01,1.901560426176912566e-01,2.493248996287094621e-01
9.113666397694522914e+00,8.100492991059655701e-01,-9.451866140482262368e-02,7.252760105182518013e-02,-1.095857106660688973e-01,1.030813104107775324e-01,1.000411239557481430e-01,-3.062651861096284400e-01,1.910980118245999559e-01,2.497523907804767573e-01
9.146927953890489960e+00,8.069934688546986923e-01,-9.180615833979695328e-02,7.483584752705813026e-02,-1.197789136134338323e-01,1.094565596654684392e-01,1.083571028735894892e-01,-3.067561377643317488e-01,1.925006946138088093e-01,2.504137896494821325e-01
9.180189510086455229e+00,8.039604807157081368e-01,-8.907857162718550714e-02,7.713374454799720725e-02,-1.299920836954801540e-01,1.158870557540966906e-01,1.166994286290899685e-01,-3.074800210509285869e-01,1.944931040331134842e-01,2.513728597223224837e-01
9.213451066282420499e+00,8.009555542651118909e-01,-8.632661494467727681e-02,7.941968913854292877e-02,-1.402334416120780136e-01,1.223948462845187435e-01,1.250792078731786106e-01,-3.084655039948145938e-01,1.972362832831457413e-01,2.527100398524780855e-01
9.246712622478385768e+00,7.979852948062035045e-01,-8.353713382878487359e-02,8.169282185823681375e-02,-1.505121690867607942e-01,1.290078271947081023e-01,1.335104870127656884e-01,-3.097348279238205659e-01,2.009148782238334152e-01,2.545194302738746917e-01
9.279974178674351037e+00,7.950570412896067474e-01,-8.069132662943848122e-02,8.395422642041196204e-02,-1.608379663817496863e-01,1.357603293098139097e-01,1.420106325392177793e-01,-3.112834607032802237e-01,2.057156966795364028e-01,2.568997713761799195e-01
9.313235734870316307e+00,7.921774986977954125e-01,-7.776242027371660370e-02,8.620900452263255409e-02,-1.712197137288742899e-01,1.426926756057052548e-01,1.506002593774846410e-01,-3.130447214833861902e-01,2.117801170485717754e-01,2.599327227009978758e-01
9.346497291066281576e+00,7.893501412965173714e-01,-7.471279315093397322e-02,8.846966597503110041e-02,-1.816626755726896691e-01,1.498486018386123164e-01,1.593021662657968518e-01,-3.148363316870781414e-01,2.191179815884143900e-01,2.636426959842972373e-01
9.379758847262246846e+00,7.865707249753034480e-01,-7.149070911103878878e-02,9.076131164149459085e-02,-1.921636064067570038e-01,1.572690857220043759e-01,1.681385920737596962e-01,-3.162836443708329504e-01,2.274687076382534701e-01,2.679315257900861669e-01
9.413020403458212115e+00,7.838201352550200340e-01,-6.802719701032131083e-02,9.312904991490310314e-02,-2.027028479949000705e-01,1.649805282424791075e-01,1.771258052692722684e-01,-3.167160414760289422e-01,2.360907374700250694e-01,2.724776499475431435e-01
9.446281959654177385e+00,7.810539149997768327e-01,-6.423438096167237432e-02,9.564768067470350021e-02,-2.132325432301943047e-01,1.729745763854166896e-01,1.862646534055092951e-01,-3.150550158577562487e-01,2.434831066455118709e-01,2.765996097215759342e-01
9.479543515850142654e+00,7.781887400219171802e-01,-6.000768249397997467e-02,9.843239294300189235e-02,-2.236612882244471412e-01,1.811777823113949748e-01,1.955260721943448687e-01,-3.097500099385445127e-01,2.471109826181511482e-01,2.791168413460380915e-01
9.512805072046107924e+00,7.750883456635444535e-01,-5.523532481114290515e-02,1.016468793349030453e-01,-2.338380779547377941e-01,1.894131680554044239e-01,2.048323744128525137e-01,-2.988565256486771515e-01,2.433015180534136290e-01,2.782860249819606446e-01
9.546066628242074970e+00,7.715549415756332019e-01,-4.981865502296400905e-02,1.055022286284814093e-01,-2.435421544692360496e-01,1.973629565419895981e-01,2.140385247113235079e-01,-2.803801114536912387e-01,2.275732441810018880e-01,2.719386046335078300e-01
9.579328184438040239e+00,7.673360397407055222e-01,-4.370427663821949138e-02,1.102376561541990041e-01,-2.524898356214337891e-01,2.045520485554535306e-01,2.229225767725921958e-01,-2.529706180782835268e-01,1.956797198949693506e-01,2.579599503803065019e-01
9.612589740634005508e+00,7.621572344663720688e-01,-3.692172710743041320e-02,1.160766155661569071e-01,-2.603705473275139126e-01,2.103801805413841874e-01,2.311988234830895383e-01,-2.168362928510244314e-01,1.453677888542699304e-01,2.351259907135466454e-01
9.645851296829970778e+00,7.557826156217266611e-01,-2.961007846956348333e-02,1.231637940146556309e-01,-2.669144607014121151e-01,2.142223663115725985e-01,2.385638894790935438e-01,-1.744023069081316879e-01,7.818324640292194372e-02,2.039937018118272161e-01
9.679112853025936047e+00,7.480853426640530213e-01,-2.201265247696194624e-02,1.315066797115504449e-01,-2.719723315913755712e-01,2.155811734290117854e-01,2.447691194359637445e-01,-1.301095765863219955e-01,9.858341523397589387e-05,1.672574622008939360e-01
9.712374409221901317e+00,7.390947707912006726e-01,-1.443115395299055144e-02,1.409541822109115494e-01,-2.755697546879305460e-01,2.142289243871841886e-01,2.496903764354727329e-01,-8.917014001757712915e-02,-7.989025288510244460e-02,1.291375329268550087e-01
9.745635965417866586e+00,7.289922903129636422e-01,-7.154984407097060573e-03,1.512296950425845721e-01,-2.779042068377690633e-01,2.102666251573163392e-01,2.533597500528735891e-01,-5.585293568075046233e-02,-1.527018956252357840e-01,9.400353191099876382e-02
9.778897521613831856e+00,7.180569065870898715e-01,-3.983395416738786526e-04,1.620041366139350347e-01,-2.792852658056403925e-01,2.040707190220457379e-01,2.559437839540265602e-01,-3.226778470750261280e-02,-2.119848770390853065e-01,6.500870850060012918e-02
9.812159077809797125e+00,7.065902901612861609e-01,5.728770696214348541e-03,1.729724167619177688e-01,-2.800507603065048867e-01,1.961647313566556305e-01,2.576843316749132806e-01,-1.822855815555373196e-02,-2.553379638922944062e-01,4.345408879712444467e-02
9.845420634005762395e+00,6.948559786947579031e-01,1.121238549954971762e-02,1.839022204694467366e-01,-2.804978862285651409e-01,1.870848429521118628e-01,2.588344851869666119e-01,-1.199644216491647583e-02,-2.837421742105306621e-01,2.900877989761898451e-02
9.878682190201727664e+00,6.830496187915370276e-01,1.610490208637523415e-02,1.946472511031202557e-01,-2.808488009769449234e-01,1.772893188113176810e-01,2.596140860003953721e-01,-1.126161273693583251e-02,-3.000868481500335583e-01,2.038807795480881285e-02
9.911943746397692934e+00,6.712965562237617201e-01,2.049236326767774757e-02,2.051357123412426431e-01,-2.812470437583787231e-01,1.671221318252869015e-01,2.601907635882098058e-01,-1.386513497955832452e-02,-3.077698422751979357e-01,1.602025483457527114e-02
9.945205302593659979e+00,6.596644205614621281e-01,2.446945396114724031e-02,2.153489412287072635e-01,-2.817711529095193734e-01,1.568155110027978638e-01,2.606798032133031962e-01,-1.813695748502799909e-02,-3.098286208169267475e-01,1.447174249501355717e-02
9.978466858789625249e+00,6.481802105405007897e-01,2.812457354807924859e-02,2.253004766519843272e-01,-2.824535706196029117e-01,1.465113676604455628e-01,2.611534689407126741e-01,-2.294769860533129799e-02,-3.085929281594634865e-01,1.462666311960749560e-02
1.001172841498559052e+01,6.368457643751167518e-01,3.153306678780775502e-02,2.350201165450165330e-01,-2.832977052429779818e-01,1.362869489594908390e-01,2.616528143679277552e-01,-2.760930915622594392e-02,-3.056726545276149398e-01,1.570433063342284441e-02
1.004498997118155579e+01,6.256489487890088963e-01,3.475567826831236357e-02,2.445435795227617615e-01,-2.842902277956660950e-01,1.261770713081651896e-01,2.621981698924799042e-01,-3.173627254053935226e-02,-3.020942224057103775e-01,1.720014958103016980e-02
1.007825152737752106e+01,6.145707582779627032e-01,3.783971687584569005e-02,2.539067013441984599e-01,-2.854089008680932293e-01,1.161907010494428183e-01,2.627970218516646472e-01,-3.512835375686895051e-02,-2.984645452873563309e-01,1.880945380503889694e-02
1.011151308357348633e+01,6.035897001946286533e-01,4.082124828025707197e-02,2.631428364555280508e-01,-2.866270752207777939e-01,1.063222808170078554e-01,2.634494333019833379e-01,-3.767242441825782023e-02,-2.951129525986649904e-01,2.036069347808729807e-02
1.014477463976945160e+01,5.926839328168047594e-01,4.372738203241141597e-02,2.722821418971241303e-01,-2.879149877917455136e-01,9.655886893540727156e-02,2.641514785522851017e-01,-3.925210386360757780e-02,-2.921969647098168199e-01,2.176165407857229978e-02
1.017803619596541687e+01,5.818315168380997493e-01,4.657826059495745463e-02,2.813518937362347039e-01,-2.892382473377163032e-01,8.688442929303566431e-02,2.648970862620865230e-01,-3.968474350686912455e-02,-2.897700199371076590e-01,2.295731742722429206e-02
1.021129775216138214e+01,5.710102325092770714e-01,4.938869920626211274e-02,2.903776627458750093e-01,-2.905549404442979156e-01,7.728246533131902241e-02,2.656786707597135755e-01,-3.867586969959431464e-02,-2.878222762837113757e-01,2.389619358449641962e-02
1.024455930835734740e+01,5.601973516357990901e-01,5.216942457817513867e-02,2.993849259330091939e-01,-2.918110865645980878e-01,6.773759565891296353e-02,2.664867354336473149e-01,-3.572839364813923391e-02,-2.863026335166964920e-01,2.449665050191025470e-02
1.027782086455331267e+01,5.493682670529684842e-01,5.492768510058593234e-02,3.084006852873252824e-01,-2.929317043905362294e-01,5.823672306378203933e-02,2.673082641942780002e-01,-2.999835143161213094e-02,-2.851145839368331991e-01,2.460423222171007063e-02
1.031108242074927794e+01,5.384950117441427153e-01,5.766719100312510393e-02,3.174556206356917709e-01,-2.938066702684558607e-01,4.877088614710441139e-02,2.681234855390492999e-01,-2.016188929641212629e-02,-2.840853953080430538e-01,2.393207053168192044e-02
1.034434397694524499e+01,5.275468179216225018e-01,6.038757215567490400e-02,3.265865644323502903e-01,-2.942729360182351206e-01,3.933847838279899006e-02,2.689003000120286924e-01,-4.263014294433680428e-03,-2.829166858673166640e-01,2.197214689730715015e-02
1.037760553314121026e+01,5.164917342914692178e-01,6.308298693448480265e-02,3.358377864246113731e-01,-2.940902592474928801e-01,2.995038765560031555e-02,2.695851411365908779e-01,2.057536056594855972e-02,-2.810983044615867343e-01,1.786448882235966429e-02
1.041086708933717553e+01,5.052994124884576665e-01,6.573898335667392734e-02,3.452612803880527048e-01,-2.929041989948020230e-01,2.063894428191966404e-02,2.700887014097829164e-01,5.847478171098136751e-02,-2.777586359041482877e-01,1.022217055059166692e-02
1.044412864553314080e+01,4.939508609371688896e-01,6.832744664531897882e-02,3.549156419284041908e-01,-2.902003347716396453e-01,1.147301870151926258e-02,2.702651517370173728e-01,1.148029487086165978e-01,-2.714746186210659773e-01,-3.061938009399083668e-03
1.047739020172910607e+01,4.824591280561104645e-01,7.080019623577776811e-02,3.648575353269004062e-01,-2.852671495349336506e-01,2.579607715833934917e-03,2.698850117634465362e-01,1.956203186371566205e-01,-2.601062782249966565e-01,-2.493552373088723725e-02
1.051065175792507134e+01,4.708998091017392307e-01,7.308155822898855514e-02,3.751208047479290819e-01,-2.771870623287947533e-01,-5.830060478689023939e-03,2.686063630893159027e-01,3.063385216126371380e-01,-2.407560335904580795e-01,-5.902804359122388461e-02
1.054391331412103661e+01,4.594526162731564223e-01,7.506201912042587132e-02,3.856848489519602019e-01,-2.648885576317182577e-01,-1.343623296573958140e-02,2.659582825853517574e-01,4.487399740568916995e-01,-2.101168401144767606e-01,-1.088474627586959731e-01
1.057717487031700188e+01,4.484478092242045744e-01,7.660059268138232069e-02,3.964315073917757948e-01,-2.473354825998560214e-01,-1.980768664906172247e-02,2.613654910906426654e-01,6.157698735389683931e-01,-1.656466648249741436e-01,-1.759229460192149042e-01
1.061043642651296715e+01,4.383826894397067631e-01,7.754735453281100255e-02,4.070972923655385989e-01,-2.239256291267204269e-01,-2.445556466723983191e-02,2.542553406749959444e-01,7.865360684539217662e-01,-1.076502189542062060e-01,-2.570920768494296405e-01
1.064369798270893241e+01,4.298578387483424912e-01,7.779105091275724526e-02,4.172640763433204114e-01,-1.950126553177883859e-01,-2.696891426356834431e-02,2.442629259673131381e-01,9.274038284557150069e-01,-4.123423863649872817e-02,-3.426361177423540849e-01
1.067695953890489768e+01,4.234145399066644444e-01,7.731697751012206465e-02,4.264395035708364867e-01,-1.622318400136539551e-01,-2.719859455845133334e-02,2.314621197048864765e-01,1.003099671227728473e+00,2.380993609435151648e-02,-4.178683516558953093e-01
1.071022109510086295e+01,4.193276832104559926e-01,7.623979862374374861e-02,4.342109150406054940e-01,-1.282833431483973441e-01,-2.538500320871910770e-02,2.164650226450771375e-01,9.933007774165946158e-01,7.629495348976456093e-02,-4.688002843045858681e-01
1.074348265129682822e+01,4.174785822279949432e-01,7.478025301741197950e-02,4.403869445321202392e-01,-9.615438075857755951e-02,-2.212321679251458978e-02,2.002760657027233826e-01,9.033302895383339415e-01,1.085630942885008193e-01,-4.885692778821073556e-01
1.077674420749279527e+01,4.174109792303999367e-01,7.319232081461179984e-02,4.450474090882772238e-01,-6.819100077040333996e-02,-1.816304828574938357e-02,1.839638736612812242e-01,7.607610052621578411e-01,1.195999933997681508e-01,-4.799377820031365260e-01
1.081000576368876054e+01,4.185287192238182907e-01,7.168512500096663187e-02,4.484770481269100273e-01,-4.554619090212475019e-02,-1.416705298950762804e-02,1.683491106893947320e-01,6.007598071825963615e-01,1.141740302736398149e-01,-4.524305837294255728e-01
1.084326731988472581e+01,4.202834542748374869e-01,7.038247156012973627e-02,4.510288766477075217e-01,-2.822658859664078923e-02,-1.056783643761632918e-02,1.538667830903017730e-01,4.511324558143471886e-01,9.926586028212880386e-02,-4.168921826081329329e-01
1.087652887608069108e+01,4.222684681331685397e-01,6.932851652847898949e-02,4.530161433793276071e-01,-1.553545584033916294e-02,-7.563579009277870968e-03,1.406161451704365517e-01,3.260793778374577734e-01,8.087073338606243222e-02,-3.813301810162935679e-01
1.090979043227665635e+01,4.242396212310300396e-01,6.851688942853073616e-02,4.546815038395543573e-01,-6.534773496068707610e-03,-5.188063551357424696e-03,1.284995126001195476e-01,2.288621575678088382e-01,6.284245261835205709e-02,-3.499345040851076227e-01
1.094305198847262162e+01,4.260818501779981560e-01,6.791617576217845453e-02,4.561918089815497068e-01,-3.108328101960322609e-04,-3.383103470762649501e-03,1.173374128253683590e-01,1.571358584478610987e-01,4.716069613434495378e-02,-3.243162404557880518e-01
1.097631354466858689e+01,4.277479263515835406e-01,6.748454289248995153e-02,4.576349477499705998e-01,3.918392876260889945e-03,-2.050787261930697714e-03,1.069249868857506947e-01,1.061744437260988549e-01,3.447520081547151422e-02,-3.046445131083874713e-01
1.100957510086455216e+01,4.292327888598901353e-01,6.718194224053530839e-02,4.590579069963522940e-01,6.752221642945976932e-03,-1.089705812180652433e-03,9.707151164027405521e-02,7.051639621901135968e-02,2.461217615191484132e-02,-2.899687461267789201e-01
1.104283665706051742e+01,4.305681247618928231e-01,6.697792759166960874e-02,4.605015841368444995e-01,8.609363027412109126e-03,-4.135087015668670318e-04,8.763536339701172295e-02,4.568466304684885154e-02,1.710908236087171214e-02,-2.789730741780153678e-01
1.107609821325648269e+01,4.317803036953193896e-01,6.684746508660976971e-02,4.619741910591574907e-01,9.791307617398992136e-03,4.844359663441766273e-05,7.851335447240748167e-02,2.883215118897169624e-02,1.154661578571812910e-02,-2.709918486811475069e-01
1.110935976945244796e+01,4.328774733677107633e-01,6.676766381787002658e-02,4.634564643695906483e-01,1.052736746145721547e-02,3.546081180929028243e-04,6.960814218989863633e-02,1.761434971015420417e-02,7.519803253993882601e-03,-2.655811283481597784e-01
1.114262132564841323e+01,4.338958241123123116e-01,6.672484669961731285e-02,4.649636461179120772e-01,1.096306898287835452e-02,5.486843136650598751e-04,6.084607122212704056e-02,9.752101854302553177e-03,4.581105812134643636e-03,-2.616469242114483063e-01
1.117588288184438028e+01,4.348735246978954194e-01,6.671207251614763578e-02,4.665130098619343357e-01,1.117610762916854128e-02,6.593575349128633079e-04,5.220257444357745413e-02,4.157179474671163048e-03,2.404838852833081353e-03,-2.584308592201917665e-01
1.120914443804034555e+01,4.357915937756082769e-01,6.671775600772811288e-02,4.680613230586239126e-01,1.123961750030533224e-02,7.086616789565569619e-04,4.365444612867896979e-02,7.269379407264977676e-04,8.588080863458509009e-04,-2.563865787394187246e-01
1.124240599423631082e+01,4.366542270091819944e-01,6.673391134541351022e-02,4.696003387841720667e-01,1.122446580350144885e-02,7.164881217639473832e-04,3.514694125031248007e-02,-1.394806360372329371e-03,-2.006765397772939351e-04,-2.554499307169386113e-01
1.127566755043227609e+01,4.375291030026211558e-01,6.676424283484205802e-02,4.711925729784240957e-01,1.114683064002930379e-02,6.953120509465282595e-04,2.666112167708512004e-02,-3.395378258036447355e-03,-9.956532944322053855e-04,-2.542696221512592558e-01
1.130892910662824136e+01,4.383944876639986887e-01,6.680356401793918764e-02,4.727984951358834564e-01,1.099859467402897195e-02,6.502541657550375831e-04,1.823213459809047698e-02,-4.896310804669354658e-03,-1.612417349967776867e-03,-2.528495371278768888e-01
1.134219066282420663e+01,4.391780160266236521e-01,6.683899847107976910e-02,4.743338542013688652e-01,1.082111280606445902e-02,5.880490303519225748e-04,9.840783500479677315e-03,-5.136279503388521510e-03,-2.003007121700120258e-03,-2.528248219462047586e-01
1.137545221902017190e+01,4.399881903035272046e-01,6.688237878330571817e-02,4.759210383593881488e-01,1.065691337534868666e-02,5.170078978763426036e-04,1.413440552293199204e-03,-5.329718272931286728e-03,-2.248735982168724359e-03,-2.533672416803701699e-01
1.140871377521613717e+01,4.408881862304703247e-01,6.694185837103194814e-02,4.776174478369519250e-01,1.046656335837692353e-02,4.384561138703335637e-04,-7.013993994257089470e-03,-6.619909785790829317e-03,-2.500559842248715071e-03,-2.518533659119179258e-01
1.144197533141210243e+01,4.416163233422061296e-01,6.698011230087796974e-02,4.791215986019494721e-01,1.021653637264408054e-02,3.506628744476825155e-04,-1.534062921455139894e-02,-7.105901353302484028e-03,-2.688862920886265877e-03,-2.506484702101300921e-01
1.147523688760806770e+01,4.422799756459241394e-01,6.701075869665951146e-02,4.805675910061886213e-01,9.993856684005208990e-03,2.595845835777210731e-04,-2.368791034891110092e-02,-5.451323211335859509e-03,-2.704918367412505534e-03,-2.542975769133651309e-01
1.150849844380403297e+01,4.435810303882448125e-01,6.713492919076413656e-02,4.827397305004890171e-01,9.853897385971643885e-03,1.707232858813023668e-04,-3.225729550455486150e-02,-6.499335120676247822e-03,-2.811496046158085300e-03,-2.525930591353651167e-01
1.154175999999999824e+01,4.440232583019305679e-01,6.713526099128319657e-02,4.839371111431685080e-01,9.561500683299639647e-03,7.255511610967761704e-05,-4.049118681119462382e-02,-8.790830499610586754e-03,-2.951400385275191381e-03,-2.475497916612369176e-01
